site,period,variable,n,bias,rmse,r,nme,std_obs,std_mod,pct_measured
AR-Bal,2012-2013,Qle,3133,-45.8395,100.3799,0.6217,0.643,113.383,61.0731,8.9
AR-Bal,2012-2013,Qh,3504,9.6125,56.7195,0.6991,0.7714,60.3636,77.7208,10.0
AR-Bal,2012-2013,NEE,2771,7.2279,13.9664,0.1676,1.5799,8.7418,9.7447,7.9
AR-CCa,2013-2020,Qle,85218,20.4194,91.6174,0.7592,0.6935,101.6083,137.1777,60.8
AR-CCa,2013-2020,Qh,109915,-33.7809,103.3792,0.2614,0.9702,84.0415,76.4309,78.4
AR-CCa,2013-2020,NEE,48960,-7.435,20.3971,0.6504,2.2221,9.227,23.6551,34.9
AR-CCg,2018-2024,Qle,56917,27.8954,101.1059,0.7603,0.6773,108.6166,149.4002,46.4
AR-CCg,2018-2024,Qh,71690,0.4058,64.4257,0.6529,0.8636,60.509,84.7811,58.4
AR-CCg,2018-2024,NEE,37979,-16.2055,27.8255,0.6167,3.3457,8.4112,26.8159,30.9
AR-TF1,2017-2017,Qle,15345,54.868,103.8382,0.385,1.9497,46.1103,94.9582,87.6
AR-TF1,2017-2017,Qh,15570,-38.7737,102.8789,0.6545,2.22,49.1131,119.9033,88.9
AR-TF1,2017-2017,NEE,10078,-0.8858,5.9377,0.896,2.4127,2.6394,8.1179,57.5
AR-TF2,2017-2017,Qle,10360,51.0682,89.8462,0.6113,1.4881,51.1289,93.1203,59.1
AR-TF2,2017-2017,Qh,10447,-35.6663,79.9465,0.7875,1.0446,72.7743,113.059,59.6
AR-TF2,2017-2017,NEE,6240,-3.0148,8.2105,0.8708,6.6895,1.2476,8.6987,35.6
AT-Mmg,2022-2024,Qle,40561,19.4879,53.8922,0.8964,0.5352,73.3639,104.0712,77.1
AT-Mmg,2022-2024,Qh,41692,-2.6961,50.6996,0.8939,0.3882,106.6621,78.7071,79.3
AT-Mmg,2022-2024,NEE,12197,-14.6717,22.0139,0.8006,3.4249,5.8913,20.7441,23.2
AT-Neu,2002-2019,Qle,156530,6.6812,40.5811,0.9021,0.3464,87.7743,92.1436,49.6
AT-Neu,2002-2019,Qh,159557,33.176,63.4266,0.7752,1.2145,46.2905,81.3517,50.6
AT-Neu,2002-2019,NEE,78127,-12.4756,19.1659,0.7355,1.5761,11.2893,20.6796,24.8
AT-Nsd,2019-2022,Qle,29255,-14.4725,83.1695,0.4984,0.7489,89.397,71.0391,41.7
AT-Nsd,2019-2022,Qh,36840,31.8525,76.5045,0.8245,0.6564,82.1547,119.4741,52.5
AT-Nsd,2019-2022,NEE,29668,0.4681,5.4505,0.0809,1.0173,4.939,2.6922,42.3
AT-PsM,2016-2019,Qle,18565,43.8352,75.2634,0.8359,0.7049,92.5521,111.4553,26.5
AT-PsM,2016-2019,Qh,25636,-3.8578,51.5171,0.8398,0.4552,88.0921,92.7358,36.6
AT-PsM,2016-2019,NEE,26333,-15.2525,27.4939,0.7699,6.3157,4.5095,26.1653,37.5
AT-Zoe,2015-2023,Qle,57175,8.6724,55.0234,0.7092,0.7313,62.0024,76.244,36.2
AT-Zoe,2015-2023,Qh,66982,27.5106,77.8124,0.7058,0.8317,81.8221,101.7682,42.5
AT-Zoe,2015-2023,NEE,26759,-5.683,15.6292,0.7766,2.1953,6.5211,19.0322,17.0
AU-APL,2018-2021,Qle,43113,-0.3874,53.5949,0.786,0.4877,84.6811,78.0343,61.5
AU-APL,2018-2021,Qh,52279,24.5208,91.7708,0.8481,0.8763,92.5443,152.0803,74.5
AU-APL,2018-2021,NEE,17706,-4.4281,9.0446,0.8797,1.1292,6.8245,13.1912,25.2
AU-ASM,2011-2025,Qle,200932,1.7362,40.7294,0.7725,0.5755,45.4723,63.7942,76.4
AU-ASM,2011-2025,Qh,207125,6.8419,40.3086,0.9622,0.2212,145.8507,141.1835,78.8
AU-ASM,2011-2025,NEE,139427,2.0841,3.2091,0.2137,1.424,2.4892,0.735,53.0
AU-Ade,2008-2008,Qle,14862,2.1977,54.6601,0.9007,0.3404,117.8564,125.1765,84.6
AU-Ade,2008-2008,Qh,15112,4.0339,40.047,0.9303,0.2801,106.7366,106.6181,86.0
AU-Ade,2008-2008,NEE,10512,5.3121,11.224,0.726,2.21,5.7913,13.2544,59.8
AU-Boy,2018-2024,Qle,101718,5.8984,42.7574,0.71,0.6984,45.449,60.0042,82.9
AU-Boy,2018-2024,Qh,103467,26.0257,62.6382,0.9414,0.3434,154.8356,168.4917,84.3
AU-Boy,2018-2024,NEE,58528,7.3347,13.9252,0.3164,3.2357,4.5685,12.4603,47.7
AU-Col,2018-2018,Qle,13284,12.5134,50.069,0.7423,0.5664,66.7477,68.247,75.8
AU-Col,2018-2018,Qh,14594,5.0876,90.9908,0.8368,0.8435,102.6844,157.2877,83.3
AU-Col,2018-2018,NEE,6785,5.8964,10.7964,0.4728,1.7923,6.5129,10.0695,38.7
AU-Cow,2009-2024,Qle,186394,1.0691,89.5695,0.6872,0.6214,109.1456,116.6433,66.4
AU-Cow,2009-2024,Qh,189390,16.2216,64.7634,0.731,0.8055,65.8528,91.8576,67.5
AU-Cow,2009-2024,NEE,124438,-13.4888,35.8792,0.624,3.9006,10.3832,38.7211,44.4
AU-Cpr,2011-2025,Qle,223070,-0.7195,34.71,0.6553,0.7622,32.2659,45.8494,84.8
AU-Cpr,2011-2025,Qh,227389,12.8497,38.2089,0.9579,0.2612,120.6289,125.3449,86.5
AU-Cpr,2011-2025,NEE,129569,2.7039,3.6784,0.121,1.6159,2.2751,1.3333,49.3
AU-Ctr,2010-2017,Qle,99900,-15.4258,78.6044,0.7773,0.5072,121.7803,103.0041,71.2
AU-Ctr,2010-2017,Qh,100610,40.8222,81.003,0.8849,0.885,88.0884,134.6228,71.7
AU-Ctr,2010-2017,NEE,53698,-16.6296,38.019,0.7457,3.0823,13.0661,42.8057,38.3
AU-Cum,2014-2025,Qle,150741,7.5361,52.5529,0.8413,0.4511,81.1763,96.214,71.7
AU-Cum,2014-2025,Qh,165652,2.9688,44.9957,0.9205,0.3279,113.1944,96.5186,78.7
AU-Cum,2014-2025,NEE,116109,3.7838,8.0716,0.5995,0.9037,8.5167,7.1963,55.2
AU-DaP,2008-2012,Qle,59816,18.1715,53.1347,0.9272,0.4043,107.5553,129.2411,68.2
AU-DaP,2008-2012,Qh,60367,5.1679,37.1183,0.9472,0.2455,105.7213,114.3431,68.8
AU-DaP,2008-2012,NEE,36045,8.3712,13.4471,0.7596,2.4052,7.2231,14.9035,41.1
AU-DaS,2008-2025,Qle,243233,-5.1927,61.0374,0.8479,0.4367,105.7218,113.2308,77.1
AU-DaS,2008-2025,Qh,246259,25.5565,59.4767,0.9102,0.4339,103.7924,126.6756,78.0
AU-DaS,2008-2025,NEE,131311,8.2745,12.2558,0.5523,2.1647,6.6357,10.8157,41.6
AU-Dry,2010-2024,Qle,188115,-10.5955,63.1191,0.8016,0.539,92.2486,102.7489,71.5
AU-Dry,2010-2024,Qh,190791,40.9735,68.1353,0.9418,0.4991,110.0372,143.582,72.5
AU-Dry,2010-2024,NEE,109488,11.6636,13.3758,0.5062,2.9353,5.1618,7.4147,41.6
AU-Emr,2012-2013,Qle,29461,12.6433,61.8004,0.6991,0.8814,48.9377,83.5575,84.0
AU-Emr,2012-2013,Qh,29772,23.1466,64.3535,0.9224,0.487,97.4141,136.6423,84.8
AU-Emr,2012-2013,NEE,16449,2.7822,9.1717,0.1876,3.1751,3.3596,8.7227,46.9
AU-Fle,2023-2025,Qle,45448,6.374,50.1299,0.8631,0.4784,75.7466,97.1429,86.4
AU-Fle,2023-2025,Qh,46129,-0.5388,47.2668,0.9329,0.2626,126.9448,130.4687,87.7
AU-Fle,2023-2025,NEE,27317,4.2657,10.6924,0.611,1.8898,6.1642,12.2708,51.9
AU-Fog,2007-2007,Qle,8817,15.146,106.3979,0.7089,0.8194,109.1255,149.2405,50.3
AU-Fog,2007-2007,Qh,10062,-6.2843,68.9804,0.6717,0.7505,81.8554,87.2518,57.4
AU-Fog,2007-2007,NEE,7084,-2.9079,17.3719,0.6902,4.2602,3.9301,19.6014,40.4
AU-GWW,2013-2024,Qle,131165,2.3595,32.803,0.6449,0.7614,34.0742,41.7818,62.3
AU-GWW,2013-2024,Qh,135943,20.595,76.8189,0.9494,0.475,126.1065,182.2255,64.6
AU-GWW,2013-2024,NEE,71395,8.2871,9.1604,0.1653,4.274,2.5315,3.4191,33.9
AU-Gin,2012-2024,Qle,170406,2.207,42.8031,0.805,0.492,62.3675,71.6129,74.8
AU-Gin,2012-2024,Qh,174226,16.6118,49.4015,0.9672,0.2636,150.9252,172.2932,76.4
AU-Gin,2012-2024,NEE,96786,8.5394,13.1772,0.3991,2.8893,4.763,10.9369,42.5
AU-How,2002-2024,Qle,304468,-7.4583,59.9898,0.8995,0.3224,132.2262,133.2433,75.5
AU-How,2002-2024,Qh,309164,4.426,42.7188,0.8982,0.3549,95.2399,92.811,76.7
AU-How,2002-2024,NEE,169316,0.9119,13.2056,0.7234,1.6279,8.2317,17.8404,42.0
AU-Lit,2016-2024,Qle,113950,-41.8041,86.4576,0.8334,0.5015,126.3911,76.2214,72.2
AU-Lit,2016-2024,Qh,115915,38.2876,96.7444,0.8826,0.8509,91.0418,158.2188,73.4
AU-Lit,2016-2024,NEE,43954,13.629,16.756,0.6239,2.6617,7.0345,12.4383,27.9
AU-Lon,2019-2024,Qle,75010,-9.2554,53.2502,0.606,0.7183,54.0384,62.7846,71.3
AU-Lon,2019-2024,Qh,76254,13.598,40.7498,0.9453,0.2837,117.0073,114.9504,72.5
AU-Lon,2019-2024,NEE,45847,1.0269,3.7103,0.2505,0.8857,3.5985,0.1433,43.6
AU-Lox,2008-2009,Qle,13179,-111.3682,191.3009,0.3115,0.8843,161.6134,25.6746,37.6
AU-Lox,2008-2009,Qh,13397,95.6665,161.5795,0.4179,1.7837,80.2769,141.423,38.2
AU-Lox,2008-2009,NEE,5117,13.6738,17.4422,-0.088,1.5693,10.13,3.0374,14.6
AU-MvA,2024-2024,Qle,14883,6.2357,51.0432,0.741,0.7224,53.0648,75.3316,84.7
AU-MvA,2024-2024,Qh,15523,27.9179,67.1169,0.9361,0.4879,97.6856,141.9014,88.4
AU-MvA,2024-2024,NEE,9352,8.1145,12.3061,0.0177,6.4952,2.6315,8.9162,53.2
AU-MvB,2024-2024,Qle,14322,-22.5166,101.7876,0.5556,0.6125,117.33,83.559,81.5
AU-MvB,2024-2024,Qh,14401,45.4273,108.4139,0.5812,1.06,85.4817,119.3359,82.0
AU-MvB,2024-2024,NEE,8931,11.9466,17.5552,0.2468,1.251,12.5292,7.3407,50.8
AU-Otw,2008-2010,Qle,19183,3.7588,44.9969,0.861,0.4325,84.7344,85.3175,72.9
AU-Otw,2008-2010,Qh,22494,16.7841,50.5501,0.9361,0.4973,85.9865,117.346,85.5
AU-Otw,2008-2010,NEE,12184,-4.1734,12.6428,0.7455,1.2744,8.2885,16.7582,46.3
AU-RDF,2012-2012,Qle,14104,2.8988,67.8587,0.7512,0.5839,82.1505,102.4058,80.3
AU-RDF,2012-2012,Qh,14315,17.3074,55.4221,0.9278,0.3462,111.3302,135.6264,81.5
AU-RDF,2012-2012,NEE,7883,4.0307,8.7411,0.214,2.4717,4.7059,7.2542,44.9
AU-Rgf,2016-2024,Qle,100773,16.0191,49.3572,0.7796,0.7731,47.8978,73.1132,63.9
AU-Rgf,2016-2024,Qh,105594,14.9215,54.1219,0.93,0.3939,107.1628,133.6506,66.9
AU-Rgf,2016-2024,NEE,66390,3.091,10.0425,0.6063,3.725,3.7393,11.3477,42.1
AU-Rig,2011-2016,Qle,77737,-1.3637,47.4684,0.7453,0.5904,57.5267,70.8099,73.9
AU-Rig,2011-2016,Qh,78369,19.6286,49.494,0.9299,0.3716,107.2078,122.2631,74.5
AU-Rig,2011-2016,NEE,49755,3.756,14.0969,0.6535,2.6141,5.5546,16.5501,47.3
AU-Rob,2014-2024,Qle,142513,-10.7522,66.7102,0.8148,0.4348,113.1107,98.101,73.9
AU-Rob,2014-2024,Qh,145176,58.3833,103.91,0.8974,0.9815,88.6224,156.0736,75.3
AU-Rob,2014-2024,NEE,87527,-21.8002,41.4691,0.6877,3.619,11.8907,42.382,45.4
AU-Sam,2011-2017,Qle,75608,14.0664,41.7732,0.8896,0.4314,78.4117,86.0226,61.6
AU-Sam,2011-2017,Qh,90293,39.0946,75.6168,0.9254,0.7519,75.9177,128.2301,73.6
AU-Sam,2011-2017,NEE,41275,3.3658,9.4364,0.7003,1.5135,6.5824,12.0688,33.6
AU-Sil,2020-2024,Qle,81652,9.5766,35.8984,0.8645,0.447,65.9413,66.9348,93.1
AU-Sil,2020-2024,Qh,81936,33.0769,76.1228,0.8532,1.0672,55.2263,109.334,93.4
AU-Sil,2020-2024,NEE,53427,-2.7933,6.9955,0.6794,1.3362,5.1027,8.6742,60.9
AU-Sno,2024-2024,Qle,14300,-3.568,59.116,0.7653,0.472,91.0089,76.7776,81.4
AU-Sno,2024-2024,Qh,14178,19.6106,77.587,0.9046,0.4651,137.8991,171.4309,80.7
AU-Sno,2024-2024,NEE,6206,-5.1233,9.6048,0.8944,1.1638,7.2763,13.9516,35.3
AU-Stp,2009-2024,Qle,216380,2.6372,48.5538,0.8412,0.5078,70.058,89.1829,77.1
AU-Stp,2009-2024,Qh,221594,27.5397,59.4319,0.9562,0.393,109.1714,146.2542,79.0
AU-Stp,2009-2024,NEE,138901,6.7357,7.9108,0.4842,4.528,2.5288,4.7338,49.5
AU-TTE,2013-2025,Qle,140515,0.494,50.6283,0.7264,0.7641,42.0381,72.1122,61.7
AU-TTE,2013-2025,Qh,144596,10.0461,44.6326,0.9537,0.2325,136.225,144.5243,63.4
AU-TTE,2013-2025,NEE,0,,,,,,,
AU-Tum,2002-2021,Qle,73016,-28.4963,76.0555,0.8218,0.4985,117.1503,73.543,41.6
AU-Tum,2002-2021,Qh,75193,53.6609,117.0512,0.9008,0.8786,117.8479,196.7314,42.9
AU-Tum,2002-2021,NEE,0,,,,,,,
AU-Wac,2006-2008,Qle,32676,-0.7065,85.515,0.5168,0.7507,90.5733,82.8517,62.1
AU-Wac,2006-2008,Qh,34158,45.5313,102.149,0.7312,0.8896,107.841,133.1742,64.9
AU-Wac,2006-2008,NEE,21019,-7.0508,21.6824,0.5153,2.0081,11.2509,23.8931,40.0
AU-Wel,2024-2025,Qle,24136,7.1861,45.1772,0.8779,0.4322,77.8435,92.8263,68.8
AU-Wel,2024-2025,Qh,24244,18.1192,41.2664,0.9399,0.3622,97.0541,107.8556,69.1
AU-Wel,2024-2025,NEE,13426,4.2565,7.9295,0.584,1.1316,6.9706,7.6411,38.3
AU-Wgt,2024-2025,Qle,15159,-0.5824,33.2999,0.8837,0.3473,70.9413,60.2513,43.2
AU-Wgt,2024-2025,Qh,14689,38.8675,73.8099,0.9587,0.8973,63.4926,120.9578,41.9
AU-Wgt,2024-2025,NEE,10992,-2.0301,6.4374,0.6435,1.4017,4.5528,7.9471,31.3
AU-Whr,2012-2025,Qle,130641,-19.8796,55.5459,0.5552,0.6678,61.7453,41.5507,53.2
AU-Whr,2012-2025,Qh,133957,27.369,79.5484,0.9013,0.4203,136.7033,168.7279,54.6
AU-Whr,2012-2025,NEE,68397,9.201,11.3549,0.2404,2.194,5.1864,5.5976,27.9
AU-Wom,2011-2025,Qle,121497,-32.4909,64.5832,0.8642,0.505,99.0228,60.4093,46.2
AU-Wom,2011-2025,Qh,126583,42.5097,87.5795,0.9309,0.5773,126.7273,178.9529,48.1
AU-Wom,2011-2025,NEE,52599,-1.6805,12.5803,0.7299,1.1508,9.9453,17.7096,20.0
AU-Wrr,2015-2020,Qle,67466,9.06,70.6574,0.6047,0.7059,79.7416,77.827,64.1
AU-Wrr,2015-2020,Qh,64727,37.999,97.2962,0.7944,1.1921,78.3634,138.1216,61.5
AU-Wrr,2015-2020,NEE,47482,-11.7014,22.0271,0.7087,1.7584,12.0848,25.1644,45.1
AU-Ya1,2023-2024,Qle,23745,14.5193,49.7082,0.8408,0.5539,69.6956,87.5264,67.7
AU-Ya1,2023-2024,Qh,23993,16.9637,40.3618,0.9293,0.3805,86.2814,98.2554,68.4
AU-Ya1,2023-2024,NEE,15818,3.3589,7.525,0.4351,1.2466,6.1291,6.5258,45.1
AU-Ya2,2023-2024,Qle,21406,7.7626,54.4994,0.8216,0.5352,79.0032,94.6012,61.0
AU-Ya2,2023-2024,Qh,21517,23.7556,54.9185,0.8568,0.5963,75.7284,95.3388,61.3
AU-Ya2,2023-2024,NEE,13921,2.5246,6.5496,0.4771,1.0141,6.3129,5.4084,39.7
AU-Ync,2013-2024,Qle,158437,7.6741,49.0939,0.6775,0.729,51.0531,65.2691,75.3
AU-Ync,2013-2024,Qh,178606,17.5625,58.9611,0.9201,0.445,105.7189,135.4094,84.9
AU-Ync,2013-2024,NEE,103948,6.0914,13.0874,0.5393,4.3698,3.6531,13.1373,49.4
BE-Bra,2000-2023,Qle,286912,16.2926,42.8369,0.7605,0.6919,53.785,59.6108,68.2
BE-Bra,2000-2023,Qh,313107,-3.0759,57.1144,0.8012,0.6047,92.9023,87.1464,74.4
BE-Bra,2000-2023,NEE,205652,1.2898,8.3113,0.6602,1.1081,7.7432,10.9075,48.9
BE-Dor,2011-2024,Qle,91580,24.3174,49.4661,0.8817,0.593,71.2193,89.7414,37.3
BE-Dor,2011-2024,Qh,182528,9.4113,37.0817,0.7431,0.6373,46.7671,52.2733,74.4
BE-Dor,2011-2024,NEE,119833,-4.9842,12.252,0.7318,1.0446,8.1083,15.6666,48.8
BE-Lcr,2019-2022,Qle,56911,22.9065,55.5539,0.7748,0.7156,69.087,79.1087,81.2
BE-Lcr,2019-2022,Qh,57108,16.2984,52.7829,0.6719,0.9193,52.8921,66.9407,81.4
BE-Lcr,2019-2022,NEE,31087,-2.1134,8.9694,0.6289,0.8403,9.3397,10.6968,44.3
BE-Lon,2005-2024,Qle,186778,32.0731,61.6125,0.8479,0.7517,69.4959,96.4725,53.3
BE-Lon,2005-2024,Qh,257034,-2.8072,37.3553,0.7347,0.6688,49.9134,52.1975,73.3
BE-Lon,2005-2024,NEE,145828,-4.4295,11.8353,0.6065,1.2011,8.8122,13.7919,41.6
BE-Maa,2016-2025,Qle,122921,8.8646,32.8493,0.8499,0.4745,55.2298,59.3344,70.1
BE-Maa,2016-2025,Qh,129541,11.0338,38.089,0.9234,0.362,94.8961,88.8497,73.9
BE-Maa,2016-2025,NEE,91159,2.1716,9.1207,0.7043,3.0268,3.2531,10.8433,52.0
BE-Vie,1997-2024,Qle,210110,22.652,53.6939,0.833,0.6124,68.2631,87.5832,42.8
BE-Vie,1997-2024,Qh,295829,-5.415,58.1801,0.8177,0.5037,100.3384,77.7044,60.3
BE-Vie,1997-2024,NEE,174570,-10.3061,21.0538,0.8094,2.2946,7.9547,24.1935,35.6
BJ-Bfg,2009-2016,Qle,74660,-17.1354,77.0223,0.8128,0.41,127.5528,114.4978,53.2
BJ-Bfg,2009-2016,Qh,83984,14.6622,51.0706,0.8525,0.4323,86.0976,92.5559,59.9
BJ-Bfg,2009-2016,NEE,37964,-0.7758,18.5403,0.6246,1.9505,9.5455,22.9195,27.1
BJ-Db1,2023-2024,Qle,25166,-7.0531,52.893,0.91,0.2736,122.5268,124.372,71.7
BJ-Db1,2023-2024,Qh,29595,2.3932,29.2519,0.9111,0.3476,70.281,60.723,84.3
BJ-Db1,2023-2024,NEE,19502,-20.6322,50.0817,0.7806,3.631,11.0012,53.7013,55.6
BJ-Nhu,2008-2016,Qle,89034,16.6962,77.0203,0.7804,0.5409,102.899,119.2039,56.4
BJ-Nhu,2008-2016,Qh,104491,-9.604,47.2377,0.8817,0.3247,96.3762,76.5406,66.2
BJ-Nhu,2008-2016,NEE,64640,-1.6319,9.9502,0.7686,1.2403,7.9409,14.5025,41.0
BR-CST,2014-2015,Qle,3009,-6.0713,85.4086,0.5701,0.756,91.2217,92.5058,8.6
BR-CST,2014-2015,Qh,6641,-0.6204,118.1765,0.7497,0.5219,177.5653,145.7203,19.0
BR-CST,2014-2015,NEE,11877,8.4003,10.5929,-0.017,2.0977,6.135,1.9,33.9
BR-ITA,2021-2023,Qle,31137,2.542,60.5968,0.7924,0.4607,89.7342,96.9919,59.2
BR-ITA,2021-2023,Qh,35286,18.007,73.7842,0.83,0.6297,85.9255,124.4561,67.1
BR-ITA,2021-2023,NEE,21931,-10.7211,28.296,0.7614,4.9065,6.0485,30.4962,41.7
BR-Ji3,2004-2009,Qle,43558,6.2455,155.1622,0.5909,0.6375,169.7455,172.9708,41.4
BR-Ji3,2004-2009,Qh,50472,1.28,110.4094,0.4795,1.4706,58.1528,125.7858,48.0
BR-Ji3,2004-2009,NEE,37747,5.2648,33.7927,0.2031,2.107,18.0052,32.0006,35.9
BR-Ma2,2000-2016,Qle,157579,-4.9606,82.6494,0.8426,0.3765,152.7563,122.3579,52.9
BR-Ma2,2000-2016,Qh,209969,22.5368,74.8555,0.8029,1.031,63.4909,111.5047,70.4
BR-Ma2,2000-2016,NEE,71793,-17.4376,36.7482,0.7325,2.5511,15.6525,42.007,24.1
BR-Ma3,2009-2017,Qle,67979,-33.4883,113.4241,0.7849,0.449,172.447,117.2437,43.1
BR-Ma3,2009-2017,Qh,73307,34.8118,91.4049,0.7448,1.44,52.3112,115.9321,46.5
BR-Ma3,2009-2017,NEE,38924,-13.444,38.3081,0.5763,3.0162,13.9437,42.0496,24.7
BR-Npw,2014-2016,Qle,36690,-22.9194,72.2447,0.8874,0.3449,141.7512,105.2362,69.7
BR-Npw,2014-2016,Qh,39482,44.7981,76.1985,0.8292,1.22,54.5719,98.8176,75.0
BR-Npw,2014-2016,NEE,21012,1.2003,15.7125,0.6786,1.642,10.294,20.7069,39.9
BR-SM1,2015-2016,Qle,10069,30.1982,99.4159,0.7752,0.9291,83.4164,143.3645,28.7
BR-SM1,2015-2016,Qh,13116,15.1336,48.2762,0.6197,1.6048,26.7173,57.3225,37.4
BR-SM1,2015-2016,NEE,7804,-10.3679,28.3459,0.5671,6.141,5.5195,29.1172,22.2
BR-Sa1,2002-2011,Qle,96096,-15.469,83.7088,0.8222,0.4035,144.4744,116.3015,54.8
BR-Sa1,2002-2011,Qh,100088,41.7267,92.1145,0.8504,1.362,54.2124,123.1152,57.1
BR-Sa1,2002-2011,NEE,36971,-28.8279,42.3993,0.7837,4.1693,10.9678,38.9317,21.1
BR-Sa3,2001-2003,Qle,38694,-20.6798,83.5459,0.8299,0.397,139.9755,94.8709,73.6
BR-Sa3,2001-2003,Qh,39829,28.8929,92.0459,0.8649,1.4022,55.8755,131.0985,75.8
BR-Sa3,2001-2003,NEE,25786,-9.3897,33.6734,0.7069,2.7685,12.5944,39.9896,49.1
BR-Xpw,2018-2021,Qle,60584,-3.7425,60.6606,0.8653,0.4218,106.7372,120.6944,86.4
BR-Xpw,2018-2021,Qh,63466,28.3872,52.8676,0.9371,0.5921,67.8914,101.4102,90.5
BR-Xpw,2018-2021,NEE,35869,20.2921,25.0038,0.3656,4.7224,7.0979,15.625,51.1
BW-Gum,2018-2019,Qle,21481,-3.9984,108.249,0.6525,0.8013,103.2632,142.0695,61.3
BW-Gum,2018-2019,Qh,22086,26.4014,82.7791,0.6285,0.9853,64.8275,100.8546,63.0
BW-Gum,2018-2019,NEE,11605,-9.607,24.5356,0.315,3.1359,6.4054,23.76,33.1
BW-Nxr,2019-2019,Qle,9109,41.7405,110.0101,0.7795,1.0936,81.0741,151.4121,52.0
BW-Nxr,2019-2019,Qh,9525,-25.8084,103.1169,0.6047,0.6131,115.6784,108.4116,54.4
BW-Nxr,2019-2019,NEE,6338,10.5186,17.105,0.4446,3.1841,7.2151,15.047,36.2
CA-ARB,2012-2023,Qle,114758,12.2987,30.7245,0.8902,0.4421,55.9022,61.7652,54.5
CA-ARB,2012-2023,Qh,121246,25.1701,75.445,0.828,1.0681,62.1092,113.4375,57.6
CA-ARB,2012-2023,NEE,72555,-1.5847,7.6659,0.8406,3.7402,1.9241,9.045,34.5
CA-ARF,2012-2023,Qle,138351,14.9285,36.7105,0.8399,0.5432,55.1449,61.4583,65.8
CA-ARF,2012-2023,Qh,131789,19.6254,72.7244,0.8256,1.0049,60.7309,111.2043,62.6
CA-ARF,2012-2023,NEE,111676,-0.6185,7.2112,0.7312,3.1708,2.4658,8.788,53.1
CA-BOU,2019-2019,Qle,10866,23.2793,45.1236,0.7993,1.0808,35.3729,60.5605,62.0
CA-BOU,2019-2019,Qh,10838,45.1514,108.2756,0.5179,1.4647,62.1708,115.0033,61.9
CA-BOU,2019-2019,NEE,5615,-8.0828,17.3915,0.7574,8.5328,2.2154,17.009,32.0
CA-CF1,2007-2008,Qle,7918,-12.2464,46.1188,0.7506,0.5246,66.2319,57.5678,22.6
CA-CF1,2007-2008,Qh,8025,33.9234,88.6507,0.9013,1.3471,54.6101,127.6346,22.9
CA-CF1,2007-2008,NEE,6070,-1.0205,9.6914,0.5908,7.4743,1.4142,10.4051,17.3
CA-CF2,2009-2010,Qle,5087,-16.6421,40.6279,0.7893,0.5233,60.364,47.8555,14.5
CA-CF2,2009-2010,Qh,5153,51.1764,115.9822,0.7502,1.8561,51.2901,136.8807,14.7
CA-CF2,2009-2010,NEE,0,,,,,,,
CA-CF3,2023-2025,Qle,28552,-3.2682,24.2436,0.8797,0.3651,46.6359,31.7951,54.3
CA-CF3,2023-2025,Qh,34675,64.1907,125.6962,0.6651,2.8798,39.881,130.4096,65.9
CA-CF3,2023-2025,NEE,24232,1.2585,4.1153,0.7419,3.4853,1.2439,4.7513,46.1
CA-Ca1,1998-2010,Qle,212425,-3.7774,84.4972,0.5164,0.8992,44.4216,98.2944,93.2
CA-Ca1,1998-2010,Qh,218495,9.1247,75.2077,0.7373,0.5505,97.0928,107.2321,95.9
CA-Ca1,1998-2010,NEE,64935,-0.0992,8.9634,0.7577,0.9242,8.8546,13.5601,28.5
CA-Ca2,2001-2010,Qle,155348,11.2982,36.253,0.8675,0.5523,44.5436,65.0217,88.6
CA-Ca2,2001-2010,Qh,161311,5.8738,28.7873,0.9232,0.3573,70.0022,73.0443,92.0
CA-Ca2,2001-2010,NEE,57373,-6.0676,10.3784,0.6236,2.8648,3.7525,10.2325,32.7
CA-Ca3,2011-2024,Qle,210315,7.2545,35.1071,0.8067,0.5277,49.5605,57.9264,85.7
CA-Ca3,2011-2024,Qh,220353,12.751,47.3137,0.9145,0.4429,102.6713,112.637,89.8
CA-Ca3,2011-2024,NEE,0,,,,,,,
CA-Cbo,1996-2024,Qle,244933,16.6504,57.1248,0.8117,0.6576,71.883,93.3257,48.2
CA-Cbo,1996-2024,Qh,362763,-16.9554,64.5345,0.7745,0.5756,98.4286,76.9391,71.3
CA-Cbo,1996-2024,NEE,150979,-2.9308,11.2235,0.8198,1.4007,7.8456,16.2901,29.7
CA-DB2,2020-2024,Qle,62368,2.9509,30.5337,0.8638,0.3996,58.8685,57.464,71.1
CA-DB2,2020-2024,Qh,69142,6.7903,37.3504,0.9156,0.3226,89.498,89.2857,78.8
CA-DB2,2020-2024,NEE,45439,0.3196,6.4305,0.5128,2.8182,2.9057,7.4082,51.8
CA-DBB,2016-2024,Qle,82280,-3.656,44.3536,0.8092,0.4294,75.2107,62.0368,52.1
CA-DBB,2016-2024,Qh,91629,24.7512,57.6755,0.9249,0.6155,69.1787,108.9486,58.1
CA-DBB,2016-2024,NEE,57416,1.0747,6.8488,0.3887,3.2049,2.7632,7.3407,36.4
CA-DSM,2022-2024,Qle,37886,13.1902,57.0855,0.8204,0.4815,90.2725,94.5767,72.0
CA-DSM,2022-2024,Qh,44847,6.2211,32.9662,0.9234,0.3412,79.9918,84.1516,85.2
CA-DSM,2022-2024,NEE,26600,-4.1818,10.231,0.6095,1.194,7.6182,11.7647,50.6
CA-EM1,2022-2023,Qle,22952,-12.3306,51.3736,0.7538,0.6056,66.2818,74.2634,65.5
CA-EM1,2022-2023,Qh,23255,51.3941,104.43,0.5119,2.3619,43.973,105.1987,66.4
CA-EM1,2022-2023,NEE,16192,0.6451,7.1723,0.2303,1.377,4.8864,6.4557,46.2
CA-EM2,2022-2023,Qle,23524,-19.8123,54.4381,0.7055,0.5528,71.2694,54.6886,67.1
CA-EM2,2022-2023,Qh,24761,25.1626,70.3846,0.7353,0.7089,75.4369,96.7767,70.7
CA-EM2,2022-2023,NEE,16986,2.7939,6.9655,0.0028,1.1824,5.1662,3.7594,48.5
CA-Gro,2004-2013,Qle,148842,10.3961,42.4578,0.7966,0.6077,59.0461,67.5422,84.9
CA-Gro,2004-2013,Qh,154547,-8.2549,60.4508,0.856,0.7193,87.5527,114.1606,88.1
CA-Gro,2004-2013,NEE,83694,-4.1948,13.8806,0.8449,2.3874,5.3146,17.4125,47.7
CA-HPC,2018-2018,Qle,8144,24.7545,52.493,0.7213,1.4101,30.3777,63.1445,46.5
CA-HPC,2018-2018,Qh,8402,-24.678,58.065,0.7079,0.6517,70.1884,67.1552,48.0
CA-HPC,2018-2018,NEE,5741,-6.3553,13.204,0.6328,4.0095,2.8781,13.1786,32.8
CA-KLP,2012-2019,Qle,84793,14.6508,31.688,0.9029,0.4902,53.1958,64.3548,60.5
CA-KLP,2012-2019,Qh,85360,32.1151,79.6297,0.8454,0.9274,70.5159,121.9939,60.9
CA-KLP,2012-2019,NEE,48983,-1.5292,10.2897,0.892,5.8459,1.7492,11.7049,34.9
CA-LP1,2008-2023,Qle,98750,8.1191,33.6609,0.7823,0.5856,47.6945,50.8935,35.2
CA-LP1,2008-2023,Qh,215359,3.4372,51.4691,0.8652,0.5264,88.1423,102.4164,76.8
CA-LP1,2008-2023,NEE,0,,,,,,,
CA-LU1,2021-2022,Qle,17416,2.3169,31.3949,0.8521,0.5226,49.5607,59.7654,49.7
CA-LU1,2021-2022,Qh,18284,41.8198,98.3078,0.7306,1.3295,61.7599,123.4641,52.2
CA-LU1,2021-2022,NEE,10319,1.7119,7.2043,0.5874,4.6767,1.5805,7.8084,29.4
CA-LU2,2021-2022,Qle,14227,14.4471,40.2175,0.8551,0.6419,48.7646,69.4418,40.6
CA-LU2,2021-2022,Qh,18164,42.272,98.5739,0.7208,1.1457,68.9981,124.852,51.8
CA-LU2,2021-2022,NEE,11369,1.2761,8.1655,0.4647,3.6111,2.474,8.9116,32.4
CA-MA1,2010-2010,Qle,9160,28.8251,67.9703,0.7801,0.879,61.0508,95.8915,52.3
CA-MA1,2010-2010,Qh,9378,39.2069,100.7039,0.6384,1.2222,70.045,120.2032,53.5
CA-MA1,2010-2010,NEE,5244,-3.441,11.3294,0.1953,3.0614,4.4364,10.7451,29.9
CA-MA2,2010-2010,Qle,4749,28.284,47.7256,0.8818,0.6117,66.6439,80.9043,27.1
CA-MA2,2010-2010,Qh,5045,62.4908,100.2872,0.8105,1.4909,65.1774,121.3424,28.8
CA-MA2,2010-2010,NEE,2532,-3.9586,13.2524,0.549,2.0241,7.081,15.0646,14.5
CA-MA3,2010-2010,Qle,5438,49.1217,74.2268,0.9131,0.9595,67.7177,110.1472,31.0
CA-MA3,2010-2010,Qh,5594,45.3498,64.0248,0.8631,1.2702,51.8761,81.5993,31.9
CA-MA3,2010-2010,NEE,2927,-4.4784,12.1254,0.7916,1.5066,6.4347,15.6534,16.7
CA-Man,1995-2007,Qle,149496,-13.8015,40.5354,0.6799,0.8815,43.6398,50.368,65.6
CA-Man,1995-2007,Qh,166977,16.793,65.3943,0.8706,0.6464,102.0746,127.2515,73.3
CA-Man,1995-2007,NEE,72130,1.3219,5.3842,0.7868,1.5269,3.1449,7.3196,31.6
CA-Mer,1999-2020,Qle,294406,9.7301,30.5861,0.9242,0.3478,71.3232,75.8789,76.3
CA-Mer,1999-2020,Qh,341196,10.9107,52.4568,0.8258,0.6712,66.6052,89.9476,88.5
CA-Mer,1999-2020,NEE,175211,-3.2442,11.8483,0.8527,3.1749,3.1527,13.9643,45.4
CA-Mtk,2024-2024,Qle,4963,-0.5068,12.3212,0.9146,0.4847,21.2196,28.2373,28.3
CA-Mtk,2024-2024,Qh,4658,5.6385,13.9868,0.9047,0.5294,30.0126,26.5666,26.5
CA-Mtk,2024-2024,NEE,3253,2.2955,3.3261,0.0659,2.8238,1.2958,2.1157,18.5
CA-Na1,2004-2005,Qle,26542,3.4214,50.5789,0.7732,0.5717,75.5142,74.3037,75.6
CA-Na1,2004-2005,Qh,28199,-8.6769,55.7277,0.85,0.5267,96.6884,103.0436,80.4
CA-Na1,2004-2005,NEE,11351,-6.7479,16.5302,0.826,2.5379,5.9225,19.608,32.4
CA-Ojp,2000-2010,Qle,163538,10.6589,34.0736,0.7815,0.7064,39.2461,51.8299,84.8
CA-Ojp,2000-2010,Qh,172310,-10.4725,51.3741,0.8672,0.5046,97.0708,98.081,89.3
CA-Ojp,2000-2010,NEE,0,,,,,,,
CA-PB1,2017-2023,Qle,30974,4.5233,34.8507,0.719,0.7054,41.9322,48.7134,25.2
CA-PB1,2017-2023,Qh,34373,32.6545,73.09,0.6462,1.1377,64.305,84.7636,28.0
CA-PB1,2017-2023,NEE,24375,-2.322,9.0813,0.5578,6.0945,1.1658,9.3761,19.9
CA-PB2,2018-2023,Qle,43179,15.8738,31.326,0.8639,0.8201,38.8308,52.1671,41.1
CA-PB2,2018-2023,Qh,44232,36.0442,81.7874,0.7836,1.4064,49.8686,105.6354,42.1
CA-PB2,2018-2023,NEE,32663,-3.364,10.2477,0.856,7.4176,1.3355,10.7984,31.1
CA-Qc2,2008-2009,Qle,26859,-2.4669,36.4501,0.8123,0.4993,62.0664,53.9367,76.5
CA-Qc2,2008-2009,Qh,31620,15.9853,64.9209,0.8961,0.7408,82.759,125.2439,90.1
CA-Qc2,2008-2009,NEE,12421,0.1196,5.7845,0.8802,0.94,5.9462,10.2824,35.4
CA-Qfo,2004-2010,Qle,104676,6.8612,30.3054,0.8128,0.5764,41.8642,50.6532,85.3
CA-Qfo,2004-2010,Qh,103175,3.7894,50.2725,0.8757,0.4721,93.6038,103.6312,84.1
CA-Qfo,2004-2010,NEE,72287,0.5084,5.1348,0.8633,1.5619,3.0476,7.5033,58.9
CA-RBM,2023-2024,Qle,25928,0.4091,58.6449,0.7198,0.5407,84.0833,66.1443,73.9
CA-RBM,2023-2024,Qh,30588,10.7113,42.9515,0.9361,0.3633,89.4692,110.956,87.2
CA-RBM,2023-2024,NEE,20593,-0.7933,6.0166,0.3915,1.0529,5.4138,5.3984,58.7
CA-SCB,2015-2018,Qle,31021,-8.2712,32.0863,0.8732,0.3536,63.1257,51.3047,44.2
CA-SCB,2015-2018,Qh,31670,62.4863,100.3183,0.8012,2.6481,33.6075,102.7889,45.2
CA-SCB,2015-2018,NEE,23883,3.2042,7.8775,0.3152,4.4153,1.6738,7.5465,34.1
CA-SCC,2014-2018,Qle,60255,-8.1896,33.2921,0.7822,0.461,51.7517,41.7603,68.7
CA-SCC,2014-2018,Qh,63442,32.78,77.6311,0.872,1.0618,66.0971,120.13,72.4
CA-SCC,2014-2018,NEE,0,,,,,,,
CA-SF1,2004-2005,Qle,25848,-13.8073,37.4636,0.851,0.4495,65.9829,52.7102,73.7
CA-SF1,2004-2005,Qh,29035,13.7979,50.8292,0.8651,0.5279,95.5273,92.4694,82.7
CA-SF1,2004-2005,NEE,7211,-7.211,13.9798,0.7106,2.5573,5.3567,15.1744,20.6
CA-SF2,2003-2004,Qle,28051,-11.4594,35.2549,0.8408,0.4295,58.8432,39.6242,79.9
CA-SF2,2003-2004,Qh,30232,13.6169,50.7189,0.8649,0.5301,92.9654,94.8523,86.2
CA-SF2,2003-2004,NEE,8247,4.954,8.3418,0.5894,1.2221,6.6788,7.9282,23.5
CA-SF3,2002-2005,Qle,46828,-4.8985,30.6144,0.8313,0.4107,54.3716,45.1463,66.8
CA-SF3,2002-2005,Qh,50758,3.2753,50.4878,0.8604,0.6146,79.0537,98.2829,72.4
CA-SF3,2002-2005,NEE,11850,-0.5131,10.1365,0.5481,3.3662,3.5418,11.6216,16.9
CA-SJ2,2004-2007,Qle,58236,17.5315,39.884,0.798,1.018,29.7527,54.7557,83.0
CA-SJ2,2004-2007,Qh,61239,19.6269,64.4666,0.7896,0.964,63.2672,97.5391,87.3
CA-SJ2,2004-2007,NEE,38979,-2.3452,8.9607,0.3698,12.0334,1.173,9.0132,55.6
CA-SMC,2018-2018,Qle,9236,12.868,46.3126,0.6219,0.7518,45.8248,54.7982,52.7
CA-SMC,2018-2018,Qh,11673,-12.1433,124.1277,-0.1844,1.3614,83.5531,76.8772,66.6
CA-SMC,2018-2018,NEE,5660,3.2405,6.6449,0.6009,1.871,3.1761,7.1249,32.3
CA-TP1,2003-2023,Qle,256559,9.999,65.1709,0.7016,0.7822,56.2853,89.8744,69.7
CA-TP1,2003-2023,Qh,261990,9.8713,56.3848,0.8094,0.5288,92.2574,86.8063,71.2
CA-TP1,2003-2023,NEE,117158,-1.4564,12.2204,0.4015,1.4189,6.752,13.1502,31.8
CA-TP2,2003-2006,Qle,23108,-60.7557,114.4383,0.3442,0.9224,98.0175,3.149,33.0
CA-TP2,2003-2006,Qh,24036,53.4128,92.696,0.7755,0.9844,92.8355,119.9872,34.3
CA-TP2,2003-2006,NEE,17106,7.1477,13.1775,-0.279,1.2361,9.1594,4.1672,24.4
CA-TP3,2003-2023,Qle,271829,18.1235,58.3225,0.8631,0.6896,61.5717,99.039,73.8
CA-TP3,2003-2023,Qh,276714,9.5303,51.0173,0.8964,0.4139,112.9522,103.682,75.2
CA-TP3,2003-2023,NEE,182958,-1.5349,10.6922,0.8203,1.1859,7.2657,15.6919,49.7
CA-TP4,2003-2023,Qle,317471,23.7705,58.9549,0.8538,0.7302,63.0342,96.6446,86.2
CA-TP4,2003-2023,Qh,327115,5.8056,48.7138,0.898,0.4045,109.5603,102.3834,88.9
CA-TP4,2003-2023,NEE,168042,-2.7763,11.4074,0.8084,1.2857,6.9513,15.8994,45.6
CA-TPA,2021-2023,Qle,41156,2.02,60.9352,0.7692,0.5845,82.2672,94.0166,78.3
CA-TPA,2021-2023,Qh,44531,19.8358,66.3082,0.7811,0.8436,68.4552,100.1188,84.7
CA-TPA,2021-2023,NEE,28992,-5.1612,16.7151,0.5962,2.5146,7.68,19.233,55.2
CA-TPD,2012-2023,Qle,187217,33.2278,68.7926,0.8459,0.913,62.8748,103.219,89.0
CA-TPD,2012-2023,Qh,188643,15.395,51.5559,0.8559,0.5418,91.5828,91.7286,89.7
CA-TPD,2012-2023,NEE,101344,-3.4852,12.1616,0.702,1.2842,7.6592,15.6721,48.2
CA-TVC,2017-2017,Qle,7286,-1.7151,30.3417,0.6471,0.6483,35.5152,36.5693,41.6
CA-TVC,2017-2017,Qh,7286,26.545,45.7585,0.8935,0.6059,67.209,81.9178,41.6
CA-TVC,2017-2017,NEE,4626,0.7599,2.1678,0.4175,0.9394,2.099,0.1806,26.4
CD-Ygb,2021-2024,Qle,24614,11.6019,191.4044,0.3695,0.7401,140.3974,191.4574,35.1
CD-Ygb,2021-2024,Qh,25412,11.7553,154.7346,0.6304,1.4137,67.8077,187.7809,36.2
CD-Ygb,2021-2024,NEE,13773,-4.5672,19.8842,0.7763,1.3532,14.9465,28.5069,19.6
CG-Tch,2007-2009,Qle,27329,22.5778,55.8659,0.9204,0.5847,72.6992,109.3835,51.9
CG-Tch,2007-2009,Qh,34256,-8.2237,33.25,0.8839,0.3272,66.9219,51.5257,65.1
CG-Tch,2007-2009,NEE,17117,0.9764,9.7937,0.9046,1.7833,6.1708,14.9651,32.5
CH-Aws,2007-2024,Qle,171400,-3.9901,54.0243,0.8824,0.3636,113.2679,92.0302,54.3
CH-Aws,2007-2024,Qh,191789,16.5586,44.8436,0.8005,0.7143,57.0218,69.5038,60.8
CH-Aws,2007-2024,NEE,116986,-2.3326,7.877,0.7155,0.671,9.5568,10.3062,37.1
CH-Cha,2006-2024,Qle,179275,17.4035,59.1526,0.8957,0.4762,93.1358,121.9037,53.8
CH-Cha,2006-2024,Qh,239854,4.2316,30.845,0.7164,0.5599,43.5546,34.3908,72.0
CH-Cha,2006-2024,NEE,95346,-27.8065,38.6021,0.6438,3.5195,10.86,32.4448,28.6
CH-Crs,2015-2016,Qle,24588,5.6694,47.9088,0.8947,0.397,88.5844,105.6499,70.1
CH-Crs,2015-2016,Qh,28996,-9.031,32.9343,0.7938,0.5975,49.1824,49.4628,82.6
CH-Crs,2015-2016,NEE,15928,-9.0153,19.4151,0.623,1.8453,9.1593,21.3373,45.4
CH-Dav,1997-2024,Qle,309697,-2.294,91.8394,0.4898,0.795,97.4593,82.5234,63.1
CH-Dav,1997-2024,Qh,358383,12.8572,73.8875,0.669,0.7621,91.4549,87.1203,73.0
CH-Dav,1997-2024,NEE,142998,-9.1598,17.9136,0.5774,2.2351,7.8773,18.5353,29.1
CH-For,2024-2024,Qle,11363,9.5039,33.0859,0.962,0.2441,104.7904,114.4335,64.7
CH-For,2024-2024,Qh,12259,16.3893,30.7112,0.8743,0.6713,42.1466,52.8493,69.8
CH-For,2024-2024,NEE,8167,-11.6229,19.7222,0.6976,1.2618,12.3683,21.8705,46.5
CH-Frk,2013-2014,Qle,17649,13.89,49.436,0.7031,0.7797,52.7384,66.1417,50.4
CH-Frk,2013-2014,Qh,18022,26.3052,57.8169,0.5849,1.0562,52.9684,59.3536,51.4
CH-Frk,2013-2014,NEE,5973,0.6401,3.0646,0.6441,0.757,3.629,1.2079,17.0
CH-Fru,2006-2024,Qle,218711,-1.2657,45.6957,0.8799,0.3607,92.6186,93.7183,65.7
CH-Fru,2006-2024,Qh,258781,24.9595,59.4695,0.7875,1.1123,50.5228,83.8756,77.7
CH-Fru,2006-2024,NEE,86752,-23.2252,35.1697,0.6512,2.9171,11.5346,32.4279,26.0
CH-Lae,2005-2024,Qle,223410,-3.7063,82.7589,0.7447,0.5212,123.078,100.9965,63.7
CH-Lae,2005-2024,Qh,273905,-20.4025,89.4443,0.7336,0.5821,126.7984,80.4119,78.1
CH-Lae,2005-2024,NEE,92188,-7.478,17.862,0.5527,1.326,12.8369,19.2892,26.3
CH-Oe1,2003-2011,Qle,88209,10.7462,38.7416,0.9481,0.3194,87.6777,107.7993,55.9
CH-Oe1,2003-2011,Qh,109794,18.8456,42.0565,0.8324,0.9881,40.9407,64.0601,69.6
CH-Oe1,2003-2011,NEE,40811,-9.0806,16.1939,0.6688,1.426,9.1818,17.6811,25.9
CH-Oe2,2004-2024,Qle,240327,10.7078,55.7354,0.861,0.4461,94.3203,107.4781,65.3
CH-Oe2,2004-2024,Qh,293584,10.6973,50.1082,0.6723,0.755,60.1381,60.7969,79.7
CH-Oe2,2004-2024,NEE,154954,-8.6189,17.3497,0.5795,1.5951,9.7593,18.4414,42.1
CH-Oe3,2003-2011,Qle,71553,12.9679,51.7869,0.8945,0.4452,87.0169,109.4665,45.4
CH-Oe3,2003-2011,Qh,90105,20.0501,46.9929,0.7725,0.9548,46.9522,66.5622,57.1
CH-Oe3,2003-2011,NEE,35925,-8.5611,15.8661,0.677,1.5417,8.1979,17.4674,22.8
CH-Rh1,2019-2021,Qle,33484,7.0511,46.2824,0.9255,0.387,89.3268,113.4405,63.6
CH-Rh1,2019-2021,Qh,39406,-2.0415,36.5581,0.7759,0.8253,41.8999,57.6789,74.9
CH-Rh1,2019-2021,NEE,15913,-23.7391,36.4417,0.6158,3.2816,9.8444,32.6004,30.2
CH-Rh2,2019-2021,Qle,36379,1.3267,44.4845,0.9143,0.3576,93.5693,108.8126,69.2
CH-Rh2,2019-2021,Qh,38479,-3.2013,36.1957,0.7783,0.7582,44.7103,57.4197,73.1
CH-Rh2,2019-2021,NEE,16768,-21.8199,34.9349,0.5917,2.7788,11.4232,32.441,31.9
CH-Rtb,2010-2022,Qle,127211,12.1119,41.7645,0.9517,0.3242,99.4472,120.4258,55.8
CH-Rtb,2010-2022,Qh,139194,0.9437,21.9118,0.8341,0.514,39.0079,36.5596,61.1
CH-Rtb,2010-2022,NEE,79411,-29.6421,41.3521,0.6627,4.6629,7.7884,33.3987,34.8
CH-Tnk,2024-2024,Qle,13766,12.9967,48.2767,0.8734,0.4263,83.6637,95.4798,78.4
CH-Tnk,2024-2024,Qh,15444,8.8937,40.308,0.6891,0.7705,50.0826,49.6238,87.9
CH-Tnk,2024-2024,NEE,8134,-17.1353,28.8885,0.6867,2.4563,10.6493,29.245,46.3
CL-ACF,2019-2020,Qle,16690,0.1455,61.148,0.7403,0.6138,82.8656,86.5525,47.6
CL-ACF,2019-2020,Qh,19548,27.7516,83.734,0.8882,0.4734,149.1951,171.7924,55.7
CL-ACF,2019-2020,NEE,5023,-25.2726,34.9054,0.7982,3.9259,8.2372,30.1343,14.3
CL-SDF,2014-2021,Qle,62088,6.8675,59.7465,0.7712,0.5361,88.4837,86.9522,44.3
CL-SDF,2014-2021,Qh,67438,-5.1744,58.9163,0.8758,0.4582,119.4769,115.5362,48.1
CL-SDF,2014-2021,NEE,27628,-24.8241,33.0544,0.721,4.4259,7.1805,26.4284,19.7
CL-SDP,2014-2021,Qle,66419,7.4468,59.3105,0.7007,0.5538,76.0125,76.0917,47.4
CL-SDP,2014-2021,Qh,85924,-22.3561,61.5939,0.8354,0.4699,103.2288,77.5847,61.3
CL-SDP,2014-2021,NEE,33441,-26.7691,37.3234,0.7652,11.9134,2.9903,28.2254,23.8
CN-Aro,2013-2024,Qle,163626,9.3508,44.3649,0.9076,0.4243,88.1356,102.596,77.8
CN-Aro,2013-2024,Qh,172921,-21.8498,55.3055,0.5638,0.6862,61.4087,37.6198,82.2
CN-Aro,2013-2024,NEE,99005,-8.3332,21.8459,0.7523,3.0624,5.3791,23.9277,47.1
CN-Ash,2009-2018,Qle,146852,-14.6478,92.6421,0.4146,0.7263,99.1371,56.2492,83.8
CN-Ash,2009-2018,Qh,159028,35.487,107.2506,0.7491,0.9271,92.728,149.8973,90.7
CN-Ash,2009-2018,NEE,104689,-6.8644,21.7986,0.5036,2.979,8.9476,23.6969,59.7
CN-BeO,2012-2020,Qle,100299,-3.1097,67.8723,0.6914,0.6154,88.5238,83.7234,63.6
CN-BeO,2012-2020,Qh,109409,26.2274,60.9416,0.8291,0.647,80.5686,98.3649,69.3
CN-BeO,2012-2020,NEE,45962,1.8725,6.9622,0.5517,0.7469,7.9456,3.3581,29.1
CN-DaW,2011-2019,Qle,57241,-30.937,76.5264,0.6216,0.6989,87.1646,69.59,36.3
CN-DaW,2011-2019,Qh,59178,11.0229,58.0932,0.7282,0.6058,73.3471,80.37,37.5
CN-DaW,2011-2019,NEE,0,,,,,,,
CN-Dan,2011-2019,Qle,63984,-12.4426,57.2128,0.7328,0.5263,81.4832,66.4069,40.6
CN-Dan,2011-2019,Qh,68877,-0.3778,63.5163,0.6571,0.6627,73.8877,79.0729,43.7
CN-Dan,2011-2019,NEE,0,,,,,,,
CN-Dda,2011-2014,Qle,44367,35.4856,77.8811,0.6811,1.821,35.7447,88.5408,63.3
CN-Dda,2011-2014,Qh,46698,-20.1955,51.403,0.7946,0.5355,75.0123,46.9557,66.6
CN-Dda,2011-2014,NEE,33323,0.4342,1.6027,0.5436,0.8631,1.643,0.2016,47.5
CN-Din,2010-2020,Qle,106597,-11.4716,86.3396,0.5344,0.6771,100.0486,66.571,55.3
CN-Din,2010-2020,Qh,112943,22.1997,73.8795,0.7314,0.8379,78.4855,103.2428,58.6
CN-Din,2010-2020,NEE,0,,,,,,,
CN-Dmn,2013-2024,Qle,159970,4.7297,63.9081,0.8541,0.446,111.0243,121.7747,76.0
CN-Dmn,2013-2024,Qh,165805,-18.5448,47.8195,0.6588,0.6675,57.7776,45.3788,78.8
CN-Dmn,2013-2024,NEE,97888,-8.7529,20.2446,0.8461,1.7575,10.532,26.2811,46.5
CN-Dsh,2014-2024,Qle,88219,-1.6608,50.3418,0.7813,0.5436,72.6946,78.5439,45.7
CN-Dsh,2014-2024,Qh,95195,-43.0875,90.6618,0.2906,0.8007,81.6383,39.8787,49.4
CN-Dsh,2014-2024,NEE,30922,-1.5922,6.929,0.6067,1.6639,3.3269,8.2219,16.0
CN-Du2,2011-2019,Qle,114340,7.1104,49.3311,0.8092,0.6228,57.6281,81.8003,72.5
CN-Du2,2011-2019,Qh,121340,1.4079,58.2724,0.7926,0.5159,89.5345,91.2845,76.9
CN-Du2,2011-2019,NEE,77183,-0.6259,10.1604,0.3402,3.4739,2.9983,10.7613,48.9
CN-Dzo,2010-2020,Qle,103753,9.3163,92.1331,0.7468,0.5551,128.9984,128.6261,53.8
CN-Dzo,2010-2020,Qh,114475,3.9026,58.8737,0.7733,0.5571,83.0726,90.2658,59.4
CN-Dzo,2010-2020,NEE,69979,-1.8595,23.2513,0.5954,2.181,11.6128,28.1302,36.3
CN-Erg,2016-2019,Qle,39397,7.3941,38.9256,0.8191,0.5864,48.225,65.8731,56.2
CN-Erg,2016-2019,Qh,43404,19.2155,62.9414,0.7406,0.8503,67.5937,89.1709,61.9
CN-Erg,2016-2019,NEE,27276,0.3129,9.0375,0.4468,2.4467,3.858,10.0704,38.9
CN-GuT,2015-2017,Qle,34445,9.906,58.6136,0.7992,0.6373,69.9628,95.5186,65.5
CN-GuT,2015-2017,Qh,35547,10.7992,49.4118,0.762,0.6428,65.5289,72.8244,67.6
CN-GuT,2015-2017,NEE,24303,-8.7753,20.6817,0.6132,5.0255,3.5831,20.7098,46.2
CN-Ha2,2011-2019,Qle,78321,8.4429,48.3643,0.8508,0.5032,68.09,89.3586,49.6
CN-Ha2,2011-2019,Qh,83259,-14.6289,58.0756,0.8246,0.513,93.5343,58.1975,52.8
CN-Ha2,2011-2019,NEE,54047,-5.7778,14.7507,0.6638,2.507,4.987,16.3596,34.3
CN-HaM,2002-2014,Qle,106695,22.0079,69.9031,0.8364,0.7538,73.7795,114.3025,46.8
CN-HaM,2002-2014,Qh,120291,-19.1536,70.9011,0.3902,0.7904,73.7665,35.6417,52.8
CN-HaM,2002-2014,NEE,69664,-12.1493,25.0547,0.8178,3.6503,5.0814,25.8713,30.6
CN-HaW,2011-2018,Qle,53801,-8.4942,74.5349,0.7145,0.5365,103.7872,88.668,38.4
CN-HaW,2011-2018,Qh,55974,41.0967,87.6062,0.3948,1.5214,53.4217,80.8971,39.9
CN-HaW,2011-2018,NEE,35771,-4.3762,15.4739,0.2993,2.0089,8.3362,15.0256,25.5
CN-HeD,2020-2023,Qle,64049,3.5309,20.6881,0.2786,1.6021,7.712,21.1401,91.3
CN-HeD,2020-2023,Qh,68210,1.2856,26.6289,0.9637,0.2159,98.3865,98.9799,97.3
CN-HeD,2020-2023,NEE,44417,2.4724,3.4282,-0.0551,9.0385,0.3806,2.3232,63.3
CN-HeM,2014-2024,Qle,88366,-49.0083,115.4664,0.3012,0.7407,109.4765,38.7131,45.8
CN-HeM,2014-2024,Qh,103879,35.8791,84.3662,0.7904,0.6355,106.4497,123.8575,53.9
CN-HeM,2014-2024,NEE,29397,9.6096,13.0731,-0.232,2.7488,4.6028,6.5816,15.2
CN-Huz,2016-2023,Qle,77490,40.405,82.1868,0.5228,1.7799,45.3573,83.9397,55.2
CN-Huz,2016-2023,Qh,85046,-19.6433,77.5258,0.8251,0.7822,93.6974,130.4272,60.6
CN-Huz,2016-2023,NEE,32309,4.3702,11.6064,0.2494,8.5826,1.5836,11.0372,23.0
CN-Jng,2019-2024,Qle,45072,10.0771,68.3765,0.7009,0.8404,61.6361,94.5946,42.8
CN-Jng,2019-2024,Qh,54925,-24.2462,51.7538,0.5109,0.8915,50.3212,40.525,52.2
CN-Jng,2019-2024,NEE,17782,-6.6181,19.2368,0.4589,3.8224,3.8658,19.5069,16.9
CN-Jzh,2016-2016,Qle,10818,3.6969,68.1704,0.6677,0.6952,83.2083,83.7801,61.6
CN-Jzh,2016-2016,Qh,12104,1.7348,70.0318,0.6967,0.7765,76.0926,96.8566,68.9
CN-Jzh,2016-2016,NEE,6859,4.9866,11.8121,0.3819,0.8108,11.5807,4.0962,39.0
CN-Lch,2017-2020,Qle,42694,-39.7378,101.5521,0.5251,0.7114,109.506,64.5216,60.9
CN-Lch,2017-2020,Qh,44630,163.1345,185.4104,0.747,3.6644,63.1567,124.6469,63.6
CN-Lch,2017-2020,NEE,19379,16.4588,23.314,0.0827,1.4787,15.2973,7.6087,27.6
CN-Lsh,2003-2006,Qle,47498,2.1173,31.5258,0.8171,0.5076,47.4292,54.2967,67.7
CN-Lsh,2003-2006,Qh,50032,9.0551,48.9206,0.8593,0.4716,92.1955,88.6103,71.3
CN-Lsh,2003-2006,NEE,15648,-0.5819,7.0038,0.7696,0.8325,7.3515,10.8224,22.3
CN-Mxn,2015-2018,Qle,19591,-6.0515,85.4865,0.5964,0.624,105.9182,69.7001,27.9
CN-Mxn,2015-2018,Qh,22264,144.0024,161.5036,0.8198,2.7413,74.0455,120.2773,31.7
CN-Mxn,2015-2018,NEE,14050,-4.878,20.75,0.5695,2.0898,10.2603,24.164,20.0
CN-Nmn,2015-2019,Qle,66616,-34.5938,98.449,0.5569,0.6412,110.2786,71.7186,76.0
CN-Nmn,2015-2019,Qh,71154,122.3232,144.1153,0.7448,2.2234,71.9509,112.7606,81.2
CN-Nmn,2015-2019,NEE,45534,10.163,18.236,-0.0318,1.4509,11.9862,8.8789,52.0
CN-Qng,2023-2023,Qle,3411,-14.5678,58.4848,0.4169,0.8225,59.2377,42.2817,19.5
CN-Qng,2023-2023,Qh,8663,-42.2094,98.8066,0.6178,0.7131,109.7339,90.9559,49.4
CN-Qng,2023-2023,NEE,3434,3.2159,7.5838,0.6128,1.3194,6.1815,8.6158,19.6
CN-Sb1,2021-2024,Qle,52950,33.051,76.6025,0.7645,1.3097,48.2569,98.5995,75.5
CN-Sb1,2021-2024,Qh,58570,-11.9412,60.5911,0.8325,0.4502,106.358,96.06,83.5
CN-Sb1,2021-2024,NEE,28887,0.5976,17.3541,0.5577,1.2878,11.9804,20.8915,41.2
CN-Sb2,2021-2024,Qle,52846,34.434,70.7113,0.8128,1.0546,56.9615,98.3828,75.4
CN-Sb2,2021-2024,Qh,57632,-8.8007,61.1431,0.8082,0.5121,98.5629,96.7688,82.2
CN-Sb2,2021-2024,NEE,26030,-0.66,17.6614,0.5339,1.3148,11.104,20.873,37.1
CN-Sdq,2014-2024,Qle,141980,-38.0159,100.2889,0.3293,0.7172,98.0943,38.1312,73.6
CN-Sdq,2014-2024,Qh,165675,25.1425,72.2826,0.8388,0.5322,108.3812,124.2221,85.9
CN-Sdq,2014-2024,NEE,58485,8.395,11.8104,-0.2618,2.768,3.9281,6.3631,30.3
CN-SnB,2021-2021,Qle,6440,-122.9033,237.3525,0.8481,0.8085,219.0763,19.1919,36.8
CN-SnB,2021-2021,Qh,5662,18.4027,192.5915,0.6543,0.7355,247.3761,119.9551,32.3
CN-SnB,2021-2021,NEE,4216,12.4391,20.2474,0.0436,1.5163,15.2678,5.4159,24.1
CN-Wnb,2021-2021,Qle,12836,-5.6421,16.5881,0.6905,0.7161,20.8057,18.4691,73.3
CN-Wnb,2021-2021,Qh,14621,10.1578,36.4479,0.9383,0.3368,94.0415,101.1511,83.5
CN-Wnb,2021-2021,NEE,6847,1.0842,1.9089,-0.2581,1.5076,1.2613,0.6662,39.1
CN-Xi2,2011-2020,Qle,99160,-7.4776,49.4045,0.6962,0.5367,65.6513,58.5156,56.6
CN-Xi2,2011-2020,Qh,106818,20.2722,63.0085,0.7951,0.5948,88.0677,96.6101,60.9
CN-Xi2,2011-2020,NEE,60855,3.1517,6.6527,0.182,1.804,4.7266,4.4272,34.7
CN-YaS,2012-2020,Qle,101113,3.913,38.8266,0.7589,0.6312,46.1874,59.2882,64.1
CN-YaS,2012-2020,Qh,115859,-6.7085,48.3282,0.9054,0.3476,112.2578,97.2577,73.4
CN-YaS,2012-2020,NEE,60277,4.5712,7.0896,0.0676,2.789,2.648,4.9105,38.2
CN-Yan,2016-2018,Qle,33621,-14.5011,46.1604,0.7927,0.5004,68.966,67.038,63.9
CN-Yan,2016-2018,Qh,36983,-10.5471,40.4922,0.8886,0.3952,83.4582,66.25,70.3
CN-Yan,2016-2018,NEE,25147,3.8243,8.06,0.2508,2.7741,3.0113,7.2236,47.8
CN-You,2015-2024,Qle,80929,0.9316,64.7823,0.6223,0.8302,58.9047,82.149,46.2
CN-You,2015-2024,Qh,90854,-15.2541,45.197,0.5158,0.8449,46.6262,38.6986,51.8
CN-You,2015-2024,NEE,29622,-4.5077,16.3778,0.2339,5.0251,2.6977,16.1563,16.9
CN-Yuc,2015-2020,Qle,51517,-26.2095,93.1123,0.5117,0.7137,98.1071,79.8387,49.0
CN-Yuc,2015-2020,Qh,55393,182.5361,206.5648,0.7513,4.228,59.1131,132.8861,52.6
CN-Yuc,2015-2020,NEE,32609,15.0722,21.442,0.0427,1.5817,13.1036,8.3818,31.0
CN-Zha,2013-2024,Qle,158281,-58.4735,109.6033,0.8905,0.5956,147.4222,67.2849,75.2
CN-Zha,2013-2024,Qh,170028,12.0442,54.2589,0.6799,0.7019,70.6679,58.6838,80.8
CN-Zha,2013-2024,NEE,87308,8.4721,12.5085,-0.1813,1.6028,7.4175,4.2655,41.5
CR-AqC,2010-2016,Qle,42599,-10.9318,82.3557,0.7232,0.4791,113.4932,104.857,34.7
CR-AqC,2010-2016,Qh,58012,50.7444,102.4358,0.9041,0.8418,92.0016,162.9979,47.3
CR-AqC,2010-2016,NEE,25319,-19.8245,28.8971,0.7745,3.8994,8.2793,26.7743,20.6
CR-Fsc,2015-2018,Qle,41228,-18.0509,125.2965,0.643,0.7623,127.8637,158.2761,58.8
CR-Fsc,2015-2018,Qh,47325,54.6816,109.192,0.8279,0.9822,91.4304,155.0915,67.5
CR-Fsc,2015-2018,NEE,25651,13.7455,28.9455,0.4683,2.025,14.3989,28.813,36.6
CZ-BK1,2004-2025,Qle,264297,-9.6268,47.1602,0.7414,0.5292,68.7643,52.3881,68.5
CZ-BK1,2004-2025,Qh,299715,13.086,62.5014,0.8576,0.5489,107.7712,118.1912,77.7
CZ-BK1,2004-2025,NEE,122024,1.1423,8.9943,0.8175,0.8909,9.2245,14.7085,31.6
CZ-BK2,2006-2012,Qle,62194,6.6386,33.9946,0.7747,0.5352,42.6397,52.6401,50.7
CZ-BK2,2006-2012,Qh,82234,36.2419,75.396,0.8397,1.2193,49.7126,102.0969,67.0
CZ-BK2,2006-2012,NEE,34709,-2.9911,10.809,0.8551,1.8558,5.8265,14.9204,28.3
CZ-KrP,2014-2023,Qle,144834,17.3213,45.2149,0.8824,0.5713,58.2129,82.9036,82.6
CZ-KrP,2014-2023,Qh,145125,5.2324,37.4112,0.8177,0.588,57.0912,63.7679,82.8
CZ-KrP,2014-2023,NEE,85464,-2.0351,9.6349,0.5946,1.2538,7.0458,11.7131,48.8
CZ-LnG,2020-2024,Qle,71403,-0.4851,44.0368,0.8462,0.4005,80.4426,78.131,81.4
CZ-LnG,2020-2024,Qh,75341,22.251,43.7642,0.9213,0.7391,49.5079,78.0066,85.9
CZ-LnG,2020-2024,NEE,48402,-0.8786,12.3803,0.6247,1.6792,6.154,15.2203,55.2
CZ-Lnz,2015-2025,Qle,138869,-4.7764,56.3048,0.752,0.4794,84.431,70.5773,72.0
CZ-Lnz,2015-2025,Qh,145935,11.7176,63.2851,0.7871,0.5678,91.0203,98.3831,75.7
CZ-Lnz,2015-2025,NEE,88857,4.2346,14.1193,0.3398,1.1937,9.7158,13.1969,46.1
CZ-RAJ,2012-2024,Qle,177513,9.5276,41.2852,0.816,0.6002,55.3006,69.4539,77.9
CZ-RAJ,2012-2024,Qh,198366,5.589,50.3163,0.8808,0.4651,104.9922,97.794,87.0
CZ-RAJ,2012-2024,NEE,69525,-1.7856,11.7313,0.7847,1.4278,6.5543,16.0022,30.5
CZ-Stn,2010-2024,Qle,196630,6.6808,38.2841,0.8587,0.4717,69.1219,72.2538,74.8
CZ-Stn,2010-2024,Qh,215269,10.1299,54.117,0.8307,0.606,85.0175,94.83,81.9
CZ-Stn,2010-2024,NEE,71561,-1.3878,9.1562,0.8367,1.0142,8.1715,14.7039,27.2
CZ-wet,2007-2025,Qle,243167,9.2423,36.4135,0.9028,0.4005,69.6307,81.3914,73.0
CZ-wet,2007-2025,Qh,281783,15.1486,36.583,0.8601,0.5661,61.8911,63.8218,84.6
CZ-wet,2007-2025,NEE,170991,-1.8012,8.2519,0.685,1.4539,5.2615,10.686,51.3
DE-Akm,2010-2024,Qle,102655,37.1843,72.2671,0.865,0.6384,86.6944,119.113,39.0
DE-Akm,2010-2024,Qh,112433,-19.1545,49.6664,0.791,0.5461,74.5285,54.4231,42.8
DE-Akm,2010-2024,NEE,74069,-6.4602,12.7648,0.7658,1.4995,8.2496,15.9645,28.2
DE-Amv,2023-2025,Qle,38481,21.8571,49.804,0.8652,0.665,60.4155,85.2109,73.1
DE-Amv,2023-2025,Qh,43002,-4.0298,38.945,0.864,0.457,71.6485,47.8005,81.7
DE-Amv,2023-2025,NEE,29596,-7.4194,17.4273,0.7444,3.1025,4.6957,18.9499,56.3
DE-Brs,2024-2025,Qle,27931,30.1803,50.5886,0.9099,0.8225,55.3798,83.867,79.6
DE-Brs,2024-2025,Qh,30975,4.8817,25.0296,0.8985,0.5368,47.1878,55.563,88.3
DE-Brs,2024-2025,NEE,14241,-1.4728,7.3444,0.7088,0.7278,7.958,10.1419,40.6
DE-Etn,2024-2024,Qle,7725,17.5113,68.7803,0.8129,0.5592,101.8364,112.9053,44.0
DE-Etn,2024-2024,Qh,9014,8.2004,58.4103,0.7766,0.6138,89.8084,81.7399,51.3
DE-Etn,2024-2024,NEE,2795,-10.3719,21.5744,0.919,1.5225,12.2809,29.5731,15.9
DE-Fen,2024-2024,Qle,7753,9.811,43.1266,0.9549,0.3392,101.5613,126.1954,44.1
DE-Fen,2024-2024,Qh,8935,2.1376,28.2554,0.8202,0.6539,38.9545,49.191,50.9
DE-Fen,2024-2024,NEE,5032,-31.018,44.0545,0.6946,4.3647,9.2002,36.9666,28.6
DE-Geb,2021-2024,Qle,29378,4.5787,55.8045,0.8248,0.4889,91.9806,95.5901,41.9
DE-Geb,2021-2024,Qh,28633,-12.8466,51.7467,0.6944,0.5689,69.6481,49.3699,40.8
DE-Geb,2021-2024,NEE,17817,-2.7532,9.6494,0.7115,0.7944,9.9956,13.1287,25.4
DE-Gri,2004-2024,Qle,266163,-0.6739,37.4861,0.8497,0.3745,71.0704,60.9718,72.3
DE-Gri,2004-2024,Qh,289059,28.3874,69.8027,0.8508,1.5101,40.3125,94.4437,78.5
DE-Gri,2004-2024,NEE,189960,-1.1299,11.2444,0.8087,1.6754,6.5929,15.8259,51.6
DE-GsB,2015-2023,Qle,90661,-3.7651,27.6423,0.7904,0.4932,41.8112,42.7354,57.5
DE-GsB,2015-2023,Qh,111224,13.3149,30.2892,0.906,0.6068,43.1699,59.2729,70.5
DE-GsB,2015-2023,NEE,64018,-0.4395,8.1179,0.5471,1.0553,6.2566,9.6095,40.6
DE-Gwg,2024-2024,Qle,6780,-23.9724,49.3346,0.9031,0.4162,97.3407,77.3274,38.6
DE-Gwg,2024-2024,Qh,7487,51.3412,98.5163,0.7761,2.1272,41.4039,112.0573,42.6
DE-Gwg,2024-2024,NEE,3358,-14.8644,22.2057,0.7526,2.1934,9.764,22.5407,19.1
DE-Hai,2000-2024,Qle,282491,9.9325,44.7568,0.7811,0.5684,67.2148,64.4777,64.4
DE-Hai,2000-2024,Qh,339506,1.6269,46.6232,0.8642,0.4736,89.058,89.7277,77.5
DE-Hai,2000-2024,NEE,149816,-0.4033,8.6058,0.7691,0.9003,8.3671,13.165,34.2
DE-Har,2020-2024,Qle,63046,8.9138,38.6937,0.8675,0.4636,65.3274,75.6828,71.9
DE-Har,2020-2024,Qh,68136,-4.7929,55.4737,0.8677,0.4282,109.1681,84.2464,77.7
DE-Har,2020-2024,NEE,29563,3.1725,9.0738,0.6345,1.1229,7.2317,10.9935,33.7
DE-Hdn,2021-2022,Qle,26260,34.2468,73.3727,0.8325,0.9016,60.7672,106.0621,74.9
DE-Hdn,2021-2022,Qh,29496,-19.1058,53.693,0.5681,0.7726,57.6983,49.0025,84.2
DE-Hdn,2021-2022,NEE,14153,-7.9113,15.716,0.7974,1.406,9.4921,19.882,40.4
DE-HoH,2015-2025,Qle,115188,-11.0393,62.5041,0.7114,0.5433,87.5386,62.2308,59.7
DE-HoH,2015-2025,Qh,129527,15.7592,53.2082,0.8535,0.5329,89.4379,96.5872,67.2
DE-HoH,2015-2025,NEE,60843,3.985,11.6235,0.2942,1.0405,9.2342,9.1454,31.5
DE-Hte,2009-2017,Qle,97432,0.753,49.3224,0.7782,0.5996,67.2263,77.809,61.8
DE-Hte,2009-2017,Qh,111558,23.5418,74.3716,0.833,1.3805,46.7084,104.5513,70.7
DE-Hte,2009-2017,NEE,73038,-4.5756,15.2566,0.5409,2.7746,6.278,16.9582,46.3
DE-Hzd,2022-2024,Qle,30641,7.536,70.3366,0.6194,0.68,81.0252,79.2326,58.2
DE-Hzd,2022-2024,Qh,35800,24.8486,80.9647,0.5635,1.1895,62.8946,92.3482,68.1
DE-Hzd,2022-2024,NEE,12844,-3.361,14.9313,0.6314,1.6875,8.8285,18.4113,24.4
DE-Kli,2018-2024,Qle,89406,19.6964,50.2325,0.8517,0.5418,70.7929,87.8472,72.8
DE-Kli,2018-2024,Qh,103081,0.7308,36.5866,0.8152,0.5803,58.6511,61.369,84.0
DE-Kli,2018-2024,NEE,55302,-3.5123,11.0484,0.7155,1.3977,7.2238,14.348,45.1
DE-Lkb,2010-2013,Qle,28946,-22.3037,65.9222,0.5844,0.7444,66.8911,69.1287,41.3
DE-Lkb,2010-2013,Qh,22438,14.1382,73.0412,0.7933,0.6209,91.2981,117.6578,32.0
DE-Lkb,2010-2013,NEE,7626,-5.1573,11.9294,0.8267,4.1907,2.761,12.9268,10.9
DE-Lnf,2003-2024,Qle,235614,15.4579,47.1104,0.8212,0.5952,62.6868,77.9546,61.1
DE-Lnf,2003-2024,Qh,244096,-6.7783,47.0667,0.8365,0.4702,84.9778,70.0028,63.3
DE-Lnf,2003-2024,NEE,0,,,,,,,
DE-Msr,2021-2024,Qle,39772,14.9813,54.7644,0.8684,0.4825,83.3387,105.0361,56.7
DE-Msr,2021-2024,Qh,41972,-2.2324,52.2172,0.6875,0.6181,71.8211,50.4382,59.9
DE-Msr,2021-2024,NEE,30340,-15.1539,28.9288,0.5243,2.76,11.1949,28.593,43.3
DE-Obe,2009-2024,Qle,211412,5.4066,50.2831,0.7094,0.5979,66.9134,64.06,75.4
DE-Obe,2009-2024,Qh,244083,-0.9364,47.2012,0.8697,0.5306,88.8003,94.7166,87.0
DE-Obe,2009-2024,NEE,83833,-3.1478,12.2181,0.8501,1.3277,7.3243,17.384,29.9
DE-Rns,2022-2024,Qle,31863,12.8027,47.942,0.8369,0.5261,66.7046,84.1329,60.6
DE-Rns,2022-2024,Qh,42448,9.1035,38.9211,0.7742,0.6522,55.6237,56.9382,80.7
DE-Rns,2022-2024,NEE,21680,-0.3063,10.3119,0.537,1.0553,8.6258,11.9323,41.2
DE-RuC,2014-2024,Qle,99395,-1.5311,30.8356,0.8987,0.3538,66.0305,69.82,51.5
DE-RuC,2014-2024,Qh,120110,32.1675,57.1055,0.9135,0.7045,70.2298,101.7024,62.3
DE-RuC,2014-2024,NEE,56565,-14.3224,24.5661,0.8165,5.3725,4.5242,23.4816,29.3
DE-RuM,2012-2018,Qle,80510,-5.811,46.214,0.7996,0.4523,74.3051,69.9317,65.6
DE-RuM,2012-2018,Qh,90808,14.7697,41.519,0.7928,0.7986,49.7516,63.6519,74.0
DE-RuM,2012-2018,NEE,33750,0.8202,10.9719,0.4311,0.9138,10.1529,10.3594,27.5
DE-RuR,2012-2024,Qle,139633,8.3066,31.2605,0.947,0.2981,77.7611,90.5009,61.3
DE-RuR,2012-2024,Qh,169386,19.5429,43.4154,0.8948,0.9169,42.6339,71.9228,74.3
DE-RuR,2012-2024,NEE,52867,-20.2592,29.4736,0.713,3.1394,8.5485,26.6454,23.2
DE-RuS,2012-2024,Qle,150780,1.7382,43.1669,0.8512,0.425,73.9977,81.7527,66.1
DE-RuS,2012-2024,Qh,168942,12.6981,35.7174,0.8133,0.7106,47.9841,57.3224,74.1
DE-RuS,2012-2024,NEE,77092,-0.3966,10.4708,0.5055,0.8907,9.9426,11.0163,33.8
DE-RuW,2012-2024,Qle,116905,-16.7384,68.0517,0.6492,0.6217,85.4649,66.6914,51.3
DE-RuW,2012-2024,Qh,141231,31.259,80.6905,0.7947,0.6519,107.6775,121.0866,62.0
DE-RuW,2012-2024,NEE,69723,-9.0395,19.5388,0.7008,2.1472,8.664,22.2536,30.6
DE-SbM,2023-2024,Qle,13082,-34.0562,63.3223,0.7156,0.9216,62.2272,75.5305,37.3
DE-SbM,2023-2024,Qh,19082,-62.7762,117.7686,0.4957,1.3898,82.8479,109.994,54.4
DE-SbM,2023-2024,NEE,8872,-9.0388,16.0678,0.6886,3.0002,5.631,16.5188,25.3
DE-Seh,2008-2009,Qle,22999,5.2138,41.4082,0.889,0.4194,73.6823,88.9474,65.5
DE-Seh,2008-2009,Qh,26025,5.1404,35.0609,0.7909,0.6807,50.9653,55.482,74.2
DE-Seh,2008-2009,NEE,13657,-3.4855,8.0338,0.8414,0.8077,9.0694,12.9579,38.9
DE-SfS,2011-2019,Qle,90773,17.2973,88.6248,0.7177,0.6649,89.8874,124.8216,57.5
DE-SfS,2011-2019,Qh,111995,-33.5104,90.046,0.6363,0.662,102.2978,92.6008,71.0
DE-SfS,2011-2019,NEE,76070,-11.753,24.8375,0.4446,3.4417,8.8082,24.3252,48.2
DE-Spw,2011-2014,Qle,56873,34.1275,67.2078,0.8608,0.8803,64.8077,103.369,81.1
DE-Spw,2011-2014,Qh,58865,-22.9369,56.1293,0.6762,0.6652,69.4372,44.2612,83.9
DE-Spw,2011-2014,NEE,40674,-10.687,22.985,0.8661,2.6612,7.4579,26.464,58.0
DE-Tha,1997-2024,Qle,365730,17.2125,51.292,0.7383,0.7237,57.5411,71.2608,74.5
DE-Tha,1997-2024,Qh,417528,-12.6745,49.9058,0.8636,0.4898,95.2836,86.922,85.1
DE-Tha,1997-2024,NEE,238792,-1.6522,12.0066,0.807,1.658,6.1548,16.29,48.6
DK-Gds,2021-2022,Qle,16565,-3.0071,54.4669,0.7148,0.5536,72.2819,71.7216,47.3
DK-Gds,2021-2022,Qh,24336,-7.132,59.7082,0.8227,0.499,104.2411,83.9413,69.5
DK-Gds,2021-2022,NEE,13037,-5.7153,17.7207,0.6599,1.827,8.8424,21.2368,37.2
DK-RCW,2023-2024,Qle,25074,5.5435,33.5637,0.8824,0.4201,62.302,70.3453,71.5
DK-RCW,2023-2024,Qh,27782,4.555,72.1104,0.5459,0.741,82.8251,64.2935,79.2
DK-RCW,2023-2024,NEE,16747,-1.7082,5.9162,0.8148,0.6099,7.9009,9.7706,47.7
DK-Skj,2021-2022,Qle,18747,-7.4877,36.6016,0.8695,0.4495,66.4507,72.1405,53.5
DK-Skj,2021-2022,Qh,26112,1.514,57.7103,0.7225,0.6607,67.2487,82.742,74.5
DK-Skj,2021-2022,NEE,13810,-2.2105,7.5105,0.7681,0.9992,6.0482,10.6892,39.4
DK-Sor,1997-2024,Qle,399397,12.7035,48.8105,0.832,0.5273,76.5098,84.1384,81.4
DK-Sor,1997-2024,Qh,428099,-3.0801,64.23,0.739,0.653,94.1909,60.1366,87.2
DK-Sor,1997-2024,NEE,324488,-3.4656,9.6825,0.8139,0.8418,8.8214,14.6272,66.1
DK-Vng,2021-2022,Qle,15408,13.3926,40.7875,0.8677,0.4552,76.3303,72.8962,44.0
DK-Vng,2021-2022,Qh,17284,10.3142,42.5243,0.8757,0.6675,55.9483,80.1675,49.3
DK-Vng,2021-2022,NEE,14291,-3.76,14.2601,0.8148,2.1296,7.5354,19.1829,40.8
EE-Pts,2023-2024,Qle,28336,4.9789,35.4204,0.8811,0.4142,65.6007,74.1487,80.8
EE-Pts,2023-2024,Qh,29778,4.4348,40.3939,0.7068,0.6713,50.6033,53.9401,84.9
EE-Pts,2023-2024,NEE,17869,-1.2318,9.2638,0.3803,3.3866,4.1776,9.9175,50.9
EE-Rng,2024-2024,Qle,13633,1.2632,32.6266,0.8965,0.383,68.4455,73.3437,77.6
EE-Rng,2024-2024,Qh,14079,20.0677,56.1084,0.6745,1.7422,30.8302,67.9914,80.1
EE-Rng,2024-2024,NEE,8289,-7.6161,19.9968,0.1729,8.2381,4.6645,18.7163,47.2
EE-Stg,2017-2024,Qle,99073,17.2615,55.487,0.7306,0.7292,54.2488,77.1645,70.6
EE-Stg,2017-2024,Qh,119529,-19.0092,57.2494,0.8185,0.5381,90.6058,88.524,85.2
EE-Stg,2017-2024,NEE,86584,0.3474,10.9426,0.8273,1.9733,5.3448,14.9385,61.7
ES-Abr,2016-2020,Qle,68521,1.6725,36.933,0.7945,0.6526,47.5214,60.7427,78.1
ES-Abr,2016-2020,Qh,77859,10.1011,37.9603,0.9559,0.2534,112.5965,123.3367,88.8
ES-Abr,2016-2020,NEE,44104,6.5615,10.7093,0.5593,2.8318,4.0285,10.03,50.3
ES-Agu,2007-2024,Qle,164768,5.4848,34.8401,0.6865,0.8494,32.5824,47.3184,52.2
ES-Agu,2007-2024,Qh,182919,-30.6392,71.7556,0.897,0.3822,138.6162,102.9663,58.0
ES-Agu,2007-2024,NEE,0,,,,,,,
ES-Amo,2008-2019,Qle,144987,6.0143,36.4332,0.6368,0.9388,30.1007,46.6035,68.9
ES-Amo,2008-2019,Qh,160458,-22.5744,65.6673,0.874,0.344,125.9245,117.7386,76.3
ES-Amo,2008-2019,NEE,105418,3.8043,8.9503,0.4491,5.2374,1.9753,8.794,50.1
ES-Cnd,2015-2020,Qle,65853,38.257,77.6721,0.7234,1.1697,49.8505,94.2398,62.6
ES-Cnd,2015-2020,Qh,70333,-19.3671,52.817,0.8272,0.5201,81.2565,49.0482,66.8
ES-Cnd,2015-2020,NEE,12369,0.4271,4.7045,0.4366,0.8927,5.1044,3.1571,11.8
ES-Crg,2022-2024,Qle,34040,-4.158,31.9803,0.829,0.4897,53.3033,55.0043,64.7
ES-Crg,2022-2024,Qh,41723,18.872,46.177,0.9519,0.3068,129.4515,137.4695,79.3
ES-Crg,2022-2024,NEE,12848,10.6128,14.6697,0.2182,3.1476,4.2523,10.1662,24.4
ES-Dnn,2024-2024,Qle,4065,39.1353,63.6105,0.6597,1.6211,39.2471,66.4472,23.1
ES-Dnn,2024-2024,Qh,5021,30.7293,53.2923,0.9666,0.3127,168.7335,168.2835,28.6
ES-Dnn,2024-2024,NEE,3181,12.7317,16.614,0.6721,6.507,2.9859,12.4493,18.1
ES-FtD,2021-2024,Qle,46384,33.9133,82.9645,0.6512,1.0725,72.416,99.2361,66.1
ES-FtD,2021-2024,Qh,50571,-19.077,81.6844,0.8092,0.5884,114.6406,134.874,72.1
ES-FtD,2021-2024,NEE,31487,11.5602,17.9573,0.2105,5.5081,4.5429,13.9602,44.9
ES-Gdn,2015-2020,Qle,52098,35.4303,77.3134,0.7082,0.9699,58.4721,96.3408,49.5
ES-Gdn,2015-2020,Qh,59087,-14.8245,53.4444,0.8597,0.4453,93.3899,61.2937,56.2
ES-Gdn,2015-2020,NEE,13132,0.7767,4.9843,0.3416,0.994,5.0639,2.9909,12.5
ES-HdD,2024-2024,Qle,12476,0.1743,27.1429,0.9158,0.3493,67.3783,63.7918,71.0
ES-HdD,2024-2024,Qh,13026,7.2988,38.2184,0.9587,0.2899,121.8441,102.4709,74.1
ES-HdD,2024-2024,NEE,8678,8.1254,11.9359,0.5467,1.5534,9.2809,9.0803,49.4
ES-HeB,2019-2024,Qle,72471,-14.8263,52.4139,0.634,0.6949,62.5052,53.4529,68.9
ES-HeB,2019-2024,Qh,86123,27.3815,53.8879,0.9372,0.3845,121.6898,132.7864,81.9
ES-HeB,2019-2024,NEE,39171,7.3245,9.1798,0.0082,2.6285,3.9998,3.8569,37.2
ES-Hen,2019-2024,Qle,67893,-11.3566,49.7406,0.5986,0.6924,56.3486,51.2759,64.5
ES-Hen,2019-2024,Qh,79411,0.5322,52.3925,0.9348,0.3065,143.2222,121.4116,75.5
ES-Hen,2019-2024,NEE,35644,6.9371,8.3377,0.2203,3.1105,3.3573,4.0059,33.9
ES-LJu,2005-2024,Qle,256824,15.8978,46.1773,0.6093,1.1165,33.3435,54.6773,73.2
ES-LJu,2005-2024,Qh,278061,2.3938,54.2447,0.8982,0.3484,117.8899,121.7224,79.3
ES-LJu,2005-2024,NEE,112616,3.3463,5.3805,0.272,3.8054,1.6911,4.3463,32.1
ES-LM1,2015-2024,Qle,131963,9.5055,45.2706,0.8607,0.5623,64.3799,85.1531,75.3
ES-LM1,2015-2024,Qh,149672,12.1815,39.6975,0.9489,0.3137,102.8132,116.9265,85.4
ES-LM1,2015-2024,NEE,76593,-3.4659,17.219,0.6914,2.9985,5.2407,20.0598,43.7
ES-LM2,2015-2024,Qle,133850,11.7267,46.3595,0.8536,0.6191,60.4344,83.5272,76.3
ES-LM2,2015-2024,Qh,151700,14.9767,44.908,0.949,0.3416,102.5613,124.6783,86.5
ES-LM2,2015-2024,NEE,78823,-2.7648,16.4221,0.682,2.8915,5.1959,19.2793,45.0
ES-LMa,2020-2024,Qle,63963,17.1777,50.3428,0.8549,0.6792,58.5894,86.3603,72.9
ES-LMa,2020-2024,Qh,69947,9.6995,41.8411,0.9346,0.351,95.2791,111.5943,79.8
ES-LMa,2020-2024,NEE,40595,-4.0016,17.6602,0.6763,3.338,4.8183,20.0891,46.3
ES-Ln2,2009-2009,Qle,6160,84.6854,128.1633,0.4114,2.5802,55.0236,104.7302,35.2
ES-Ln2,2009-2009,Qh,8596,-16.0123,76.1056,0.8338,0.437,131.5814,125.812,49.1
ES-Ln2,2009-2009,NEE,5880,-3.7013,7.4192,-0.1308,6.8696,1.1791,6.1686,33.6
ES-Mcd,2019-2024,Qle,76673,5.2951,57.0119,0.6374,0.84,47.0075,73.6705,72.9
ES-Mcd,2019-2024,Qh,90239,-16.608,62.5309,0.8506,0.4598,110.2619,77.2613,85.8
ES-Mcd,2019-2024,NEE,49057,-0.3211,8.6647,0.1876,1.4638,5.2763,7.9265,46.6
ES-MtB,2022-2024,Qle,41168,39.9727,76.7866,0.5298,1.6973,44.7987,77.1635,78.3
ES-MtB,2022-2024,Qh,48140,-14.1083,67.9695,0.8948,0.3503,137.9341,148.5219,91.5
ES-MtB,2022-2024,NEE,30880,11.993,17.2578,0.2612,4.1424,4.5645,12.7935,58.7
ES-MtN,2024-2024,Qle,7588,31.4773,58.8523,0.6751,1.3286,39.7757,66.9976,43.2
ES-MtN,2024-2024,Qh,8753,-26.5278,59.0665,0.9616,0.2311,183.4837,160.7454,49.8
ES-MtN,2024-2024,NEE,5541,19.3493,23.2514,-0.0558,4.555,5.9476,11.1123,31.5
ES-Mzn,2024-2024,Qle,13223,47.7574,102.2842,0.6447,1.4396,58.222,116.2766,75.3
ES-Mzn,2024-2024,Qh,14966,-50.4583,111.8449,0.8545,0.5569,152.1073,68.9816,85.2
ES-Mzn,2024-2024,NEE,7482,-0.7277,9.8886,0.3259,2.5396,5.585,10.1496,42.6
ES-Pdu,2014-2016,Qle,31916,12.6511,94.787,0.6312,0.7362,113.4622,104.4878,60.7
ES-Pdu,2014-2016,Qh,51298,-16.4002,84.5994,0.5455,0.7996,94.5654,76.225,97.5
ES-Pdu,2014-2016,NEE,29191,-0.1146,8.1556,0.2656,1.2958,6.4829,6.9598,55.5
ES-Pzb,2021-2024,Qle,65277,7.2059,42.7929,0.8136,0.6125,50.8649,71.4606,93.1
ES-Pzb,2021-2024,Qh,66722,11.2589,42.891,0.9268,0.392,93.0051,108.397,95.1
ES-Pzb,2021-2024,NEE,32547,6.5069,13.5397,0.5296,2.6656,5.8147,13.8805,46.4
ES-Srn,2024-2024,Qle,14037,63.3108,128.3055,0.6255,1.8703,51.9704,136.4791,79.9
ES-Srn,2024-2024,Qh,15707,-56.9781,110.3763,0.6562,0.7079,120.847,54.3806,89.4
ES-Srn,2024-2024,NEE,10002,-9.9215,20.2155,0.3118,6.0026,4.3403,18.4769,56.9
ES-TzM,2021-2024,Qle,35607,-18.7897,92.2879,0.7251,0.5356,129.6313,107.9411,50.8
ES-TzM,2021-2024,Qh,38078,5.1598,67.2108,0.5806,0.7257,80.2411,61.5013,54.3
ES-TzM,2021-2024,NEE,25106,5.3882,8.8746,0.3913,0.9855,7.6619,2.898,35.8
ES-VDA,2023-2024,Qle,24424,-10.7437,38.3309,0.8264,0.4951,64.6652,48.1552,69.6
ES-VDA,2023-2024,Qh,29420,54.4835,112.1371,0.9012,1.3104,69.2155,155.6896,83.8
ES-VDA,2023-2024,NEE,19207,0.3922,7.8314,0.782,2.0886,4.1079,10.6031,54.7
ES-Yst,2020-2024,Qle,48130,-15.4358,39.2484,0.817,0.4998,62.4906,52.9843,54.9
ES-Yst,2020-2024,Qh,57741,21.6342,67.055,0.9181,0.3413,156.6232,157.0955,65.8
ES-Yst,2020-2024,NEE,23481,12.6792,16.2713,0.4351,3.672,4.5538,11.3183,26.8
FI-Ant,2022-2022,Qle,15357,5.5961,24.3916,0.9112,0.3422,50.8714,57.5171,87.7
FI-Ant,2022-2022,Qh,16479,31.2792,67.2497,0.6144,2.2815,25.7618,71.782,94.1
FI-Ant,2022-2022,NEE,9385,-4.8848,13.8718,0.8449,1.7915,6.3931,17.9266,53.6
FI-Hyy,1997-2025,Qle,363410,-1.2196,36.1578,0.7246,0.5842,50.3307,46.6045,71.5
FI-Hyy,1997-2025,Qh,379777,5.3856,48.1781,0.8683,0.6254,78.0485,95.9305,74.7
FI-Hyy,1997-2025,NEE,187529,0.717,5.9817,0.8908,1.1964,4.8597,9.8417,36.9
FI-Jok,2001-2002,Qle,25346,20.7432,59.6182,0.8473,1.1577,35.8938,82.9552,72.3
FI-Jok,2001-2002,Qh,26738,-1.8943,34.8806,0.6876,0.9044,37.3823,47.533,76.3
FI-Jok,2001-2002,NEE,12896,-8.7332,18.7469,0.7291,7.5369,2.3673,18.2352,36.8
FI-Ken,2018-2024,Qle,59822,-6.7696,31.1059,0.7339,0.6169,44.259,36.7194,48.7
FI-Ken,2018-2024,Qh,69621,-10.9315,44.3989,0.8732,0.4991,87.4022,82.4082,56.7
FI-Ken,2018-2024,NEE,28058,-0.4768,5.5328,0.8651,1.4895,3.3299,8.1339,22.9
FI-Let,2010-2024,Qle,160826,-6.6767,47.6625,0.7487,0.4992,70.0477,44.0145,61.2
FI-Let,2010-2024,Qh,201158,36.4947,61.9589,0.8771,0.6981,95.9588,103.7237,76.5
FI-Let,2010-2024,NEE,75894,1.2568,6.9263,0.8008,1.2737,5.4428,10.3392,28.9
FI-Nsv,2022-2024,Qle,31967,12.8261,50.9339,0.7588,0.6369,56.6445,75.6738,60.8
FI-Nsv,2022-2024,Qh,38476,0.9273,50.0478,0.7272,0.9841,44.8688,72.0659,73.1
FI-Nsv,2022-2024,NEE,20680,-4.0467,12.3213,0.8048,5.811,2.0613,13.2324,39.3
FI-Pap,2022-2022,Qle,15480,5.0895,24.4555,0.9283,0.3013,56.7805,63.9567,88.4
FI-Pap,2022-2022,Qh,15928,26.0258,58.9459,0.6485,1.9196,28.1736,66.6164,90.9
FI-Pap,2022-2022,NEE,5803,-7.0396,16.666,0.6119,2.5144,5.6459,17.8858,33.1
FI-Qvd,2019-2023,Qle,67733,4.3492,27.5138,0.8953,0.3731,56.7367,60.7698,77.3
FI-Qvd,2019-2023,Qh,72520,14.5737,41.5307,0.8812,0.7157,55.3495,77.548,82.7
FI-Qvd,2019-2023,NEE,22693,-3.0796,11.3613,0.7662,1.7012,6.1974,14.9338,25.9
FI-Rk2,2020-2023,Qle,59331,3.8451,34.7138,0.8148,0.5154,54.2914,58.3703,84.6
FI-Rk2,2020-2023,Qh,62480,8.3904,39.7901,0.893,0.4644,83.0607,84.9417,89.1
FI-Rk2,2020-2023,NEE,15576,-7.148,16.7292,0.8173,2.9294,4.7826,18.7806,22.2
FI-Ruk,2020-2023,Qle,58208,7.43,43.799,0.8236,0.4906,66.1288,75.834,83.0
FI-Ruk,2020-2023,Qh,61311,4.2407,44.5878,0.7345,1.0797,42.8656,65.0091,87.4
FI-Ruk,2020-2023,NEE,14815,-10.5477,19.2719,0.6744,2.4819,7.4308,20.1789,21.1
FI-Sar,2022-2022,Qle,16535,1.7455,21.8125,0.924,0.3586,51.3542,56.7859,94.4
FI-Sar,2022-2022,Qh,16658,25.974,58.9503,0.6372,2.1895,25.5387,65.3981,95.1
FI-Sar,2022-2022,NEE,6894,-7.8849,17.709,0.8211,2.7622,5.5294,20.0796,39.3
FI-Si2,2013-2015,Qle,15794,7.7971,55.4828,0.7535,0.5462,69.2074,82.9269,30.0
FI-Si2,2013-2015,Qh,20097,1.7484,49.324,0.6872,1.2984,30.3891,64.9575,38.2
FI-Si2,2013-2015,NEE,0,,,,,,,
FI-Sii,2019-2024,Qle,63666,-5.2899,27.2505,0.909,0.3568,62.6904,51.3532,60.5
FI-Sii,2019-2024,Qh,59836,30.9437,67.0281,0.8577,1.3183,42.1784,91.5364,56.9
FI-Sii,2019-2024,NEE,44700,-3.0733,13.1148,0.9027,7.7934,1.6746,14.2408,42.5
FI-Sod,2024-2024,Qle,10060,22.6751,37.1192,0.8517,0.7546,47.8908,56.0898,57.3
FI-Sod,2024-2024,Qh,9573,-7.2207,36.8027,0.8867,0.4267,76.8565,61.8904,54.5
FI-Sod,2024-2024,NEE,4111,-2.6741,8.2081,0.9206,1.8864,3.7256,11.0525,23.4
FI-Var,2016-2024,Qle,125057,-2.4053,22.2931,0.7318,0.7821,27.7107,31.8744,79.2
FI-Var,2016-2024,Qh,143000,-0.5703,35.5387,0.8874,0.6486,58.1391,74.923,90.6
FI-Var,2016-2024,NEE,65328,1.068,5.2241,0.6867,1.817,3.0071,6.6882,41.4
FR-Aur,2006-2024,Qle,233480,18.0869,59.1566,0.769,0.7258,60.6913,87.5046,70.1
FR-Aur,2006-2024,Qh,256518,4.7532,42.2243,0.8179,0.5127,68.7705,70.1895,77.0
FR-Aur,2006-2024,NEE,141612,-1.4159,10.5425,0.6149,1.4755,7.0296,13.1771,42.5
FR-Bil,2015-2025,Qle,133885,1.9871,46.4885,0.8436,0.3941,86.0804,77.1652,69.4
FR-Bil,2015-2025,Qh,137903,3.2197,48.4758,0.9189,0.3338,120.2107,100.9554,71.5
FR-Bil,2015-2025,NEE,92205,3.2966,10.7697,0.8083,1.3441,7.541,15.3369,47.8
FR-CLt,2020-2023,Qle,46874,38.8376,89.4477,0.7782,1.2654,57.0655,116.5775,66.8
FR-CLt,2020-2023,Qh,58680,10.0482,45.3075,0.8128,0.5733,75.6617,58.5268,83.7
FR-CLt,2020-2023,NEE,24981,-13.3043,23.3849,0.6223,4.4993,4.85,21.8713,35.6
FR-EM2,2017-2024,Qle,113175,14.2259,50.1778,0.8475,0.4803,76.7538,90.6651,80.7
FR-EM2,2017-2024,Qh,99144,4.4803,40.2112,0.7431,0.5762,59.2488,49.0456,70.7
FR-EM2,2017-2024,NEE,58365,-3.3019,12.7919,0.553,1.1431,9.69,14.7152,41.6
FR-FBn,2009-2024,Qle,194828,2.0403,41.774,0.7325,0.6255,53.3363,59.6252,69.5
FR-FBn,2009-2024,Qh,256085,0.6442,45.4776,0.9621,0.2462,161.1581,143.2881,91.3
FR-FBn,2009-2024,NEE,92818,8.1773,13.5959,0.6487,1.9315,6.5353,13.8959,33.1
FR-Fon,2020-2024,Qle,49801,7.2501,49.3702,0.7638,0.537,70.8907,71.1973,56.8
FR-Fon,2020-2024,Qh,52824,2.201,50.2268,0.7964,0.5157,79.6199,77.5171,60.2
FR-Fon,2020-2024,NEE,41239,2.3763,11.3231,0.3558,1.168,8.8242,10.5263,47.0
FR-Gri,2005-2025,Qle,191584,10.8314,48.9412,0.777,0.5627,67.1652,74.3203,52.0
FR-Gri,2005-2025,Qh,219161,17.2439,45.0246,0.8377,0.6866,59.4478,75.7894,59.5
FR-Gri,2005-2025,NEE,111489,0.9931,9.9575,0.465,0.9206,9.3206,9.819,30.3
FR-Hes,1998-2024,Qle,310022,32.3798,64.295,0.813,0.8324,67.2007,94.0628,65.5
FR-Hes,1998-2024,Qh,339601,5.0932,45.827,0.8009,0.5549,74.0984,69.6178,71.7
FR-Hes,1998-2024,NEE,0,,,,,,,
FR-LBr,1998-2008,Qle,123592,18.2443,65.3579,0.6861,0.6594,76.6427,81.3973,64.1
FR-LBr,1998-2008,Qh,145338,161.3712,244.0785,0.391,2.8595,89.23,198.5629,75.4
FR-LBr,1998-2008,NEE,63322,6.5623,14.0117,0.51,1.7628,7.8937,14.3779,32.8
FR-LGt,2018-2024,Qle,54313,11.4149,53.1017,0.7648,0.5403,72.7061,77.8541,44.3
FR-LGt,2018-2024,Qh,67135,27.7161,59.7001,0.8048,0.7288,69.1484,88.988,54.7
FR-LGt,2018-2024,NEE,0,,,,,,,
FR-Lam,2021-2023,Qle,34491,17.5692,54.5004,0.8031,0.6129,68.4502,86.5674,65.6
FR-Lam,2021-2023,Qh,32560,9.3717,39.9738,0.8615,0.4794,68.7443,76.3034,61.9
FR-Lam,2021-2023,NEE,19607,-1.852,10.2559,0.4403,1.1683,7.9634,10.6219,37.3
FR-Lqu,2023-2024,Qle,16511,25.7296,49.2035,0.9495,0.4324,98.419,121.8104,47.1
FR-Lqu,2023-2024,Qh,15756,1.7734,31.0398,0.8684,0.4209,62.4958,54.5626,44.9
FR-Lqu,2023-2024,NEE,10048,-23.6862,36.0482,0.8686,3.4857,8.4125,34.1594,28.6
FR-Lus,2023-2024,Qle,20837,20.2926,41.2484,0.9317,0.3826,85.0387,97.5317,59.4
FR-Lus,2023-2024,Qh,18696,15.1544,31.2868,0.8857,0.5236,57.8005,56.6147,53.3
FR-Lus,2023-2024,NEE,15877,-2.1482,9.6764,0.7713,0.7494,8.9327,14.4201,45.2
FR-Mau,2007-2010,Qle,48267,-3.8593,36.3412,0.8934,0.3743,79.3901,76.7018,68.8
FR-Mau,2007-2010,Qh,63936,10.3181,33.4354,0.9183,0.4104,78.6372,78.7533,91.2
FR-Mau,2007-2010,NEE,30341,1.3979,8.3748,0.484,1.6505,6.0066,9.2754,43.3
FR-Mej,2019-2024,Qle,85367,24.1747,45.7361,0.9343,0.5609,63.4122,90.8081,81.1
FR-Mej,2019-2024,Qh,84496,1.9752,21.4452,0.9125,0.3505,52.1817,48.1994,80.3
FR-Mej,2019-2024,NEE,60640,-6.7198,12.5993,0.6906,1.2308,8.3058,14.5389,57.6
FR-Nzn,2016-2024,Qle,94142,13.1282,41.2505,0.9439,0.3409,83.5661,106.5867,59.6
FR-Nzn,2016-2024,Qh,133613,7.7311,22.7718,0.8847,0.458,45.9381,40.4441,84.7
FR-Nzn,2016-2024,NEE,29913,-12.9246,18.8152,0.7828,1.7771,9.09,19.565,19.0
FR-Pue,2001-2025,Qle,322939,21.3819,47.7092,0.8516,0.6735,55.9223,78.5978,73.7
FR-Pue,2001-2025,Qh,305579,5.919,41.0043,0.9445,0.2934,122.8837,111.9566,69.7
FR-Pue,2001-2025,NEE,180257,3.6948,7.096,0.7074,1.2684,5.2715,8.5059,41.1
FR-Tou,2018-2024,Qle,93442,8.6439,34.1999,0.8914,0.4181,65.4754,72.9966,76.1
FR-Tou,2018-2024,Qh,114189,2.9768,32.6748,0.934,0.3733,79.2388,90.0583,93.0
FR-Tou,2018-2024,NEE,45938,0.9599,4.3459,0.7159,0.7082,5.9522,5.0956,37.4
GF-Guy,2017-2023,Qle,73708,-19.9829,70.4479,0.7853,0.4845,104.2822,62.0235,60.1
GF-Guy,2017-2023,Qh,69806,64.7438,131.2497,0.8846,1.6653,62.822,165.9153,56.9
GF-Guy,2017-2023,NEE,47442,7.6214,19.3535,0.8079,1.4714,13.666,26.9021,38.7
GH-Ank,2012-2013,Qle,8283,-30.0758,110.4826,0.5952,0.7382,131.5663,89.4663,23.6
GH-Ank,2012-2013,Qh,9450,29.2268,77.3671,0.6834,1.1851,62.4993,97.9344,26.9
GH-Ank,2012-2013,NEE,6103,2.255,27.5994,0.7345,2.7676,11.6123,34.8827,17.4
GL-Dsk,2020-2024,Qle,51472,5.9664,31.5545,0.5927,1.2383,22.3795,38.468,58.7
GL-Dsk,2020-2024,Qh,57762,-15.5702,56.3978,0.5017,0.7383,62.4878,35.423,65.9
GL-Dsk,2020-2024,NEE,22616,-4.4776,12.0364,0.7546,4.0703,2.1355,12.6956,25.8
GL-NuF,2020-2023,Qle,9001,18.2125,36.5446,0.8967,0.8061,39.1996,61.6562,12.8
GL-NuF,2020-2023,Qh,9359,10.3656,33.5524,0.914,0.4757,71.9601,52.8996,13.3
GL-NuF,2020-2023,NEE,6271,0.3977,2.1991,0.7923,0.8794,2.3,0.1765,8.9
GL-ZaF,2023-2024,Qle,10408,11.0049,29.9036,0.802,0.7489,34.0822,46.2719,29.7
GL-ZaF,2023-2024,Qh,9455,1.5015,24.8732,0.8841,0.3886,52.9668,44.9034,26.9
GL-ZaF,2023-2024,NEE,6300,-0.4329,3.6286,0.5057,1.4932,2.0281,4.1749,18.0
GL-ZaH,2021-2023,Qle,13728,16.3702,36.7355,0.6383,1.2548,26.304,42.7044,26.1
GL-ZaH,2021-2023,Qh,13879,2.4174,39.3113,0.7573,0.5566,59.0558,51.921,26.4
GL-ZaH,2021-2023,NEE,0,,,,,,,
HK-MPM,2017-2018,Qle,16954,-32.4698,59.0552,0.9178,0.423,111.2392,80.1288,48.4
HK-MPM,2017-2018,Qh,17712,19.7014,40.4457,0.9112,0.4547,84.4699,83.0129,50.5
HK-MPM,2017-2018,NEE,12944,8.511,10.8686,0.785,1.0979,9.7369,10.693,36.9
ID-JOP,2015-2023,Qle,68329,6.7363,73.2453,0.8634,0.3734,133.8456,143.1335,43.3
ID-JOP,2015-2023,Qh,107210,8.144,50.1832,0.5797,0.8648,40.1486,60.4475,68.0
ID-JOP,2015-2023,NEE,38312,-14.9892,35.4383,0.7561,2.4225,14.4488,41.6136,24.3
ID-PaB,2004-2016,Qle,115941,-1.6151,60.043,0.8963,0.3202,132.3431,131.2203,50.9
ID-PaB,2004-2016,Qh,123925,20.9099,51.1107,0.8116,0.6997,54.5092,78.3075,54.4
ID-PaB,2004-2016,NEE,67229,-19.5453,34.8356,0.6993,4.9036,8.1212,33.9247,29.5
ID-PaD,2001-2017,Qle,94306,-4.102,83.8739,0.8462,0.3861,157.1331,130.5639,31.6
ID-PaD,2001-2017,Qh,110460,19.9429,55.8283,0.8211,0.7072,66.3017,90.3204,37.1
ID-PaD,2001-2017,NEE,57735,-20.42,35.1485,0.7298,2.9634,12.6206,36.4865,19.4
ID-Pag,2004-2018,Qle,94349,-24.0352,92.956,0.8684,0.3632,175.902,131.3708,35.9
ID-Pag,2004-2018,Qh,90474,22.7474,57.6262,0.8293,0.6858,66.8574,92.9606,34.4
ID-Pag,2004-2018,NEE,59116,-16.3867,31.2737,0.7917,2.2102,14.2328,36.445,22.5
IE-CaC,2004-2006,Qle,20281,30.1493,55.4648,0.7393,2.6073,19.6011,59.1353,38.6
IE-CaC,2004-2006,Qh,20534,-3.9122,41.4047,0.7654,0.5572,63.9364,46.494,39.0
IE-CaC,2004-2006,NEE,15818,-4.9545,12.6332,0.5459,2.6225,4.9888,13.5667,30.1
IE-CaN,2004-2006,Qle,17716,27.9029,52.8653,0.7778,2.2969,21.5287,59.5608,33.7
IE-CaN,2004-2006,Qh,18012,-4.2183,36.4144,0.7291,0.6126,52.682,41.2412,34.2
IE-CaN,2004-2006,NEE,12624,-6.454,14.4702,0.492,3.9305,4.2765,14.5082,24.0
IE-Cra,2020-2024,Qle,23902,49.3054,95.0027,0.784,1.9723,41.4952,109.5439,27.3
IE-Cra,2020-2024,Qh,30396,-22.7263,69.1252,0.5328,0.7026,77.057,44.1725,34.7
IE-Cra,2020-2024,NEE,0,,,,,,,
IE-Gwr,2016-2016,Qle,3908,-11.3296,49.2886,0.8425,0.4907,83.7072,86.8681,22.2
IE-Gwr,2016-2016,Qh,4375,-6.7381,40.2217,0.5557,0.7287,47.6956,26.6554,24.9
IE-Gwr,2016-2016,NEE,2726,-28.6292,37.8901,0.786,3.6862,9.4393,31.5436,15.5
IL-RmH,2016-2019,Qle,15408,2.6439,55.4986,0.6595,0.746,59.6924,71.9211,22.0
IL-RmH,2016-2019,Qh,20073,32.2337,72.3655,0.9078,0.4637,127.7238,152.4104,28.6
IL-RmH,2016-2019,NEE,0,,,,,,,
IL-Yat,2001-2024,Qle,301353,-3.3014,36.8066,0.6371,0.7505,40.4711,45.0385,71.6
IL-Yat,2001-2024,Qh,346636,-34.793,87.5807,0.9408,0.3502,185.6141,124.6023,82.4
IL-Yat,2001-2024,NEE,145863,7.925,11.2641,0.581,4.0933,3.3155,9.4625,34.7
IT-Arz,2017-2023,Qle,80812,39.8856,92.5893,0.8484,0.8845,82.9414,141.4596,65.9
IT-Arz,2017-2023,Qh,108393,-20.6614,54.9731,0.5917,0.6941,62.9629,41.6004,88.3
IT-Arz,2017-2023,NEE,56157,-16.5058,27.5186,0.8366,3.9295,6.4761,27.149,45.8
IT-BCi,2005-2025,Qle,184399,5.0449,67.7887,0.7313,0.5985,88.0268,95.4332,50.1
IT-BCi,2005-2025,Qh,215491,4.3212,58.9746,0.7847,0.5347,94.7817,76.9774,58.5
IT-BCi,2005-2025,NEE,116821,-3.5435,12.0664,0.3715,0.9669,11.3512,8.9054,31.7
IT-BFt,2019-2024,Qle,57741,-2.439,55.1805,0.8049,0.5198,87.4822,88.9542,54.9
IT-BFt,2019-2024,Qh,78680,-33.5232,70.4553,0.6455,0.7011,80.358,43.3033,74.8
IT-BFt,2019-2024,NEE,34845,-3.3933,10.4335,0.6773,0.9456,9.8785,13.3637,33.1
IT-BsB,2022-2024,Qle,31729,8.4677,58.3294,0.7844,0.5642,79.8739,92.2515,60.3
IT-BsB,2022-2024,Qh,33530,37.5752,68.2659,0.8947,0.6844,87.994,120.0108,63.7
IT-BsB,2022-2024,NEE,5832,0.1011,19.5605,0.6187,1.8381,10.2151,24.1581,11.1
IT-Bsn,2020-2021,Qle,13989,-16.2945,56.2015,0.7537,0.5306,81.3788,67.0586,39.9
IT-Bsn,2020-2021,Qh,14683,40.55,76.0551,0.8399,0.8189,87.1391,116.8091,41.8
IT-Bsn,2020-2021,NEE,7625,5.5378,10.7418,0.4835,1.4395,7.748,9.9688,21.7
IT-CA1,2012-2014,Qle,24063,9.9862,76.9787,0.725,0.6858,95.7142,107.8576,45.7
IT-CA1,2012-2014,Qh,31138,-1.3024,59.8395,0.8492,0.4694,113.2909,96.3212,59.2
IT-CA1,2012-2014,NEE,15546,-2.0916,17.3833,0.1505,3.0596,5.5602,17.1952,29.6
IT-CA2,2012-2014,Qle,31230,26.9597,65.581,0.8439,0.7847,64.9506,103.3902,59.4
IT-CA2,2012-2014,Qh,34051,15.4452,48.689,0.8967,0.4623,84.5941,102.8624,64.7
IT-CA2,2012-2014,NEE,18355,-2.448,13.4675,0.7128,2.0105,6.7555,17.1814,34.9
IT-CA3,2012-2014,Qle,24914,3.1894,70.2721,0.7225,0.6021,90.1965,97.4008,47.4
IT-CA3,2012-2014,Qh,27443,16.5555,55.9039,0.8002,0.6321,73.4265,88.9541,52.2
IT-CA3,2012-2014,NEE,13654,0.7245,17.0862,0.1565,2.5043,7.1384,16.6641,26.0
IT-Cp2,2013-2025,Qle,102660,7.0106,57.6347,0.7227,0.5735,75.9256,77.6533,45.0
IT-Cp2,2013-2025,Qh,117727,-17.9253,68.7109,0.9131,0.3709,155.1821,121.7848,51.7
IT-Cp2,2013-2025,NEE,77060,3.5929,15.355,0.6228,1.7477,8.4521,18.6478,33.8
IT-Cpz,2001-2008,Qle,74299,18.5843,53.8748,0.7971,0.6065,64.0735,83.6273,53.0
IT-Cpz,2001-2008,Qh,103634,5.3429,48.9598,0.935,0.306,137.0675,130.5589,73.9
IT-Cpz,2001-2008,NEE,56318,3.7307,16.4595,0.5096,2.2168,7.1924,18.4539,40.2
IT-Lav,2003-2020,Qle,169411,-23.7855,61.4378,0.7332,0.5858,83.2616,62.8574,53.7
IT-Lav,2003-2020,Qh,187180,4.2147,65.4639,0.9118,0.3747,154.3361,124.8764,59.3
IT-Lav,2003-2020,NEE,108040,0.0333,12.8543,0.7279,1.0726,10.9238,18.3974,34.2
IT-Lsn,2016-2024,Qle,105026,35.3605,69.6341,0.9048,0.6165,85.95,125.2943,66.5
IT-Lsn,2016-2024,Qh,112664,-0.9236,26.3282,0.8535,0.4048,50.3276,45.1144,71.4
IT-Lsn,2016-2024,NEE,60994,-8.5067,17.8636,0.6256,3.0484,5.2844,18.4635,38.6
IT-MBo,2003-2024,Qle,215768,-20.0333,67.3243,0.7032,0.5069,89.7115,71.0241,55.9
IT-MBo,2003-2024,Qh,234136,42.0548,76.5736,0.7915,1.0969,58.9565,99.5467,60.7
IT-MBo,2003-2024,NEE,134202,-10.5243,19.1859,0.8162,2.1432,7.5014,21.5684,34.8
IT-MtM,2014-2019,Qle,56352,-11.7041,41.0009,0.9172,0.3291,97.762,84.4977,53.6
IT-MtM,2014-2019,Qh,62983,36.1597,63.3694,0.8669,0.9693,58.2609,93.6899,59.9
IT-MtM,2014-2019,NEE,34572,-4.6456,13.4607,0.7859,1.4634,7.7582,17.7847,32.9
IT-MtP,2015-2018,Qle,44709,0.9246,32.8144,0.8668,0.4159,62.8453,64.1752,63.8
IT-MtP,2015-2018,Qh,46395,33.8249,67.0696,0.8822,0.6676,85.4952,117.0661,66.2
IT-MtP,2015-2018,NEE,19420,0.74,6.5879,0.6892,1.7509,4.0561,8.6447,27.7
IT-NiG,2020-2024,Qle,52422,-5.9103,42.3352,0.8584,0.4342,77.8205,79.5999,59.8
IT-NiG,2020-2024,Qh,58086,6.3847,40.9219,0.8651,0.4271,80.142,73.6028,66.2
IT-NiG,2020-2024,NEE,28304,0.2002,3.5986,0.6899,0.6012,4.8906,3.9858,32.3
IT-Niv,2020-2023,Qle,12605,17.1888,52.7295,0.8106,0.6102,74.1864,84.5833,18.0
IT-Niv,2020-2023,Qh,16198,38.0342,71.0298,0.8218,0.7146,80.975,104.8947,23.1
IT-Niv,2020-2023,NEE,7761,0.985,3.7989,0.5676,1.1158,3.1396,4.386,11.1
IT-Noe,2022-2024,Qle,27926,16.3793,72.9396,0.413,1.1698,53.4442,73.8678,53.1
IT-Noe,2022-2024,Qh,35697,23.6432,87.7221,0.8626,0.468,164.7454,155.9026,67.9
IT-Noe,2022-2024,NEE,22586,5.3133,10.4905,0.4097,1.5991,6.2753,9.5749,42.9
IT-Ren,1999-2025,Qle,325102,-20.1327,76.8671,0.6813,0.577,99.7216,54.7402,68.7
IT-Ren,1999-2025,Qh,365662,-7.4292,76.144,0.8416,0.4443,139.3908,125.8614,77.2
IT-Ren,1999-2025,NEE,111141,-2.3485,10.651,0.7284,1.0926,8.7189,14.8498,23.5
IT-Ro1,2001-2008,Qle,93091,23.5746,59.2775,0.8544,0.7113,62.9685,97.2492,66.4
IT-Ro1,2001-2008,Qh,102990,-27.78,65.7433,0.8597,0.476,108.9571,72.3854,73.4
IT-Ro1,2001-2008,NEE,50721,-0.9266,14.2521,0.5037,1.8677,7.0781,16.4055,36.2
IT-Ro2,2002-2012,Qle,103760,12.3725,68.8087,0.7178,0.6122,83.6677,94.5221,53.8
IT-Ro2,2002-2012,Qh,126013,2.2783,70.7456,0.7431,0.5511,102.6672,92.9945,65.3
IT-Ro2,2002-2012,NEE,81876,2.9034,18.6604,0.2809,2.0943,8.4923,18.9186,42.5
IT-SR2,2013-2024,Qle,134681,-3.5227,55.407,0.8398,0.3893,101.8339,86.6281,64.0
IT-SR2,2013-2024,Qh,162863,24.8973,54.7821,0.9341,0.4133,133.5308,114.2708,77.4
IT-SR2,2013-2024,NEE,73290,2.9252,12.4543,0.6083,1.1765,9.7564,15.2398,34.8
IT-SRo,1999-2012,Qle,170322,-1.7128,45.1804,0.778,0.5035,67.8934,67.6222,69.4
IT-SRo,1999-2012,Qh,184879,23.462,60.6571,0.9063,0.4438,121.9928,132.2229,75.3
IT-SRo,1999-2012,NEE,117100,5.435,10.669,0.6487,1.2406,8.1743,12.0549,47.7
IT-Tor,2009-2023,Qle,164819,1.0854,35.5448,0.9325,0.2738,98.0249,94.2232,62.7
IT-Tor,2009-2023,Qh,182566,9.2431,40.9213,0.8505,0.4176,74.1889,71.2727,69.4
IT-Tor,2009-2023,NEE,74565,-13.2723,21.2522,0.7842,2.8592,5.9477,20.8472,28.4
IT-TrF,2013-2024,Qle,116916,-3.7245,55.7806,0.8181,0.4459,96.1188,85.1496,55.6
IT-TrF,2013-2024,Qh,128512,-34.9474,75.5241,0.9096,0.4018,145.0172,102.7242,61.1
IT-TrF,2013-2024,NEE,81151,-7.4881,17.0779,0.7322,1.966,7.2735,19.8532,38.6
JP-Api,2001-2022,Qle,329366,22.1933,61.4024,0.6902,1.223,46.5166,78.4154,85.4
JP-Api,2001-2022,Qh,334951,4.8919,61.5893,0.8176,0.6847,85.1225,106.5775,86.8
JP-Api,2001-2022,NEE,167146,-2.3386,8.2933,0.8666,1.2034,6.1211,12.6518,43.3
JP-BBY,2014-2020,Qle,26520,24.0376,63.0277,0.924,0.5651,90.3049,130.3617,21.6
JP-BBY,2014-2020,Qh,37851,-21.7945,53.3866,0.741,0.5535,72.5516,52.5796,30.8
JP-BBY,2014-2020,NEE,15612,-19.8122,29.7975,0.9033,5.8395,4.5987,26.3232,12.7
JP-Fhk,2006-2023,Qle,123211,-6.3505,50.833,0.8463,0.4174,94.5897,77.7982,39.0
JP-Fhk,2006-2023,Qh,217898,15.0427,55.0237,0.9125,0.4255,110.535,128.3922,69.1
JP-Fhk,2006-2023,NEE,80907,-6.27,13.7619,0.8726,1.2695,10.0023,19.9625,25.6
JP-Fjy,2001-2020,Qle,117844,-0.6797,39.0125,0.8571,0.4681,67.7295,75.4774,33.6
JP-Fjy,2001-2020,Qh,289235,31.2793,57.8674,0.8984,0.6112,87.242,108.4099,82.5
JP-Fjy,2001-2020,NEE,113982,-2.4069,11.4521,0.873,1.262,7.9562,17.4482,32.5
JP-Fmt,2014-2022,Qle,49538,40.7555,107.2963,0.6864,0.7965,123.8051,126.7596,31.4
JP-Fmt,2014-2022,Qh,89405,-59.5541,121.9989,0.6231,0.746,135.7462,76.5513,56.7
JP-Fmt,2014-2022,NEE,24046,-0.8057,8.7419,0.7323,0.6186,12.6345,10.573,15.2
JP-Hc2,2003-2004,Qle,13278,32.0855,88.1026,0.8557,0.6081,104.5922,151.1819,37.8
JP-Hc2,2003-2004,Qh,14758,7.2715,50.5415,0.5023,0.9949,51.016,49.1957,42.1
JP-Hc2,2003-2004,NEE,8720,-10.4734,23.1509,0.6311,2.609,9.1746,25.1716,24.9
JP-Hc3,2005-2008,Qle,39099,24.3913,75.6746,0.8122,0.7253,81.8779,119.8879,55.8
JP-Hc3,2005-2008,Qh,40138,9.1484,50.8004,0.5842,0.9739,47.5929,59.5064,57.2
JP-Hc3,2005-2008,NEE,24028,-4.9442,17.076,0.5381,2.1677,7.6402,19.1337,34.3
JP-KaP,1997-1997,Qle,2031,16.0382,83.9814,0.8172,0.7359,93.0067,138.6283,11.6
JP-KaP,1997-1997,Qh,2045,4.609,45.1453,0.7076,1.1574,29.3194,60.5938,11.7
JP-KaP,1997-1997,NEE,1254,-9.3945,26.5732,0.8199,2.9097,9.3728,31.9555,7.2
JP-Khw,2010-2021,Qle,31038,-39.6668,106.4911,0.6723,0.6243,133.1801,96.4298,14.8
JP-Khw,2010-2021,Qh,40448,44.8876,79.4936,0.8662,0.6018,122.3376,129.8066,19.2
JP-Khw,2010-2021,NEE,0,,,,,,,
JP-Kzw,2005-2005,Qle,13718,49.5741,85.4624,0.8154,3.9608,23.2021,87.2244,78.3
JP-Kzw,2005-2005,Qh,15293,-11.0333,58.5703,0.761,0.6125,77.9888,86.7158,87.3
JP-Kzw,2005-2005,NEE,6887,-8.9418,20.7054,0.8389,3.4763,4.8484,22.5548,39.3
JP-MBF,2005-2010,Qle,32755,-13.8921,69.4792,0.7204,0.6299,90.4417,91.6194,31.1
JP-MBF,2005-2010,Qh,65782,-8.4849,72.6897,0.7469,0.6848,93.4774,106.5485,62.5
JP-MBF,2005-2010,NEE,18755,-2.36,8.91,0.8449,0.9697,7.9208,14.1664,17.8
JP-MMF,2005-2010,Qle,34702,-12.2313,54.1273,0.7889,0.5474,84.5787,75.6122,33.0
JP-MMF,2005-2010,Qh,62407,11.9961,61.3366,0.8358,0.5254,104.9141,105.0483,59.3
JP-MMF,2005-2010,NEE,24433,-0.3107,8.9233,0.778,1.1172,7.3299,13.3399,23.2
JP-Mse,2002-2006,Qle,63808,11.771,56.2175,0.8984,0.4652,95.2072,121.2259,72.8
JP-Mse,2002-2006,Qh,71620,1.1053,37.4818,0.7539,0.8086,41.3015,56.9682,81.7
JP-Mse,2002-2006,NEE,34115,-13.846,26.0985,0.8135,3.4292,7.8583,28.0378,38.9
JP-Nkm,2019-2023,Qle,13310,1.5648,77.3624,0.4752,1.0248,65.2125,82.8603,15.2
JP-Nkm,2019-2023,Qh,13400,32.1163,124.5547,0.8316,1.0545,101.8236,190.9102,15.3
JP-Nkm,2019-2023,NEE,0,,,,,,,
JP-NsC,2005-2014,Qle,107425,7.1256,48.9304,0.9022,0.4132,91.6392,110.6426,61.3
JP-NsC,2005-2014,Qh,135861,7.7602,41.1574,0.7963,0.6687,52.5661,66.8069,77.5
JP-NsC,2005-2014,NEE,60362,-10.6709,22.4405,0.7397,1.9172,9.6455,25.7786,34.4
JP-NsM,2005-2014,Qle,113267,4.6304,45.1487,0.9185,0.3596,95.702,112.1073,64.6
JP-NsM,2005-2014,Qh,143004,9.4272,39.9855,0.7895,0.7087,49.7213,63.3134,81.6
JP-NsM,2005-2014,NEE,65137,-11.7043,24.2247,0.6937,1.9798,9.7708,26.7858,37.2
JP-Nuf,2000-2001,Qle,26856,49.1114,87.3555,0.7299,2.4573,35.1939,93.8065,76.5
JP-Nuf,2000-2001,Qh,28859,-9.5195,65.4536,0.7755,0.658,89.4783,37.732,82.2
JP-Nuf,2000-2001,NEE,10825,-0.6395,6.0086,0.6918,0.6989,8.2732,5.8177,30.9
JP-Om2,2023-2025,Qle,17197,-6.7439,83.4905,0.7537,0.5424,117.7457,119.3425,32.7
JP-Om2,2023-2025,Qh,18896,-2.8756,59.4663,0.7165,0.6545,74.7985,81.9687,35.9
JP-Om2,2023-2025,NEE,11098,7.7721,13.9406,0.1898,1.0883,11.7804,2.6287,21.1
JP-SMF,2003-2014,Qle,138588,33.2478,63.6239,0.8926,0.6514,85.1158,114.3247,65.9
JP-SMF,2003-2014,Qh,153869,-33.1515,60.8293,0.823,0.6236,89.7845,73.5288,73.1
JP-SMF,2003-2014,NEE,27842,-2.5617,7.1352,0.8002,0.8452,7.5391,10.9223,13.2
JP-Sb1,2008-2009,Qle,13882,34.8587,67.1945,0.9162,0.7904,68.9467,113.5335,39.6
JP-Sb1,2008-2009,Qh,16475,-15.0022,45.8971,0.851,0.503,79.5376,55.9808,47.0
JP-Sb1,2008-2009,NEE,10626,-25.5546,39.274,0.8672,8.6254,4.1601,33.3585,30.3
JP-Sb2,2008-2009,Qle,12392,50.0793,89.0011,0.823,1.2625,55.4242,112.117,35.3
JP-Sb2,2008-2009,Qh,14014,-18.176,62.3182,0.7487,0.5778,89.8084,70.3013,39.9
JP-Sb2,2008-2009,NEE,9753,-20.7126,32.5305,0.8733,4.855,5.8232,30.0088,27.8
JP-Shn,2015-2019,Qle,24854,-7.0898,69.9056,0.7978,0.549,96.4048,115.0874,28.4
JP-Shn,2015-2019,Qh,24960,-14.8312,93.6363,0.7369,0.5248,136.6466,96.788,28.5
JP-Shn,2015-2019,NEE,0,,,,,,,
JP-Spp,2000-2017,Qle,209379,15.0097,61.0006,0.6994,0.6482,75.6193,76.8588,66.3
JP-Spp,2000-2017,Qh,289841,3.2214,41.0802,0.8758,0.4958,80.4403,83.4546,91.8
JP-Spp,2000-2017,NEE,100271,-4.9602,11.0774,0.8564,1.3139,8.0681,15.8956,31.8
JP-Srk,2010-2015,Qle,17552,9.1737,69.9888,0.7363,0.6421,89.1318,99.9328,16.7
JP-Srk,2010-2015,Qh,32244,33.1334,75.2994,0.7353,0.8287,84.8372,97.9671,30.7
JP-Srk,2010-2015,NEE,18283,-4.4069,14.7209,0.707,1.1823,12.2657,19.7198,17.4
JP-Ta2,2006-2015,Qle,95910,-12.1463,47.6707,0.8237,0.4855,81.2883,66.749,54.7
JP-Ta2,2006-2015,Qh,121368,51.4527,100.2506,0.7737,1.3175,64.8837,125.7865,69.2
JP-Ta2,2006-2015,NEE,60201,1.6209,10.4811,0.7796,1.0885,9.0317,15.7141,34.3
JP-Tak,1998-2021,Qle,314238,21.4935,70.7014,0.4778,1.9815,33.6408,76.601,74.7
JP-Tak,1998-2021,Qh,316646,10.0813,79.7615,0.7321,0.8249,84.6918,116.1556,75.3
JP-Tak,1998-2021,NEE,89831,-2.4929,10.2975,0.8227,1.9168,5.7799,14.1907,21.3
JP-Tef,2002-2023,Qle,177137,17.6263,50.0947,0.8293,0.68,61.7126,82.9537,45.9
JP-Tef,2002-2023,Qh,244813,-16.4619,61.3989,0.7754,0.9291,66.4437,93.2131,63.5
JP-Tef,2002-2023,NEE,118590,-9.0747,18.3984,0.8062,2.2867,7.0608,21.1421,30.7
JP-Tgf,2002-2004,Qle,34018,17.543,70.9448,0.8527,0.5966,96.0435,128.8778,64.7
JP-Tgf,2002-2004,Qh,30004,-43.4738,103.4319,0.6465,0.721,112.0715,33.7498,57.0
JP-Tgf,2002-2004,NEE,19737,-12.6585,22.3451,0.6999,1.2507,15.8354,25.6152,37.5
JP-Tkb,2018-2019,Qle,5133,56.8332,118.4769,0.5946,1.8693,53.1178,126.3583,14.6
JP-Tkb,2018-2019,Qh,5337,52.462,110.0144,0.6103,0.9947,107.0309,111.8324,15.2
JP-Tkb,2018-2019,NEE,3128,-4.9327,20.4275,0.725,1.4655,12.4781,26.9094,8.9
JP-Tmd,2005-2023,Qle,154403,17.0698,53.4505,0.8755,0.6442,63.0768,95.6854,46.4
JP-Tmd,2005-2023,Qh,155761,-4.2015,44.8488,0.8406,0.4842,80.3802,77.4703,46.8
JP-Tmd,2005-2023,NEE,96679,-11.8704,23.4389,0.8542,3.3102,6.493,25.473,29.0
JP-Tmk,2001-2003,Qle,25726,-0.8435,48.1242,0.8113,0.4688,78.6954,77.9156,48.9
JP-Tmk,2001-2003,Qh,32667,-20.6643,58.4346,0.8753,0.4531,110.1245,84.0979,62.2
JP-Tmk,2001-2003,NEE,15848,-6.9354,14.4349,0.9194,1.1736,10.1027,21.3078,30.2
JP-Toc,2011-2014,Qle,45692,10.9656,52.9361,0.6831,0.7536,61.8424,67.582,65.2
JP-Toc,2011-2014,Qh,58954,-19.7457,72.0007,0.7424,0.819,84.4402,102.6047,84.1
JP-Toc,2011-2014,NEE,25950,0.5842,8.7396,0.8294,1.0501,8.2153,14.2286,37.0
JP-Yms,2000-2023,Qle,50305,12.9497,73.5247,0.819,0.4912,116.6156,123.1073,12.0
JP-Yms,2000-2023,Qh,211106,-23.6329,73.064,0.8104,0.482,117.9596,97.2578,50.2
JP-Yms,2000-2023,NEE,41554,-5.92,16.0019,0.8448,1.997,8.3425,21.2283,9.9
JP-Ynf,2014-2022,Qle,61312,0.1581,91.5454,0.5109,0.7707,89.5667,95.2786,38.9
JP-Ynf,2014-2022,Qh,85762,32.2351,111.8588,0.8535,1.2123,77.6545,165.4546,54.4
JP-Ynf,2014-2022,NEE,40931,3.8552,14.7048,0.8643,1.5245,9.611,21.6486,25.9
KE-Aq1,2019-2019,Qle,5459,71.0849,106.8285,0.6935,1.3699,70.4386,110.3663,31.2
KE-Aq1,2019-2019,Qh,5589,-47.8636,89.3684,0.8486,0.5585,125.8656,71.2985,31.9
KE-Aq1,2019-2019,NEE,4081,4.3678,10.4361,0.3722,2.3429,5.8689,9.9411,23.3
KE-Aq2,2023-2023,Qle,12397,-10.9592,89.1147,0.5091,1.0549,80.1812,96.1309,70.8
KE-Aq2,2023-2023,Qh,12950,-97.7678,137.5982,0.6299,1.007,121.1397,53.4578,73.9
KE-Aq2,2023-2023,NEE,8893,-0.4962,10.2684,0.5755,3.0306,4.135,12.0626,50.8
KE-Chk,2023-2023,Qle,9575,-11.0675,71.7226,0.7281,0.744,83.775,102.5211,54.7
KE-Chk,2023-2023,Qh,11126,14.3427,72.2163,0.8568,0.4787,128.2737,135.0846,63.5
KE-Chk,2023-2023,NEE,8380,1.2635,2.3154,0.7054,1.1722,2.6757,2.2971,47.8
KE-Kpt,2019-2023,Qle,40547,40.2482,84.6728,0.7268,0.9136,77.388,108.441,46.3
KE-Kpt,2019-2023,Qh,44739,-13.0693,47.7032,0.8737,0.3829,94.1432,84.8441,51.0
KE-Kpt,2019-2023,NEE,28204,4.9663,9.1987,0.6133,1.7076,6.8173,9.7448,32.2
KE-Mkt,2019-2023,Qle,25278,-1.8241,45.4679,0.7481,0.5846,61.1839,66.1519,28.8
KE-Mkt,2019-2023,Qh,35356,-6.8549,56.907,0.893,0.3395,123.4656,100.0219,40.3
KE-Mkt,2019-2023,NEE,27428,2.4225,5.1555,0.6031,1.4652,3.7836,5.6879,31.3
KH-Kmp,2011-2014,Qle,17972,20.586,123.2409,0.7124,0.5831,148.2482,168.3857,25.6
KH-Kmp,2011-2014,Qh,19430,7.9526,99.6247,0.6805,1.1401,67.7091,132.1004,27.7
KH-Kmp,2011-2014,NEE,0,,,,,,,
KR-AdC,2016-2018,Qle,33992,13.0894,80.3338,0.7238,0.6544,96.4088,112.8836,64.6
KR-AdC,2016-2018,Qh,37408,14.5843,67.7931,0.8325,0.5329,100.6758,119.4799,71.1
KR-AdC,2016-2018,NEE,14989,0.5807,12.8999,0.4859,1.1961,8.7616,14.6218,28.5
KR-CRK,2016-2021,Qle,82019,15.8467,58.0418,0.8995,0.484,93.1404,121.9966,78.0
KR-CRK,2016-2021,Qh,83529,21.3705,55.5411,0.7824,0.9859,47.3057,78.9708,79.4
KR-CRK,2016-2021,NEE,40571,-5.8027,14.8773,0.7441,1.7965,7.9915,18.562,38.6
KR-CmF,2012-2019,Qle,85792,-7.633,64.4749,0.7883,0.4624,104.011,83.7507,61.2
KR-CmF,2012-2019,Qh,91558,8.1955,56.9015,0.6608,1.1529,45.0703,74.7932,65.3
KR-CmF,2012-2019,NEE,55543,0.1654,14.1141,0.5129,1.7591,8.3684,16.4399,39.6
KR-GmP,2012-2013,Qle,14401,-7.9905,55.9483,0.8971,0.3351,125.0987,115.5498,41.0
KR-GmP,2012-2013,Qh,16195,6.2533,41.3283,0.7435,0.6706,52.0889,60.0778,46.2
KR-GmP,2012-2013,NEE,11188,-2.1796,13.0861,0.6777,1.2001,9.9521,17.3712,31.9
KR-GmR,2017-2019,Qle,32477,-10.4162,74.034,0.7709,0.4839,112.8808,101.2278,61.8
KR-GmR,2017-2019,Qh,35339,35.3187,75.2382,0.7127,1.2952,46.3988,90.9855,67.2
KR-GmR,2017-2019,NEE,22178,2.935,12.1607,0.4671,1.1448,9.9972,12.4878,42.2
KR-GmS,2017-2019,Qle,36335,9.4154,57.0937,0.8704,0.4031,104.119,113.9121,69.1
KR-GmS,2017-2019,Qh,44382,11.9112,36.737,0.8437,0.5363,57.9337,64.3763,84.4
KR-GmS,2017-2019,NEE,24214,-1.649,10.4554,0.7236,0.9971,9.5587,14.859,46.1
KR-HPK,2017-2017,Qle,13652,-10.9873,71.7163,0.7491,0.504,102.5188,97.0549,77.9
KR-HPK,2017-2017,Qh,14477,56.0195,98.5866,0.8425,1.4116,57.7126,123.5512,82.6
KR-HPK,2017-2017,NEE,7994,4.5116,11.1657,0.4963,1.1972,9.4522,10.7724,45.6
KR-HcM,2016-2018,Qle,32781,7.6583,75.0938,0.5971,0.6566,86.968,78.6434,62.3
KR-HcM,2016-2018,Qh,42610,56.2472,105.625,0.8353,1.3819,65.8196,136.7356,81.0
KR-HcM,2016-2018,NEE,11785,0.2857,11.1155,0.7226,1.0542,10.0282,15.931,22.4
KR-Hnm,2016-2018,Qle,33929,39.2332,102.5817,0.7367,0.8481,101.3129,140.135,64.5
KR-Hnm,2016-2018,Qh,38769,-13.5942,57.6152,0.6828,0.6318,74.9369,62.8986,73.7
KR-Hnm,2016-2018,NEE,18344,-9.8291,19.2928,0.6401,2.2835,8.4751,20.6962,34.9
KR-JjM,2015-2018,Qle,42506,15.0353,65.5846,0.781,0.616,91.6435,99.8353,60.6
KR-JjM,2015-2018,Qh,48653,5.5882,52.4371,0.887,0.392,112.8515,98.1346,69.4
KR-JjM,2015-2018,NEE,20198,-16.0236,29.0479,0.8751,3.1069,8.9215,31.6476,28.8
KR-Kw1,2016-2020,Qle,59697,8.0008,56.5228,0.8088,0.4809,87.7905,92.5798,68.1
KR-Kw1,2016-2020,Qh,62413,13.5271,54.5056,0.8799,0.4317,110.9563,100.6319,71.2
KR-Kw1,2016-2020,NEE,29189,0.065,12.7415,0.5651,1.3493,9.2047,15.4329,33.3
KR-Kw2,2017-2020,Qle,48853,19.859,57.2736,0.7998,0.696,68.9027,89.3819,69.7
KR-Kw2,2017-2020,Qh,54313,28.7485,63.6136,0.8312,0.6912,81.3585,101.888,77.4
KR-Kw2,2017-2020,NEE,16827,-3.3297,12.4312,0.7083,1.4538,8.1795,16.2862,24.0
KR-Nj1,2024-2024,Qle,13726,25.7719,70.2629,0.8724,0.5965,95.3773,129.0386,78.1
KR-Nj1,2024-2024,Qh,13959,9.7909,47.3932,0.8101,1.0197,37.9245,71.4137,79.5
KR-Nj1,2024-2024,NEE,7983,-4.368,15.4667,0.7011,2.2166,7.9777,19.2968,45.4
KR-Nj2,2023-2024,Qle,25945,13.9128,64.591,0.8747,0.493,105.9699,129.3015,73.9
KR-Nj2,2023-2024,Qh,27904,10.4337,49.5343,0.7701,1.1031,38.4419,71.361,79.5
KR-Nj2,2023-2024,NEE,14819,-4.3176,15.7654,0.6625,2.188,8.058,19.2478,42.2
KR-PcD,2015-2018,Qle,36645,-19.1186,92.5842,0.6059,0.6667,113.6818,63.6404,52.3
KR-PcD,2015-2018,Qh,49430,38.2563,109.4994,0.7939,0.9083,107.7689,164.5111,70.5
KR-PcD,2015-2018,NEE,12193,0.9653,8.3784,0.727,0.6933,11.3568,11.1625,17.4
KR-ScC,2015-2018,Qle,46432,42.6639,135.5376,0.2904,1.6072,90.3588,121.5015,66.2
KR-ScC,2015-2018,Qh,53138,37.3096,82.7551,0.6433,1.1369,71.1765,95.6502,75.8
KR-ScC,2015-2018,NEE,9158,-1.08,11.502,0.5626,1.0138,9.7756,13.6116,13.1
KR-SmM,2015-2020,Qle,57901,-8.1752,78.083,0.6324,0.5786,97.8132,78.8389,55.0
KR-SmM,2015-2020,Qh,69532,23.088,72.531,0.7334,0.8233,76.2073,101.099,66.1
KR-SmM,2015-2020,NEE,35064,0.6752,11.2066,0.7697,1.3155,8.7049,16.408,33.3
KR-TwB,2024-2024,Qle,10044,15.883,91.8363,0.676,0.6055,106.3303,117.0633,57.2
KR-TwB,2024-2024,Qh,10956,22.6426,66.3661,0.7629,0.6786,82.5172,95.2798,62.4
KR-TwB,2024-2024,NEE,5040,-0.2322,16.5839,0.7354,1.3786,11.6709,23.1581,28.7
KR-TwC,2024-2024,Qle,9451,28.212,106.1135,0.554,0.8406,103.1773,112.7053,53.8
KR-TwC,2024-2024,Qh,13995,11.8679,67.6193,0.776,0.5626,96.98,101.5293,79.7
KR-TwC,2024-2024,NEE,7333,2.2562,16.5885,0.6052,1.7045,9.8951,20.4123,41.7
KR-UAO,2018-2019,Qle,27836,17.9891,56.0265,0.8812,0.5257,81.4505,108.2802,79.4
KR-UAO,2018-2019,Qh,29707,21.1083,52.8735,0.8584,0.684,60.2671,89.0775,84.8
KR-UAO,2018-2019,NEE,18632,-3.1221,13.8949,0.7254,1.8791,7.2536,17.8475,53.2
KR-WdE,2016-2018,Qle,29853,23.1141,93.8632,0.6096,0.8596,96.4301,108.1148,56.7
KR-WdE,2016-2018,Qh,35200,37.845,80.5766,0.8367,0.7608,92.9193,127.4521,66.9
KR-WdE,2016-2018,NEE,10063,-2.789,15.7342,0.7061,1.3724,10.0507,20.8497,19.1
ML-Kem,2008-2008,Qle,11448,-28.1044,64.59,0.7943,0.6409,81.8272,34.8188,65.2
ML-Kem,2008-2008,Qh,16387,-6.6991,75.0118,0.852,0.4745,129.7986,79.5507,93.3
ML-Kem,2008-2008,NEE,9148,5.6259,7.9634,0.713,1.2108,7.4578,7.4199,52.1
MN-Hst,2016-2019,Qle,54780,35.2177,81.9443,0.6626,1.6123,41.6225,94.6808,78.1
MN-Hst,2016-2019,Qh,61085,-14.1322,54.6041,0.7476,0.6099,76.5621,43.2358,87.1
MN-Hst,2016-2019,NEE,27140,-0.2868,2.2364,0.6869,0.7347,2.9986,1.6476,38.7
MN-Kbu,2003-2008,Qle,85444,50.4022,109.1449,0.6237,3.7831,23.6323,109.772,81.2
MN-Kbu,2003-2008,Qh,87114,-34.7671,70.8662,0.4689,0.9355,64.5752,53.9474,82.8
MN-Kbu,2003-2008,NEE,42119,-5.5004,17.2788,0.4924,3.3475,3.501,17.8181,40.0
MN-Nkh,2016-2019,Qle,55440,36.4049,86.8663,0.7802,1.3487,47.8113,110.2823,79.1
MN-Nkh,2016-2019,Qh,62421,-19.8018,61.5848,0.5438,0.7267,69.2543,42.4195,89.0
MN-Nkh,2016-2019,NEE,38604,-10.4413,23.123,0.7785,5.1393,3.2891,23.0882,55.0
MN-Udg,2011-2011,Qle,8525,16.8941,48.8393,0.828,0.8714,43.6806,74.898,48.7
MN-Udg,2011-2011,Qh,9682,-16.3287,49.9284,0.5847,0.7328,56.6082,43.9245,55.3
MN-Udg,2011-2011,NEE,1377,-6.5205,16.4029,0.7643,2.9004,4.6226,18.2859,7.9
MX-Aog,2017-2018,Qle,24426,-15.1731,63.4768,0.7714,0.5268,96.8502,74.5267,69.7
MX-Aog,2017-2018,Qh,29146,57.685,126.0834,0.7147,0.8857,110.3748,160.1934,83.2
MX-Aog,2017-2018,NEE,11898,21.9521,25.999,0.3023,4.5065,8.4977,13.9016,34.0
MX-PMm,2017-2018,Qle,13138,47.1603,103.7514,0.8049,0.7344,100.4191,151.4727,37.5
MX-PMm,2017-2018,Qh,14508,0.1223,77.9692,0.8711,0.4078,141.6296,158.5799,41.4
MX-PMm,2017-2018,NEE,11790,-1.8177,21.3991,0.8703,2.6357,8.6632,28.4296,33.6
MX-Tes,2005-2008,Qle,58071,4.2374,49.1777,0.7854,0.4906,78.6149,67.4857,82.8
MX-Tes,2005-2008,Qh,59964,24.0967,78.256,0.8879,0.4135,151.9043,160.5721,85.5
MX-Tes,2005-2008,NEE,44923,18.931,22.0579,0.2758,14.5998,2.5392,11.7551,64.1
MY-LHP,2010-2018,Qle,38690,7.3289,82.5805,0.7977,0.5081,135.3881,118.015,24.5
MY-LHP,2010-2018,Qh,70535,6.485,48.7332,0.8875,0.458,79.4108,101.996,44.7
MY-LHP,2010-2018,NEE,23152,-15.2009,33.1488,0.8215,2.5003,14.7321,40.3372,14.7
NL-Hrw,2002-2010,Qle,85328,7.397,41.4235,0.9207,0.369,78.378,99.0851,54.1
NL-Hrw,2002-2010,Qh,91728,3.2882,22.9395,0.8215,0.5549,38.1698,37.8038,58.1
NL-Hrw,2002-2010,NEE,54909,-13.7778,21.7288,0.768,2.0891,9.1487,22.7736,34.8
NL-Loo,1997-2025,Qle,387986,13.9708,53.5147,0.7475,0.6425,64.4002,77.1066,76.3
NL-Loo,1997-2025,Qh,435662,5.8713,58.3703,0.7803,0.6042,92.7332,75.4847,85.7
NL-Loo,1997-2025,NEE,296907,-2.7545,13.2442,0.7286,1.9199,6.8256,17.0543,58.4
NL-Vkp,2015-2024,Qle,118010,13.2286,41.8281,0.9124,0.3807,83.4321,96.3514,67.3
NL-Vkp,2015-2024,Qh,139696,4.7334,25.498,0.8495,0.5295,42.0516,47.3631,79.7
NL-Vkp,2015-2024,NEE,73916,-11.839,20.3317,0.6458,2.2837,8.0664,20.5479,42.2
NO-And,2009-2014,Qle,59393,-1.6657,41.9911,0.5318,1.0462,32.0889,49.0336,56.5
NO-And,2009-2014,Qh,69451,-23.2978,48.4648,0.6631,0.9163,48.4157,54.3057,66.0
NO-And,2009-2014,NEE,42170,-3.5479,9.3398,0.7356,4.6792,1.501,9.6837,40.1
NO-Fns,2021-2023,Qle,17810,27.4344,58.5657,0.789,2.4796,21.6149,67.0648,33.9
NO-Fns,2021-2023,Qh,20738,-1.7137,33.7282,0.7223,0.7818,41.816,47.4803,39.5
NO-Fns,2021-2023,NEE,12006,0.0134,1.0398,0.7438,0.5637,1.5162,0.8954,22.8
NO-Hur,2024-2024,Qle,9166,-0.0637,42.3661,0.7305,0.5213,59.4005,55.6134,52.2
NO-Hur,2024-2024,Qh,9420,13.4221,56.2222,0.8792,0.6072,86.7725,111.9432,53.6
NO-Hur,2024-2024,NEE,4280,-4.7102,12.3724,0.8538,2.0617,5.4186,15.714,24.4
NO-Ikr,2020-2021,Qle,10730,21.6329,56.6898,0.5163,1.5012,31.8689,61.186,30.6
NO-Ikr,2020-2021,Qh,11680,6.9577,66.9915,0.6307,1.6774,37.1683,83.5053,33.3
NO-Ikr,2020-2021,NEE,9431,-1.508,5.709,0.7899,3.9615,1.4013,6.5457,26.9
NZ-ADd,2017-2019,Qle,42691,19.724,49.6621,0.8926,0.4959,83.5148,100.218,81.2
NZ-ADd,2017-2019,Qh,43828,4.8462,31.1591,0.9343,0.3939,76.7587,57.6121,83.4
NZ-ADd,2017-2019,NEE,28168,-14.3831,26.7116,0.6601,2.8579,8.245,27.0827,53.6
NZ-ADw,2016-2021,Qle,87644,22.8243,56.2268,0.8962,0.4994,94.6101,114.417,83.3
NZ-ADw,2016-2021,Qh,90539,4.4264,29.4304,0.8743,0.4662,59.0344,46.5439,86.1
NZ-ADw,2016-2021,NEE,52162,-20.3657,31.0276,0.7091,3.0621,9.0574,28.9434,49.6
NZ-BFm,2013-2014,Qle,28546,0.3938,39.9273,0.913,0.3247,96.056,95.294,81.5
NZ-BFm,2013-2014,Qh,29053,21.0916,36.631,0.8737,0.6729,54.9189,61.5194,82.9
NZ-BFm,2013-2014,NEE,18745,-12.4926,20.7086,0.7288,1.9316,9.1555,21.9525,53.5
NZ-BFu,2013-2013,Qle,12848,23.4701,72.1188,0.7958,0.695,73.4428,110.1344,73.3
NZ-BFu,2013-2013,Qh,12985,-13.1941,60.9355,0.8096,0.5173,92.3677,50.2966,74.1
NZ-BFu,2013-2013,NEE,8484,-16.3342,25.7107,0.6094,4.1446,6.6505,23.1954,48.4
NZ-Cla,2023-2024,Qle,21280,9.8765,46.7444,0.9162,0.3375,112.5627,110.4668,60.6
NZ-Cla,2023-2024,Qh,24022,9.051,20.0266,0.9209,0.4659,45.8339,42.5816,68.5
NZ-Cla,2023-2024,NEE,13180,-24.821,34.6882,0.7593,2.9328,11.2857,31.6612,37.6
NZ-Kop,2012-2015,Qle,51589,37.4433,79.9709,0.7941,0.8035,72.5214,112.8218,73.6
NZ-Kop,2012-2015,Qh,52358,-19.4983,68.4994,0.8741,0.4432,115.3829,66.6507,74.7
NZ-Kop,2012-2015,NEE,35874,-4.0177,16.4128,0.5315,5.4512,3.2016,17.3824,51.2
NZ-Lau,2020-2025,Qle,68393,11.296,57.1646,0.8497,0.558,75.5978,103.6278,65.0
NZ-Lau,2020-2025,Qh,61236,-26.3001,64.3253,0.588,0.738,72.5668,41.8741,58.2
NZ-Lau,2020-2025,NEE,37722,-19.6714,28.9279,0.7962,3.4876,7.6481,26.7884,35.9
NZ-Oxf,2006-2010,Qle,79514,17.8938,71.0617,0.7457,0.6577,95.1627,97.5904,90.7
NZ-Oxf,2006-2010,Qh,76522,5.5872,42.3953,0.7264,0.6586,61.007,47.1462,87.3
NZ-Oxf,2006-2010,NEE,49076,-10.4719,17.7227,0.7228,2.4594,6.6478,18.3451,56.0
NZ-ScF,2008-2011,Qle,47478,13.8968,48.2111,0.9263,0.3687,93.5959,116.5024,67.7
NZ-ScF,2008-2011,Qh,47981,16.3322,36.3767,0.8728,0.5995,53.869,66.1225,68.4
NZ-ScF,2008-2011,NEE,27251,-20.616,30.1916,0.7106,3.2149,8.6812,27.363,38.9
PA-SPn,2008-2008,Qle,8192,-38.9234,78.464,0.8844,0.43,142.8513,112.3831,46.6
PA-SPn,2008-2008,Qh,8267,24.9287,49.0424,0.9134,0.5006,83.8424,101.4709,47.1
PA-SPn,2008-2008,NEE,5565,-21.4149,34.9255,0.7829,4.4483,8.1941,33.5296,31.7
PA-SPs,2008-2009,Qle,17744,-4.8674,55.4325,0.9085,0.3145,131.2372,125.5927,50.6
PA-SPs,2008-2009,Qh,17662,7.091,36.8487,0.8984,0.3909,81.2797,78.8234,50.3
PA-SPs,2008-2009,NEE,10159,-22.6945,34.31,0.8571,3.1238,10.2893,33.9997,29.0
PE-QFR,2018-2019,Qle,12386,-0.2321,94.4131,0.7282,0.6124,112.1557,136.4986,35.3
PE-QFR,2018-2019,Qh,13170,1.86,68.3797,0.3429,1.9469,27.5243,72.7142,37.6
PE-QFR,2018-2019,NEE,8168,-4.7661,23.6513,0.7763,1.7079,14.8166,32.7023,23.3
PR-xGU,2019-2024,Qle,39256,14.1894,60.5033,0.748,0.5996,86.9401,76.4357,37.3
PR-xGU,2019-2024,Qh,50274,42.9823,100.2886,0.9563,0.5713,138.304,213.3593,47.8
PR-xGU,2019-2024,NEE,23505,3.9932,22.5794,0.7876,3.9815,6.2925,26.8382,22.3
PR-xLA,2020-2024,Qle,34435,-10.1013,82.8109,0.793,0.5188,119.0963,133.0782,39.3
PR-xLA,2020-2024,Qh,38008,32.1637,71.5767,0.9082,0.5972,89.585,133.1509,43.3
PR-xLA,2020-2024,NEE,21644,8.8423,20.4384,0.3821,1.7448,12.1287,19.2607,24.7
RU-Ch2,2015-2020,Qle,54948,1.7555,24.0333,0.6875,0.6727,31.7904,28.3091,52.2
RU-Ch2,2015-2020,Qh,60705,35.2008,70.1357,0.7354,1.5102,42.7164,84.7271,57.7
RU-Ch2,2015-2020,NEE,28379,3.4391,5.6295,0.0395,1.7684,2.7579,3.6119,27.0
RU-Che,2014-2020,Qle,75196,-2.4703,22.7641,0.7332,0.5291,33.2571,25.1931,61.3
RU-Che,2014-2020,Qh,77861,33.9673,71.1122,0.6798,1.4671,45.1459,83.6704,63.4
RU-Che,2014-2020,NEE,30321,3.1806,5.4236,-0.0452,1.8854,2.5631,3.4541,24.7
RU-Ege,2011-2017,Qle,37534,31.3609,71.325,0.6887,0.8839,70.9804,87.0284,30.6
RU-Ege,2011-2017,Qh,42394,-2.0449,54.6556,0.8462,0.4838,94.5362,101.1008,34.5
RU-Ege,2011-2017,NEE,31230,-2.6197,12.9942,0.5747,1.8155,7.9204,15.505,25.4
RU-Fy2,2016-2024,Qle,102268,5.6417,34.5879,0.8558,0.4422,62.7919,64.1804,64.8
RU-Fy2,2016-2024,Qh,108230,7.117,45.9136,0.8401,0.6334,71.8561,83.571,68.6
RU-Fy2,2016-2024,NEE,56450,-2.5488,9.8419,0.7974,1.2736,6.3364,13.7561,35.8
RU-Fy3,2017-2017,Qle,6102,-12.0469,45.5016,0.8422,0.42,81.2031,71.3565,34.8
RU-Fy3,2017-2017,Qh,7364,19.1837,37.7349,0.8925,0.6908,47.8386,66.9871,42.0
RU-Fy3,2017-2017,NEE,4694,-8.7826,16.0623,0.6621,1.7792,9.462,17.6916,26.8
RU-Fy4,2016-2020,Qle,41274,1.8897,47.3828,0.7978,0.4814,72.3608,76.1213,47.1
RU-Fy4,2016-2020,Qh,48911,27.1729,55.8878,0.794,1.395,35.3235,71.9126,55.8
RU-Fy4,2016-2020,NEE,29911,-4.7213,14.6065,0.3226,4.7499,4.7422,14.6032,34.1
RU-Fyo,1999-2024,Qle,361118,-1.9657,37.5205,0.8081,0.494,61.2856,59.5746,79.2
RU-Fyo,1999-2024,Qh,386416,0.3497,56.8587,0.8145,0.5485,97.2279,72.0551,84.8
RU-Fyo,1999-2024,NEE,204647,-6.5059,16.3688,0.8182,2.34,5.6472,19.2859,44.9
RU-Ha1,2003-2003,Qle,7678,8.618,36.4374,0.933,0.4247,68.2746,89.1927,43.8
RU-Ha1,2003-2003,Qh,7318,-19.2256,40.2339,0.8738,0.4967,65.7745,42.4443,41.8
RU-Ha1,2003-2003,NEE,3718,1.1655,2.7922,0.6762,0.8844,2.9461,0.6779,21.2
RU-NeB,1999-2000,Qle,9017,24.359,47.2059,0.8184,0.9809,36.9343,64.6473,25.7
RU-NeB,1999-2000,Qh,8911,19.9267,43.9495,0.8425,0.7689,49.2925,70.3268,25.4
RU-NeB,1999-2000,NEE,7175,0.1389,10.4174,-0.0034,6.2748,2.1211,10.191,20.4
RU-NeC,2001-2006,Qle,39090,21.5217,49.9678,0.7575,0.868,41.9949,67.6139,37.2
RU-NeC,2001-2006,Qh,39931,16.9177,47.9752,0.806,0.6182,59.48,75.7877,38.0
RU-NeC,2001-2006,NEE,31131,-1.4108,11.5787,0.1585,4.945,2.7486,11.6029,29.6
RU-NeF,2001-2005,Qle,31149,36.3833,63.253,0.695,1.5395,35.5608,69.6979,35.5
RU-NeF,2001-2005,Qh,33178,-9.4003,58.0163,0.8631,0.4356,111.4697,85.7751,37.9
RU-NeF,2001-2005,NEE,18440,-1.9776,8.7376,0.7739,2.205,3.7805,11.0932,21.0
RU-Sk2,2005-2007,Qle,13319,23.378,55.8568,0.7562,0.9189,48.1432,76.171,25.3
RU-Sk2,2005-2007,Qh,16930,-20.7537,71.217,0.804,0.5017,112.6898,78.3316,32.2
RU-Sk2,2005-2007,NEE,6877,-3.3534,9.3664,0.7535,1.977,4.2983,11.5154,13.1
RU-SkP,2005-2013,Qle,49705,14.9871,53.555,0.685,0.7004,64.936,64.6182,31.5
RU-SkP,2005-2013,Qh,54965,-21.2752,60.9515,0.8433,0.4995,105.306,96.4749,34.8
RU-SkP,2005-2013,NEE,32703,5.4602,9.3494,0.3902,1.6371,5.8027,7.6546,20.7
RU-Tur,2004-2004,Qle,3730,20.3255,47.6776,0.7909,0.9209,40.0593,67.1656,21.2
RU-Tur,2004-2004,Qh,4231,-33.616,62.2722,0.7136,0.8006,66.2669,71.6239,24.1
RU-Tur,2004-2004,NEE,2263,-0.6701,5.4999,0.7271,2.6776,2.1906,6.8403,12.9
SD-Dem,2008-2008,Qle,12446,-8.4836,46.8176,0.7904,0.5319,71.7581,70.4117,70.8
SD-Dem,2008-2008,Qh,12763,12.1779,32.7166,0.9664,0.2584,99.8747,112.7174,72.6
SD-Dem,2008-2008,NEE,8256,5.5725,10.1099,0.3686,2.0893,7.3809,7.6282,47.0
SE-Deg,2020-2024,Qle,56673,-2.8724,28.9047,0.8734,0.4363,58.8021,48.6441,64.6
SE-Deg,2020-2024,Qh,50639,31.4584,84.0459,0.7787,1.7386,41.4729,105.7591,57.7
SE-Deg,2020-2024,NEE,37871,-3.4739,13.103,0.9207,8.0541,1.5745,14.0688,43.2
SE-HfM,2021-2023,Qle,36044,-0.7221,26.5744,0.8427,0.442,48.9048,44.7079,68.6
SE-HfM,2021-2023,Qh,39462,27.4361,77.2839,0.7459,1.8866,35.5141,94.7577,75.1
SE-HfM,2021-2023,NEE,26522,-3.0164,11.8207,0.8561,9.1844,1.3086,12.5296,50.5
SE-Hmr,2021-2023,Qle,35777,6.0885,25.1329,0.8762,0.425,46.1959,50.4144,68.1
SE-Hmr,2021-2023,Qh,37921,46.2376,107.9577,0.7359,2.3912,38.6472,122.4184,72.1
SE-Hmr,2021-2023,NEE,24316,-2.7745,10.9884,0.8867,6.2275,1.6432,12.0621,46.3
SE-Htm,2019-2024,Qle,75254,-4.3174,28.5513,0.8884,0.3823,60.4551,58.8342,71.5
SE-Htm,2019-2024,Qh,71310,21.9354,48.455,0.9119,0.4708,103.3111,102.5756,67.8
SE-Htm,2019-2024,NEE,43269,-2.234,11.4587,0.8177,1.2264,8.1994,16.9048,41.1
SE-Nor,2019-2024,Qle,73005,0.7011,32.8406,0.8276,0.4936,51.4553,58.1988,69.4
SE-Nor,2019-2024,Qh,71608,14.2894,41.7867,0.9085,0.4616,89.0562,93.4471,68.1
SE-Nor,2019-2024,NEE,43013,-2.8633,12.0481,0.7442,2.3562,4.8156,14.836,40.9
SE-Ros,2015-2020,Qle,73307,0.4815,28.0154,0.787,0.4922,42.7582,43.0795,69.7
SE-Ros,2015-2020,Qh,87375,11.3845,48.8363,0.8356,0.5102,81.6062,83.8679,83.0
SE-Ros,2015-2020,NEE,44605,-0.7603,7.4412,0.7803,1.4457,4.7793,10.5012,42.4
SE-Srj,2021-2022,Qle,22347,5.5009,30.6607,0.8103,0.4938,47.6079,50.0529,63.8
SE-Srj,2021-2022,Qh,23712,20.417,67.9929,0.7247,1.2888,46.2898,90.016,67.7
SE-Srj,2021-2022,NEE,17207,-3.4803,12.4902,0.8938,7.3696,1.6653,13.4608,49.1
SE-St1,2013-2018,Qle,24116,-15.3672,36.7331,0.6979,0.6829,46.3269,28.8052,22.9
SE-St1,2013-2018,Qh,30975,51.7965,101.7826,0.7768,1.8412,49.4113,120.2903,29.5
SE-St1,2013-2018,NEE,18322,1.7198,4.9303,0.6149,1.4965,3.7091,5.8574,17.4
SE-Sto,2023-2024,Qle,20664,-1.8517,29.0124,0.7888,0.543,46.3594,31.435,58.9
SE-Sto,2023-2024,Qh,18168,35.5271,91.0347,0.8739,1.568,49.0948,123.2519,51.8
SE-Sto,2023-2024,NEE,14419,0.7531,6.1823,0.8856,3.14,1.953,7.7984,41.1
SE-Svb,2020-2024,Qle,55207,1.1711,28.9788,0.7947,0.5232,45.8995,44.3681,63.0
SE-Svb,2020-2024,Qh,51235,6.614,40.7649,0.9288,0.3756,103.3329,108.2553,58.4
SE-Svb,2020-2024,NEE,26188,-0.9101,7.2456,0.8643,1.1971,5.2578,11.228,29.9
SE-Trb,2022-2022,Qle,13682,27.6029,54.9812,0.5966,1.3453,37.493,59.1843,78.1
SE-Trb,2022-2022,Qh,13115,23.1611,75.6963,0.6173,2.7349,24.0844,84.3974,74.9
SE-Trb,2022-2022,NEE,10464,-2.9323,11.0092,0.7078,8.2613,1.6474,11.7135,59.7
SN-Dhr,2011-2022,Qle,69605,-10.5354,42.6908,0.8937,0.3583,91.8672,85.6993,33.1
SN-Dhr,2011-2022,Qh,59969,4.4468,44.4464,0.9295,0.3578,99.9931,117.3424,28.5
SN-Dhr,2011-2022,NEE,50944,11.6422,14.4772,0.7187,3.3071,6.2897,11.9317,24.2
SN-Nkr,2019-2024,Qle,73452,-5.2171,66.3067,0.7803,0.6963,77.3902,105.4097,69.8
SN-Nkr,2019-2024,Qh,80840,48.9872,87.3471,0.9049,0.7565,90.1099,142.8544,76.8
SN-Nkr,2019-2024,NEE,34215,3.998,33.8571,0.6577,6.7402,4.7358,36.5449,32.5
TH-Kog,2005-2013,Qle,36053,-25.8188,70.5703,0.756,0.5383,99.7696,68.4971,22.9
TH-Kog,2005-2013,Qh,61883,30.5809,89.883,0.8267,0.8053,95.6084,144.2276,39.2
TH-Kog,2005-2013,NEE,0,,,,,,,
TH-Mae,2005-2016,Qle,38996,38.7623,91.1324,0.8207,0.6702,116.5893,144.3341,18.5
TH-Mae,2005-2016,Qh,81343,7.8783,55.3784,0.8586,0.4174,100.2786,105.1368,38.7
TH-Mae,2005-2016,NEE,40451,-19.7282,38.5158,0.7774,4.0628,9.0196,39.6012,19.2
UK-AMo,2003-2024,Qle,274975,28.0885,61.109,0.6537,1.9162,29.0038,68.5945,71.3
UK-AMo,2003-2024,Qh,298366,-8.6619,45.649,0.7324,0.5877,65.6323,44.6708,77.4
UK-AMo,2003-2024,NEE,193071,-10.6885,21.2228,0.7683,5.9966,3.1683,20.6563,50.1
UK-Ags,2023-2024,Qle,17015,31.5957,59.8512,0.8825,0.7909,60.3736,95.4446,48.5
UK-Ags,2023-2024,Qh,17002,-14.5848,55.9012,0.916,0.5306,90.3262,42.7485,48.5
UK-Ags,2023-2024,NEE,12736,-21.5934,32.5876,0.8361,4.102,7.0269,29.9757,36.3
UK-BnB,2022-2024,Qle,30441,20.7023,50.2607,0.898,0.7957,44.2367,81.1846,57.9
UK-BnB,2022-2024,Qh,31134,-17.0125,52.3907,0.787,0.5938,70.564,31.8667,59.2
UK-BnB,2022-2024,NEE,21636,-21.2875,35.03,0.7533,14.2869,2.2294,29.4606,41.1
UK-CCr,2023-2024,Qle,19408,32.7352,60.0913,0.9183,1.0264,44.671,88.206,55.3
UK-CCr,2023-2024,Qh,18520,-7.4081,49.86,0.8804,0.5376,78.5542,36.8623,52.8
UK-CCr,2023-2024,NEE,12970,-18.4719,30.0476,0.8185,7.7738,3.6936,26.6273,37.0
UK-Cvn,2024-2024,Qle,10650,-8.357,41.5957,0.8619,0.3919,76.712,78.2413,60.6
UK-Cvn,2024-2024,Qh,12388,17.7921,37.8394,0.8489,0.8535,40.27,59.9146,70.5
UK-Cvn,2024-2024,NEE,7854,-1.8695,8.4928,0.6871,0.9329,6.9809,11.3466,44.7
UK-GaB,2023-2024,Qle,24252,21.7729,45.5719,0.8875,0.7756,44.5022,73.8827,69.1
UK-GaB,2023-2024,Qh,26696,-10.6876,48.9961,0.8285,0.5422,75.5863,40.3742,76.1
UK-GaB,2023-2024,NEE,17832,-15.2786,27.7409,0.8901,7.8303,3.0031,25.7867,50.8
UK-Gnn,2023-2024,Qle,25324,20.1787,41.5341,0.9086,0.7128,48.5989,74.2545,72.2
UK-Gnn,2023-2024,Qh,25080,0.3231,30.1138,0.8288,0.497,53.4463,40.7683,71.5
UK-Gnn,2023-2024,NEE,16923,-20.0785,32.4203,0.9068,12.6939,2.2249,27.4548,48.2
UK-Gwr,2023-2024,Qle,24295,15.4156,34.7881,0.8851,0.5657,49.7306,64.9141,69.2
UK-Gwr,2023-2024,Qh,25788,6.3929,32.4716,0.883,0.4591,66.4302,52.2292,73.5
UK-Gwr,2023-2024,NEE,15676,-12.2608,22.4631,0.9314,4.0331,4.8043,23.2153,44.7
UK-HgF,2024-2024,Qle,12434,4.536,38.4414,0.9165,0.3332,80.3786,94.2324,70.8
UK-HgF,2024-2024,Qh,13792,8.1566,33.965,0.7497,0.6496,44.8044,48.0054,78.5
UK-HgF,2024-2024,NEE,7896,-8.6465,15.9413,0.7795,1.7301,7.5731,18.4271,44.9
UK-HpF,2024-2024,Qle,12460,11.0824,42.4585,0.8838,0.4999,58.9939,82.4453,70.9
UK-HpF,2024-2024,Qh,12750,0.7307,32.3622,0.8054,0.4971,50.9622,52.6447,72.6
UK-HpF,2024-2024,NEE,8820,-5.639,13.6445,0.797,1.8264,6.5903,17.0226,50.2
US-A03,2016-2020,Qle,29095,43.1582,59.5806,0.639,2.6562,24.6536,52.1882,33.2
US-A03,2016-2020,Qh,45751,-40.7213,67.512,0.5312,1.0719,60.7305,48.1314,52.2
US-A03,2016-2020,NEE,20412,-2.3386,7.9511,0.3337,2.2352,3.018,8.054,23.3
US-A10,2012-2021,Qle,57679,31.2107,45.086,0.6395,2.1594,23.3975,42.0757,32.9
US-A10,2012-2021,Qh,98817,-26.2901,50.6915,0.5968,1.019,50.6439,45.2968,56.4
US-A10,2012-2021,NEE,0,,,,,,,
US-A32,2016-2016,Qle,9822,-8.6492,47.2106,0.8769,0.3663,95.1683,91.2598,55.9
US-A32,2016-2016,Qh,10223,24.0076,51.5043,0.8954,0.4866,87.7304,102.031,58.2
US-A32,2016-2016,NEE,7398,9.208,13.0413,0.1035,1.6008,7.493,6.229,42.1
US-A37,2024-2024,Qle,13925,-39.92,72.2202,0.5406,0.938,62.8032,5.1306,79.3
US-A37,2024-2024,Qh,14892,59.4308,84.8641,0.9103,0.7569,103.5179,137.0562,84.8
US-A37,2024-2024,NEE,11279,8.2661,11.5702,0.1224,1.7887,6.9674,5.0626,64.2
US-A39,2024-2024,Qle,15382,-38.4411,73.2153,0.7702,0.8116,72.6808,14.3398,87.6
US-A39,2024-2024,Qh,16079,71.9603,108.6699,0.8756,1.078,88.5573,146.8381,91.5
US-A39,2024-2024,NEE,12226,11.1762,14.3717,-0.0903,2.8107,5.8061,6.4184,69.6
US-A74,2016-2017,Qle,16293,-50.4715,106.574,0.562,0.801,111.9301,78.3796,46.4
US-A74,2016-2017,Qh,17411,48.4361,95.8891,0.8144,0.751,97.4337,139.7765,49.6
US-A74,2016-2017,NEE,13495,6.2553,11.9505,0.0067,1.5766,8.5567,5.5773,38.5
US-ABa,2014-2015,Qle,33339,27.8517,92.8338,0.7305,0.7511,90.8994,129.5595,95.1
US-ABa,2014-2015,Qh,34196,34.7717,70.5107,0.8129,0.7965,70.6895,102.9353,97.6
US-ABa,2014-2015,NEE,18245,-3.4129,16.5536,0.5412,2.3231,5.7962,18.584,52.1
US-ABb,2014-2015,Qle,29996,47.0174,94.8565,0.7988,0.9535,79.9324,130.7493,85.6
US-ABb,2014-2015,Qh,30819,17.2094,52.934,0.801,0.5753,76.9787,81.2202,88.0
US-ABb,2014-2015,NEE,16764,-7.1241,18.0529,0.592,2.5203,6.1089,19.4566,47.8
US-ABc,2014-2014,Qle,16320,37.196,120.3076,0.6828,0.8688,97.3928,156.0899,93.2
US-ABc,2014-2014,Qh,16817,46.2756,80.4387,0.8041,1.1256,61.008,103.9564,96.0
US-ABc,2014-2014,NEE,9927,-9.1489,25.1583,0.5631,2.4613,6.4299,26.446,56.7
US-ABd,2014-2014,Qle,16731,42.315,112.0201,0.7718,0.8992,92.1496,156.7128,95.5
US-ABd,2014-2014,Qh,16894,35.4929,72.1199,0.8244,0.7871,74.4644,107.926,96.4
US-ABd,2014-2014,NEE,9191,-9.4636,24.4317,0.5999,2.1221,7.8214,26.3298,52.5
US-ABe,2014-2015,Qle,29987,43.3616,96.1014,0.8775,0.6871,105.388,161.7535,85.6
US-ABe,2014-2015,Qh,32832,-21.1305,46.9667,0.6829,0.6588,54.9891,25.479,93.7
US-ABe,2014-2015,NEE,18730,-30.1097,42.038,0.7631,4.1312,9.5755,35.9835,53.5
US-ADR,2012-2016,Qle,65859,0.512,22.1729,0.4492,0.9791,18.673,22.9836,75.1
US-ADR,2012-2016,Qh,68554,10.0328,41.3986,0.9365,0.2862,108.2764,114.462,78.2
US-ADR,2012-2016,NEE,29078,1.1757,2.1236,-0.0017,1.9108,1.6009,0.7485,33.2
US-ALQ,2016-2025,Qle,86359,-11.7908,38.5793,0.8642,0.3943,73.0135,63.1557,49.3
US-ALQ,2016-2025,Qh,103085,44.5502,80.8918,0.8626,1.1304,60.7609,112.523,58.8
US-ALQ,2016-2025,NEE,0,,,,,,,
US-AR1,2010-2012,Qle,43411,-1.5519,53.27,0.7366,0.6509,66.296,77.5559,82.5
US-AR1,2010-2012,Qh,45728,22.5168,53.2441,0.9171,0.4419,100.5832,119.0652,86.9
US-AR1,2010-2012,NEE,28903,3.9433,9.194,0.1043,2.6859,4.731,7.3375,54.9
US-AR2,2010-2011,Qle,30363,0.1468,58.2817,0.6681,0.7752,55.9342,78.1707,86.7
US-AR2,2010-2011,Qh,32119,18.6169,54.8429,0.9008,0.4363,100.3689,117.9966,91.7
US-AR2,2010-2011,NEE,23364,5.6359,12.4409,0.1134,5.1839,3.85,10.8473,66.7
US-ARM,2003-2025,Qle,340163,-8.5915,54.2271,0.7867,0.495,80.6082,83.189,84.4
US-ARM,2003-2025,Qh,370243,17.0967,63.9377,0.8275,0.6352,81.7784,108.7429,91.8
US-ARM,2003-2025,NEE,269433,5.4435,8.6716,0.4651,1.4979,6.0965,6.8902,66.8
US-ARb,2005-2006,Qle,23723,-0.4273,79.4806,0.6678,0.6522,88.059,103.7576,67.7
US-ARb,2005-2006,Qh,25685,3.4251,71.4088,0.7865,0.5037,109.2364,109.0594,73.3
US-ARb,2005-2006,NEE,13594,3.57,11.8714,0.1429,1.9732,5.9417,10.524,38.8
US-ARc,2005-2006,Qle,25255,-2.6179,80.1702,0.7144,0.5944,98.1284,111.3962,72.1
US-ARc,2005-2006,Qh,27174,4.9318,69.0787,0.7977,0.513,104.3441,111.3064,77.6
US-ARc,2005-2006,NEE,14800,3.1765,12.433,0.163,1.919,6.0207,11.4316,42.2
US-ASH,2016-2016,Qle,3710,-11.8887,49.0454,0.6298,0.5627,60.5449,45.3577,21.1
US-ASH,2016-2016,Qh,3840,13.1717,41.6426,0.7978,0.5836,64.9883,56.8962,21.9
US-ASH,2016-2016,NEE,2182,4.4766,6.9226,0.2798,1.127,5.2216,3.1203,12.4
US-ASM,2016-2016,Qle,4214,-13.9836,52.7354,0.594,0.567,62.802,43.056,24.0
US-ASM,2016-2016,Qh,4353,17.1925,51.9609,0.7534,0.6117,72.3957,66.2803,24.8
US-ASM,2016-2016,NEE,2836,5.4533,8.2034,0.1009,1.314,5.5831,3.1526,16.1
US-Akn,2016-2021,Qle,73549,-59.2339,105.8736,0.3297,0.8707,92.3466,20.4558,69.9
US-Akn,2016-2021,Qh,84136,80.8978,148.0642,0.8403,1.2774,89.8619,189.5494,80.0
US-Akn,2016-2021,NEE,0,,,,,,,
US-Aud,2003-2024,Qle,293199,-2.6462,41.7354,0.7951,0.6159,54.3287,68.6714,76.0
US-Aud,2003-2024,Qh,303864,-1.6866,43.6832,0.9362,0.2915,124.0211,113.8503,78.8
US-Aud,2003-2024,NEE,172019,0.6827,2.9602,0.4207,1.09,3.1242,1.8282,44.6
US-BRG,2018-2019,Qle,24254,13.7232,60.1343,0.8789,0.4155,95.5296,120.7141,69.2
US-BRG,2018-2019,Qh,26972,16.894,51.0515,0.7597,0.9287,45.8702,72.6804,77.0
US-BRG,2018-2019,NEE,13560,-8.8686,21.3572,0.6547,1.9363,10.614,24.6443,38.7
US-BZB,2017-2024,Qle,100375,-5.5652,21.5882,0.9099,0.3328,47.1782,35.7065,71.6
US-BZB,2017-2024,Qh,107030,36.4749,66.4347,0.8267,1.4883,40.6886,84.2272,76.3
US-BZB,2017-2024,NEE,61786,3.039,5.8118,0.3766,1.8478,2.9535,5.2422,44.1
US-BZF,2017-2024,Qle,86965,-10.4114,28.8818,0.82,0.4869,46.991,36.9872,62.0
US-BZF,2017-2024,Qh,99302,43.6165,88.0311,0.6072,2.5736,34.3807,92.2941,70.8
US-BZF,2017-2024,NEE,51484,3.1504,6.1943,0.2654,1.8987,3.1173,5.2333,36.7
US-BZo,2019-2024,Qle,74008,-15.6014,38.0511,0.7688,0.5368,51.05,27.4635,70.3
US-BZo,2019-2024,Qh,76982,34.0089,69.8691,0.834,1.563,36.1771,87.8489,73.2
US-BZo,2019-2024,NEE,43863,3.8984,7.3852,0.1325,2.4161,2.9833,5.9271,41.7
US-Bar,2005-2023,Qle,146739,22.1613,55.9993,0.8391,0.5912,76.5345,94.4053,44.1
US-Bar,2005-2023,Qh,191247,13.097,56.7358,0.8793,0.4563,108.924,114.6351,57.4
US-Bar,2005-2023,NEE,77855,-8.2535,18.284,0.8122,2.1393,7.5151,21.819,23.4
US-Bi1,2017-2024,Qle,113687,-42.995,96.4088,0.5614,0.6401,104.2145,61.4821,81.1
US-Bi1,2017-2024,Qh,137263,65.5439,114.7138,0.7593,1.427,67.043,134.327,97.9
US-Bi1,2017-2024,NEE,41588,9.1931,14.9726,0.13,1.1502,11.2201,5.4458,29.7
US-Bi2,2018-2024,Qle,97924,-38.3791,88.1322,0.5455,0.6515,94.5663,48.0852,79.8
US-Bi2,2018-2024,Qh,114913,57.8523,109.465,0.8234,0.945,91.8773,152.5832,93.6
US-Bi2,2018-2024,NEE,38067,5.3187,15.1226,-0.192,1.021,12.7644,4.1434,31.0
US-CAK,2024-2025,Qle,9278,12.4767,36.3618,0.9353,0.8734,24.8312,56.2294,26.4
US-CAK,2024-2025,Qh,9870,24.2491,65.3947,0.3668,1.3326,43.3929,61.2918,28.1
US-CAK,2024-2025,NEE,5759,-4.8795,11.0631,0.903,5.3507,1.4773,11.2426,16.4
US-CF1,2018-2021,Qle,37312,-44.3699,82.7113,0.4791,0.9463,71.6365,4.0125,53.2
US-CF1,2018-2021,Qh,38524,40.5152,79.7449,0.8571,0.6886,90.46,127.9831,54.9
US-CF1,2018-2021,NEE,25019,5.4649,9.817,-0.3915,1.4607,6.3355,3.2224,35.7
US-CF2,2018-2020,Qle,25821,-45.5175,78.2832,0.5277,0.9665,66.1263,4.8723,49.1
US-CF2,2018-2020,Qh,26421,57.0642,99.2303,0.8503,0.9511,82.3768,138.6849,50.2
US-CF2,2018-2020,NEE,19839,5.7392,9.9045,-0.3783,1.4139,6.2948,3.205,37.7
US-CF3,2018-2021,Qle,27287,-36.3092,68.7118,0.4386,0.9332,59.9821,4.0104,38.9
US-CF3,2018-2021,Qh,28159,32.8858,72.3633,0.8493,0.6902,83.3092,117.8843,40.2
US-CF3,2018-2021,NEE,21122,4.6337,8.7293,-0.3232,1.4192,5.834,3.0387,30.1
US-CF4,2018-2021,Qle,29200,-49.6145,91.1478,0.4053,0.9051,79.0009,6.9108,41.6
US-CF4,2018-2021,Qh,29998,57.6177,101.1631,0.8125,1.048,78.8784,133.3712,42.8
US-CF4,2018-2021,NEE,21538,6.7036,11.5713,-0.3592,1.3242,7.5492,3.5586,30.7
US-CGG,2020-2023,Qle,42354,-11.2468,49.0768,0.7131,0.6246,67.5433,54.4899,60.4
US-CGG,2020-2023,Qh,50658,24.3584,58.5074,0.9217,0.4656,109.1483,132.8057,72.2
US-CGG,2020-2023,NEE,21589,4.2256,8.7635,0.3553,1.4604,7.0948,6.3892,30.8
US-CLF,2018-2019,Qle,7839,-21.7704,96.8572,0.5666,0.8198,89.0048,109.8364,22.4
US-CLF,2018-2019,Qh,16615,16.1175,54.043,0.5682,1.1979,39.5243,62.4961,47.4
US-CLF,2018-2019,NEE,0,,,,,,,
US-CMW,2002-2021,Qle,315279,-33.0627,84.8935,0.6313,0.5845,100.5094,57.2955,89.9
US-CMW,2002-2021,Qh,332685,10.1048,65.5283,0.8796,0.4266,135.1762,111.2751,94.9
US-CMW,2002-2021,NEE,120445,5.3766,7.7957,-0.1421,1.4435,5.0449,1.9152,34.4
US-CRK,2022-2024,Qle,35394,-12.9738,68.4054,0.7971,0.4816,111.1775,86.4157,67.3
US-CRK,2022-2024,Qh,36566,19.8027,85.3226,0.7931,0.7225,104.3969,136.1275,69.5
US-CRK,2022-2024,NEE,20394,10.3798,20.5805,0.5772,2.428,7.9229,21.1249,38.8
US-CRT,2011-2013,Qle,30209,8.2568,67.2211,0.8099,0.5178,101.4694,112.3307,57.4
US-CRT,2011-2013,Qh,36398,29.4079,61.9234,0.7461,0.8621,67.0859,81.2731,69.2
US-CRT,2011-2013,NEE,20391,1.5827,10.4762,0.2913,1.0566,9.5574,7.6473,38.8
US-CS1,2018-2019,Qle,10738,7.7716,45.826,0.902,0.4682,76.1965,99.6712,30.6
US-CS1,2018-2019,Qh,12256,18.1379,62.0621,0.5383,1.4552,37.0222,70.4202,35.0
US-CS1,2018-2019,NEE,7687,-3.3373,11.0909,0.7563,1.3429,7.5781,15.0737,21.9
US-CS2,2019-2021,Qle,22789,10.1239,57.1739,0.887,0.4365,103.4109,121.4871,43.3
US-CS2,2019-2021,Qh,24836,-23.7698,75.5793,0.7841,0.5228,112.183,70.6359,47.2
US-CS2,2019-2021,NEE,13987,-5.2693,14.1978,0.8245,1.0901,10.4531,20.4016,26.6
US-CS3,2019-2020,Qle,13699,14.2419,54.8943,0.9009,0.5076,76.3074,110.1471,39.0
US-CS3,2019-2020,Qh,14539,10.366,54.0742,0.5077,0.9922,44.8397,59.1552,41.4
US-CS3,2019-2020,NEE,9939,-6.6592,15.8147,0.8791,1.6699,8.2637,21.0578,28.3
US-CS4,2020-2021,Qle,11614,27.2884,68.7412,0.8944,0.6271,82.4609,124.9363,33.1
US-CS4,2020-2021,Qh,12960,3.6022,58.2106,0.5667,0.9358,53.5488,68.1504,36.9
US-CS4,2020-2021,NEE,9206,-7.8633,17.5392,0.8361,2.2174,7.4368,21.3555,26.2
US-CS5,2021-2021,Qle,8668,19.2148,62.1355,0.9044,0.4476,98.8803,130.8118,49.5
US-CS5,2021-2021,Qh,8774,-3.1605,42.541,0.6511,0.7201,48.6511,52.5661,50.1
US-CS5,2021-2021,NEE,5270,-12.298,21.8999,0.8151,2.0132,10.0506,25.3518,30.1
US-CS6,2022-2023,Qle,9817,8.6057,46.0052,0.9026,0.5089,73.5082,98.6064,28.0
US-CS6,2022-2023,Qh,11455,8.9992,46.8913,0.5794,0.8802,42.0675,55.0705,32.7
US-CS6,2022-2023,NEE,7368,-3.3995,10.3602,0.9154,1.2038,7.71,16.3387,21.0
US-CS8,2023-2023,Qle,5489,32.4863,73.9753,0.8943,0.5953,91.7266,134.2987,31.3
US-CS8,2023-2023,Qh,5707,-5.069,41.1239,0.6799,0.5614,55.3876,41.6137,32.6
US-CS8,2023-2023,NEE,3863,-8.5266,15.0855,0.8192,1.2269,10.8107,19.6467,22.0
US-CdM,2020-2024,Qle,57323,-16.5359,41.7589,0.6286,0.6838,48.6951,24.5916,65.4
US-CdM,2020-2024,Qh,58929,37.9672,105.0994,0.8975,0.8404,103.2303,179.4247,67.2
US-CdM,2020-2024,NEE,29302,14.1082,16.9865,-0.063,9.9945,2.0547,9.1061,33.4
US-Ced,2006-2014,Qle,107499,-20.2426,60.1996,0.8742,0.4238,99.4066,57.1686,68.1
US-Ced,2006-2014,Qh,114011,9.9604,44.3345,0.9297,0.3508,108.8245,117.2757,72.3
US-Ced,2006-2014,NEE,62035,4.8887,10.5996,0.7037,1.3913,6.5352,12.7779,39.3
US-ChR,2006-2019,Qle,177505,14.5484,58.3464,0.826,0.5294,95.4164,96.1144,72.3
US-ChR,2006-2019,Qh,207033,-0.9199,67.4439,0.8043,0.8436,82.8789,112.7287,84.4
US-ChR,2006-2019,NEE,98621,-0.8867,16.1981,0.5537,1.6403,10.1583,19.4104,40.2
US-Cms,2001-2004,Qle,30073,-5.4117,22.5169,0.4744,0.7293,23.961,17.0964,42.9
US-Cms,2001-2004,Qh,37667,51.3373,88.8042,0.6421,1.9906,39.8751,91.3022,53.7
US-Cms,2001-2004,NEE,21104,1.1916,4.0088,0.2319,2.1592,1.9077,3.79,30.1
US-Cop,2003-2006,Qle,11095,3.2872,27.2964,0.6048,0.964,20.4464,34.0272,31.6
US-Cop,2003-2006,Qh,12367,-2.7732,33.7574,0.9367,0.295,93.5991,95.3381,35.3
US-Cop,2003-2006,NEE,6859,2.1982,2.7344,-0.0087,4.795,0.7187,1.4526,19.6
US-Cst,2014-2017,Qle,54621,-16.6315,69.1593,0.8488,0.4169,116.5624,72.3315,77.9
US-Cst,2014-2017,Qh,57189,49.7105,89.0194,0.9066,0.7533,96.1946,148.9089,81.5
US-Cst,2014-2017,NEE,33166,13.0939,19.2334,0.6263,2.1489,8.5853,17.7731,47.3
US-Cwt,2011-2024,Qle,54263,0.6121,57.3565,0.7746,0.523,90.1412,76.0863,44.2
US-Cwt,2011-2024,Qh,101294,42.1451,94.1132,0.7767,1.1974,64.2809,123.6971,82.5
US-Cwt,2011-2024,NEE,0,,,,,,,
US-DFC,2019-2024,Qle,91214,7.4778,67.3809,0.7473,0.6182,86.595,98.9632,86.7
US-DFC,2019-2024,Qh,93282,27.4335,81.0545,0.6471,1.3772,54.2544,99.1902,88.7
US-DFC,2019-2024,NEE,60581,1.2758,13.4624,0.3396,1.2404,9.8668,13.0194,57.6
US-DFK,2019-2020,Qle,15460,41.372,87.9078,0.8847,0.8121,82.3824,140.2704,44.1
US-DFK,2019-2020,Qh,28149,3.26,36.6442,0.5824,0.8412,39.7556,40.1191,80.2
US-DFK,2019-2020,NEE,17506,-8.3119,19.7193,0.6473,1.5245,9.8074,22.5922,49.9
US-DPW,2014-2016,Qle,46180,-6.9113,69.0812,0.8128,0.5013,104.25,116.9438,87.8
US-DPW,2014-2016,Qh,48925,16.5929,70.7843,0.6739,0.8786,58.0302,92.9305,93.0
US-DPW,2014-2016,NEE,35221,-0.9472,20.3085,0.6799,4.9091,5.034,23.3705,66.9
US-DS1,2019-2019,Qle,9868,2.3872,85.494,0.7321,0.5631,112.5596,120.1525,56.3
US-DS1,2019-2019,Qh,10501,1.815,61.6714,0.7984,0.4763,101.175,90.1871,59.9
US-DS1,2019-2019,NEE,7162,4.5788,16.579,0.274,0.8728,16.2569,7.527,40.9
US-DS2,2021-2022,Qle,23644,5.1768,95.3589,0.668,0.6836,122.6543,109.0461,67.5
US-DS2,2021-2022,Qh,26110,-8.1041,69.9253,0.7819,0.5207,111.3847,85.3418,74.5
US-DS2,2021-2022,NEE,10520,4.7632,18.1107,0.1405,0.9897,17.1118,6.6804,30.0
US-DS3,2022-2024,Qle,39232,-51.335,109.9992,0.502,0.7446,111.8001,66.8529,74.6
US-DS3,2022-2024,Qh,46828,57.8262,120.7811,0.5692,1.2899,83.1829,128.3769,89.0
US-DS3,2022-2024,NEE,21486,6.4034,15.5507,-0.3466,1.2209,11.2572,5.5492,40.8
US-Dix,2005-2007,Qle,27869,0.2187,39.631,0.8579,0.3908,76.3188,59.722,53.0
US-Dix,2005-2007,Qh,29978,-6.9002,46.9222,0.9331,0.3182,126.0458,107.6572,57.0
US-Dix,2005-2007,NEE,18294,7.3862,12.009,0.3588,2.2583,4.9915,10.0345,34.8
US-Dk1,2002-2008,Qle,89456,8.1378,51.8459,0.8604,0.4258,90.407,100.1417,72.9
US-Dk1,2002-2008,Qh,92206,24.2777,63.1413,0.786,0.7703,67.168,93.6939,75.1
US-Dk1,2002-2008,NEE,45717,-5.3516,18.7154,0.6257,3.0599,6.5044,21.2713,37.2
US-Dk2,2002-2008,Qle,106237,8.7613,65.5563,0.795,0.4854,101.7632,101.1728,86.6
US-Dk2,2002-2008,Qh,113508,4.9909,53.2033,0.8065,0.5909,81.1097,87.9089,92.5
US-Dk2,2002-2008,NEE,65551,-0.8173,17.1731,0.5292,1.6851,10.6525,20.2171,53.4
US-Dk3,2002-2008,Qle,95958,-5.3497,53.6461,0.8646,0.3546,104.9243,99.0715,78.2
US-Dk3,2002-2008,Qh,102359,10.7919,40.115,0.8892,0.4316,84.4454,74.5781,83.4
US-Dk3,2002-2008,NEE,62709,-0.7806,16.4718,0.5952,1.4488,11.0665,20.429,51.1
US-Dmg,2022-2025,Qle,55557,-81.1745,152.1065,0.1934,0.9754,125.3198,62.0406,79.2
US-Dmg,2022-2025,Qh,65097,69.5181,142.7108,0.6098,1.4367,73.6604,155.0318,92.8
US-Dmg,2022-2025,NEE,34130,8.8367,16.181,-0.2294,1.726,8.3619,8.9209,48.7
US-EA4,2022-2024,Qle,24037,-9.621,38.495,0.8389,0.4576,68.0374,52.8301,45.7
US-EA4,2022-2024,Qh,27207,25.8199,70.0637,0.9134,0.4868,114.8615,150.2711,51.7
US-EA4,2022-2024,NEE,0,,,,,,,
US-EA5,2022-2022,Qle,9859,1.5266,49.7902,0.8067,0.7022,57.4115,82.7228,56.3
US-EA5,2022-2022,Qh,11229,-40.0182,74.161,0.8724,0.5135,118.5862,80.2398,64.1
US-EA5,2022-2022,NEE,8532,1.7106,4.1646,0.4176,1.0133,3.7095,3.2976,48.7
US-EA6,2023-2023,Qle,4115,2.2622,26.854,0.8233,0.4761,43.8464,45.9191,23.5
US-EA6,2023-2023,Qh,4779,30.3843,73.1576,0.9644,0.4916,119.4123,173.7407,27.3
US-EA6,2023-2023,NEE,3978,28.2094,31.135,0.3933,11.8549,2.9985,14.064,22.7
US-EDN,2019-2024,Qle,73467,-63.63,109.8555,0.3644,0.9397,95.4389,45.7604,69.8
US-EDN,2019-2024,Qh,76902,53.9232,119.5013,0.8674,1.1514,77.7248,166.7957,73.1
US-EDN,2019-2024,NEE,45435,4.0423,5.9649,0.2759,1.2388,4.3437,2.5432,43.2
US-EKH,2023-2024,Qle,24583,-43.7604,70.7152,0.3621,1.0619,56.9342,4.2087,70.1
US-EKH,2023-2024,Qh,25737,75.0016,137.4994,0.9048,1.4825,74.3051,178.0452,73.3
US-EKH,2023-2024,NEE,15883,9.5048,10.2765,-0.2902,4.7754,2.6089,2.2484,45.3
US-EKN,2024-2024,Qle,7138,-93.7528,125.5027,0.452,1.3113,86.6931,7.8624,40.6
US-EKN,2024-2024,Qh,7362,171.3834,252.1719,0.689,6.0957,35.9426,207.9041,41.9
US-EKN,2024-2024,NEE,5037,11.1328,11.6326,-0.2527,9.6896,1.6992,2.5159,28.7
US-EKP,2023-2024,Qle,22172,-52.6433,85.1823,0.315,1.0487,67.9691,3.4298,63.2
US-EKP,2023-2024,Qh,23410,58.8495,98.6848,0.9365,0.7445,116.0313,176.6457,66.7
US-EKP,2023-2024,NEE,13836,9.5767,12.6594,-0.5269,1.7122,7.1121,1.9102,39.4
US-EML,2009-2022,Qle,129838,31.4006,72.5363,0.7907,1.17,45.1949,94.9812,52.9
US-EML,2009-2022,Qh,140863,-8.7459,43.3991,0.6423,0.6817,55.2911,38.813,57.4
US-EML,2009-2022,NEE,81199,-12.0811,21.8734,0.6757,6.1933,3.1361,20.2062,33.1
US-Elm,2009-2024,Qle,126321,-20.6783,103.8858,0.5828,0.9521,96.905,121.0023,45.0
US-Elm,2009-2024,Qh,126549,25.7604,76.0116,0.6614,1.3887,41.7875,91.9205,45.1
US-Elm,2009-2024,NEE,159937,15.0512,20.2617,0.2392,10.7251,2.8277,13.96,57.0
US-Esm,2008-2023,Qle,108015,8.3954,95.4357,0.6829,1.0124,84.0362,129.9782,38.5
US-Esm,2008-2023,Qh,107960,1.0918,60.2755,0.7523,0.6262,82.9501,87.817,38.5
US-Esm,2008-2023,NEE,129953,11.7519,18.4329,0.239,9.1864,3.0362,14.6172,46.3
US-EvM,2021-2022,Qle,19662,-11.0522,106.3287,0.6604,0.7706,117.4608,135.903,56.1
US-EvM,2021-2022,Qh,19686,43.1724,93.5429,0.8095,1.2387,59.4052,123.3857,56.2
US-EvM,2021-2022,NEE,19686,19.7929,22.8886,0.1476,18.2699,1.592,11.6215,56.2
US-Fcr,2011-2014,Qle,27638,5.6133,26.5916,0.8715,0.4813,39.8176,51.8568,39.4
US-Fcr,2011-2014,Qh,33686,10.7343,32.9377,0.8965,0.4453,65.2032,70.0847,48.0
US-Fcr,2011-2014,NEE,16279,0.808,3.8345,0.2751,2.282,1.572,3.8626,23.2
US-Fmf,2006-2010,Qle,71874,-1.4427,32.9057,0.8103,0.4138,56.0136,47.1387,82.0
US-Fmf,2006-2010,Qh,77948,35.6745,81.5653,0.9372,0.4975,130.6049,179.8855,88.9
US-Fmf,2006-2010,NEE,33513,5.0061,8.906,0.5001,2.0567,3.8064,8.4907,38.2
US-Fo1,2014-2023,Qle,5843,5.6999,32.4154,-0.0966,1.6094,18.4855,24.2856,3.3
US-Fo1,2014-2023,Qh,7486,24.6146,42.7062,0.8667,0.8013,48.9428,67.3502,4.3
US-Fo1,2014-2023,NEE,0,,,,,,,
US-Fo2,2023-2024,Qle,6602,2.9144,32.2959,0.4124,1.0567,25.2271,32.9075,18.8
US-Fo2,2023-2024,Qh,8140,11.1067,29.1299,0.8452,0.5755,44.024,50.316,23.2
US-Fo2,2023-2024,NEE,5040,6.5534,8.5303,-0.1089,4.2709,2.1132,4.8105,14.4
US-Fuf,2006-2010,Qle,71456,0.8349,37.04,0.8139,0.4325,63.6481,53.8022,81.5
US-Fuf,2006-2010,Qh,77479,9.0829,64.4941,0.9309,0.3772,142.6333,169.6755,88.4
US-Fuf,2006-2010,NEE,39887,5.2631,7.6745,0.4958,1.6713,4.1075,6.3346,45.5
US-Fwf,2006-2010,Qle,76559,6.1711,33.6036,0.7939,0.5679,48.291,53.4634,87.3
US-Fwf,2006-2010,Qh,81308,28.6523,90.6612,0.8944,0.7319,106.8731,167.0907,92.8
US-Fwf,2006-2010,NEE,48300,6.5964,8.3478,0.1418,5.423,1.7626,5.0592,55.1
US-GLE,2006-2019,Qle,180327,-11.1819,46.6808,0.5695,0.7948,54.3454,38.6106,73.5
US-GLE,2006-2019,Qh,221060,-0.5117,67.0536,0.9086,0.4099,147.8064,160.5009,90.1
US-GLE,2006-2019,NEE,103888,-0.5833,3.8367,0.6213,1.1537,3.5433,4.7843,42.3
US-HB1,2018-2024,Qle,95700,-19.0769,54.7856,0.815,0.5891,84.3531,84.5145,78.0
US-HB1,2018-2024,Qh,102574,58.9811,124.864,0.8549,1.9406,49.4007,149.2649,83.6
US-HB1,2018-2024,NEE,77321,16.457,21.4598,0.376,4.788,5.1011,14.854,63.0
US-HB2,2019-2024,Qle,82159,7.3574,54.0671,0.861,0.4029,96.5458,104.5373,78.1
US-HB2,2019-2024,Qh,98434,27.6752,56.7661,0.9385,0.4892,94.837,126.196,93.6
US-HB2,2019-2024,NEE,0,,,,,,,
US-HB3,2019-2024,Qle,85142,16.5332,52.0666,0.8786,0.4521,84.2282,102.6402,80.9
US-HB3,2019-2024,Qh,101105,33.4005,56.5703,0.9237,0.5621,86.0443,111.0707,96.1
US-HB3,2019-2024,NEE,60518,6.4594,16.0103,0.7277,2.0531,7.6696,19.2532,57.5
US-HB4,2021-2024,Qle,60694,12.0365,82.1651,0.7923,0.8652,87.9111,130.7142,86.5
US-HB4,2021-2024,Qh,65275,19.574,58.6021,0.8009,1.2495,37.6144,80.558,93.1
US-HB4,2021-2024,NEE,51817,9.5863,16.8693,0.4874,4.8482,4.2991,15.4587,73.9
US-HBK,2017-2023,Qle,65856,-0.9659,65.9795,0.6944,0.5815,84.98,83.7706,53.7
US-HBK,2017-2023,Qh,74613,36.1062,82.1647,0.8225,0.7079,106.3326,129.7709,60.8
US-HBK,2017-2023,NEE,42258,-0.856,11.4868,0.7202,1.2102,9.4702,16.2035,34.4
US-HRA,2016-2023,Qle,40465,-49.9476,113.3942,0.6597,0.6619,135.3806,92.7048,28.9
US-HRA,2016-2023,Qh,41562,40.9017,110.1285,0.3526,2.6818,44.9829,109.0457,29.6
US-HRA,2016-2023,NEE,30149,10.6643,19.0798,0.0338,1.3699,13.0409,9.4098,21.5
US-HRC,2016-2023,Qle,28246,-53.2428,134.7818,0.4961,0.7084,142.1302,80.6042,20.1
US-HRC,2016-2023,Qh,35563,62.8017,124.252,0.4224,2.7419,48.0337,118.2629,25.4
US-HRC,2016-2023,NEE,25970,13.1526,21.2006,-0.1827,1.544,13.3145,7.8205,18.5
US-HVs,1995-1995,Qle,4143,-11.7764,38.5771,0.745,0.716,48.1075,53.7137,23.6
US-HVs,1995-1995,Qh,4455,-3.7206,20.9291,0.755,0.6529,26.6341,31.0264,25.4
US-HVs,1995-1995,NEE,2935,-0.4483,1.5716,0.6321,0.7487,1.9164,1.4644,16.8
US-HWB,2016-2017,Qle,30548,24.0173,61.6989,0.8802,0.6676,69.7384,107.5917,87.1
US-HWB,2016-2017,Qh,32121,41.4143,69.135,0.711,1.6732,39.548,75.9859,91.5
US-HWB,2016-2017,NEE,13170,-4.2947,17.8259,0.3409,1.7827,9.0857,18.1429,37.5
US-Ha1,1994-2024,Qle,181995,-0.9385,41.1658,0.831,0.4446,73.6081,65.3394,67.0
US-Ha1,1994-2024,Qh,203065,7.2292,63.8337,0.8336,0.5299,107.7452,111.7108,74.7
US-Ha1,1994-2024,NEE,100653,-1.7861,11.2126,0.7865,1.307,8.2872,16.3327,37.0
US-Hn2,2016-2018,Qle,28311,-22.6843,42.4149,0.4993,0.8735,40.7797,14.357,53.8
US-Hn2,2016-2018,Qh,32132,-17.4785,67.2582,0.6706,0.6161,85.4425,71.4563,61.1
US-Hn2,2016-2018,NEE,0,,,,,,,
US-Hn3,2018-2018,Qle,7884,-10.3946,21.5858,0.6383,0.7718,24.2471,12.397,45.0
US-Hn3,2018-2018,Qh,8892,17.5527,39.8078,0.95,0.3227,113.8792,111.7185,50.8
US-Hn3,2018-2018,NEE,6161,2.3772,3.919,-0.0911,1.2013,2.9604,0.7383,35.2
US-Ho2,1999-2024,Qle,271951,6.3969,50.2536,0.7687,0.5273,73.9283,72.5979,59.7
US-Ho2,1999-2024,Qh,304217,4.9232,63.3022,0.8483,0.4568,115.7525,113.2283,66.7
US-Ho2,1999-2024,NEE,0,,,,,,,
US-Ho3,2004-2021,Qle,125906,19.2191,58.7528,0.7564,0.6386,76.231,82.0812,39.9
US-Ho3,2004-2021,Qh,150155,4.9949,74.9506,0.8204,0.5796,110.2955,130.6737,47.6
US-Ho3,2004-2021,NEE,0,,,,,,,
US-Hsm,2022-2025,Qle,57547,-67.9291,124.798,0.2369,1.1398,100.6681,61.2039,82.1
US-Hsm,2022-2025,Qh,65708,54.7843,146.7294,0.3484,3.7814,31.5004,143.8509,93.7
US-Hsm,2022-2025,NEE,18780,1.1845,10.7789,0.0378,5.9737,1.7331,10.6383,26.8
US-IAB,2020-2023,Qle,52853,31.8717,97.6436,0.7007,0.903,83.7401,129.0273,75.4
US-IAB,2020-2023,Qh,53955,-17.9636,67.2952,0.4216,0.8714,64.0506,55.8599,76.9
US-IAB,2020-2023,NEE,39582,-16.4164,36.0956,0.7448,3.1922,10.1496,38.9839,56.4
US-IAC,2020-2023,Qle,54373,47.6432,109.0233,0.7763,0.9729,86.6387,148.7105,77.5
US-IAC,2020-2023,Qh,56726,-8.2655,65.5423,0.503,0.7771,68.6988,61.0524,80.9
US-IAC,2020-2023,NEE,38809,-17.4474,36.4712,0.7721,2.6358,11.8418,40.2732,55.3
US-IAM,2020-2023,Qle,50433,32.9863,88.6953,0.8252,0.6858,96.1072,141.2159,71.9
US-IAM,2020-2023,Qh,54609,-16.6118,65.9503,0.6088,0.6889,80.4399,47.8952,77.9
US-IAM,2020-2023,NEE,35794,-18.2041,36.1831,0.8434,2.0107,14.3635,42.4177,51.0
US-ICh,2008-2025,Qle,181081,5.3177,31.0715,0.6894,0.7478,32.6037,41.958,57.4
US-ICh,2008-2025,Qh,186759,15.9432,49.0293,0.6093,1.1599,40.6926,58.0872,59.2
US-ICh,2008-2025,NEE,72671,-0.0122,1.3676,0.6771,0.68,1.726,0.6615,23.0
US-ICs,2008-2025,Qle,190123,3.8373,34.0934,0.6359,0.7836,34.4776,42.8922,60.2
US-ICs,2008-2025,Qh,194802,17.9121,50.479,0.5883,1.1598,41.1011,57.6828,61.7
US-ICs,2008-2025,NEE,74042,-0.1639,1.604,0.6164,0.7602,1.9191,0.6709,23.5
US-ICt,2009-2025,Qle,160843,7.5409,33.9878,0.7019,0.8078,33.5922,46.5118,54.0
US-ICt,2009-2025,Qh,161118,9.8793,53.1593,0.5499,1.1596,44.5655,61.1536,54.1
US-ICt,2009-2025,NEE,62517,0.0619,1.653,0.6658,0.6967,2.0419,0.7212,21.0
US-Jo1,2010-2021,Qle,136540,-2.8156,38.6881,0.5931,0.8154,38.4466,45.8384,64.9
US-Jo1,2010-2021,Qh,163415,-1.6836,37.098,0.9466,0.2716,113.2786,100.9149,77.7
US-Jo1,2010-2021,NEE,98036,1.9475,2.4995,-0.1364,1.9699,1.3239,0.6764,46.6
US-Jo2,2011-2020,Qle,152263,1.8025,38.3083,0.6812,0.8062,37.9314,52.1696,86.8
US-Jo2,2011-2020,Qh,160792,-14.4794,51.3407,0.9199,0.3267,122.2867,101.218,91.7
US-Jo2,2011-2020,NEE,0,,,,,,,
US-KFS,2008-2019,Qle,163503,2.0641,70.3708,0.6358,0.7371,73.4346,88.3489,77.7
US-KFS,2008-2019,Qh,176465,17.31,71.7935,0.7489,0.8073,69.0289,104.2563,83.9
US-KFS,2008-2019,NEE,99770,2.2536,14.2205,0.2094,2.5248,5.3976,14.1413,47.4
US-KLS,2013-2019,Qle,77085,-15.0598,79.3574,0.4992,0.7442,83.5823,70.4686,62.8
US-KLS,2013-2019,Qh,86459,35.6446,88.6983,0.561,1.1567,68.0191,96.6948,70.5
US-KLS,2013-2019,NEE,41512,3.8743,11.9572,0.1518,1.6097,6.882,10.0832,33.8
US-KPL,2022-2024,Qle,26221,1.4399,25.2582,0.8113,0.4181,42.7833,37.8972,49.8
US-KPL,2022-2024,Qh,26055,32.9576,70.7997,0.8676,1.0437,56.0091,104.7211,49.5
US-KPL,2022-2024,NEE,21758,0.4856,6.8741,0.6704,2.8332,2.6868,8.3618,41.4
US-KS1,2002-2003,Qle,8784,31.066,78.2289,0.8037,0.5743,91.8779,120.3881,25.1
US-KS1,2002-2003,Qh,9115,14.1868,55.5402,0.8925,0.4841,88.1649,114.765,26.0
US-KS1,2002-2003,NEE,7666,-0.6851,17.9028,0.8125,2.6716,6.8039,22.9722,21.9
US-KS2,2003-2006,Qle,50689,-8.0716,49.2502,0.8915,0.3164,105.2591,84.5429,72.3
US-KS2,2003-2006,Qh,52649,29.6827,56.0482,0.9328,0.4788,97.9491,123.218,75.1
US-KS2,2003-2006,NEE,33497,8.3069,20.0473,0.7831,2.9389,6.6829,22.999,47.8
US-KS3,2018-2018,Qle,11731,-45.9297,81.9329,0.6898,0.718,93.0688,56.2636,67.0
US-KS3,2018-2018,Qh,12316,85.15,148.6062,0.9416,1.3454,82.1571,195.9649,70.3
US-KS3,2018-2018,NEE,6576,28.8926,31.4112,-0.1273,5.9307,6.0022,10.0265,37.5
US-Kon,2004-2019,Qle,201155,-5.1231,74.1871,0.7207,0.6455,94.0503,102.7988,71.7
US-Kon,2004-2019,Qh,202587,4.4712,70.2975,0.6172,0.8564,71.9064,85.8705,72.2
US-Kon,2004-2019,NEE,118285,-0.9253,15.7934,0.4658,1.5737,8.8116,17.8077,42.2
US-LA2,2022-2022,Qle,10668,-0.9918,68.1514,0.8774,0.4563,119.3777,141.6621,60.9
US-LA2,2022-2022,Qh,10961,28.8071,72.2319,0.7656,1.0651,58.8985,99.4238,62.6
US-LA2,2022-2022,NEE,0,,,,,,,
US-LA3,2020-2023,Qle,40940,-25.3164,74.1923,0.6805,0.8475,75.611,93.8144,58.4
US-LA3,2020-2023,Qh,42451,19.8776,72.0691,0.8482,0.5599,86.4526,125.3041,60.5
US-LA3,2020-2023,NEE,26774,20.4443,24.2671,0.0403,2.9373,8.4076,10.3565,38.2
US-LS1,2004-2007,Qle,60992,-23.5928,65.318,0.6271,0.619,76.0407,61.8815,87.0
US-LS1,2004-2007,Qh,65008,3.5121,57.0328,0.8583,0.4384,110.9141,95.6404,92.7
US-LS1,2004-2007,NEE,29424,3.9052,6.3095,-0.0124,1.2296,4.4087,2.209,42.0
US-LS2,2003-2007,Qle,72406,-24.5449,64.6497,0.7032,0.5496,84.0995,57.8283,82.6
US-LS2,2003-2007,Qh,77528,-9.8844,64.8383,0.8818,0.4424,125.4063,85.9403,88.5
US-LS2,2003-2007,NEE,32985,4.0763,5.9738,0.1768,1.3401,4.1335,2.3178,37.6
US-Lin,2009-2010,Qle,16699,-6.9022,59.1226,0.4908,0.7481,53.4133,62.0207,47.7
US-Lin,2009-2010,Qh,16938,5.1348,56.0322,0.8567,0.4671,88.0834,107.86,48.3
US-Lin,2009-2010,NEE,13194,4.48,8.9458,0.1931,2.468,4.1503,7.3873,37.7
US-Los,2001-2024,Qle,243070,5.3993,43.6806,0.799,0.4851,70.4299,65.5174,57.8
US-Los,2001-2024,Qh,281251,35.6023,82.088,0.8663,1.0316,67.4464,124.2726,66.8
US-Los,2001-2024,NEE,0,,,,,,,
US-MBP,2009-2024,Qle,99974,-4.8897,51.9856,0.8483,0.3665,95.5267,92.0011,35.6
US-MBP,2009-2024,Qh,106758,38.6164,85.5081,0.74,1.3764,48.5489,104.8725,38.1
US-MBP,2009-2024,NEE,80913,-4.0684,13.9797,0.7904,4.8756,2.3581,15.1602,28.8
US-MEF,2024-2025,Qle,32817,-2.3985,44.0397,0.7038,0.6019,59.1495,54.6006,93.5
US-MEF,2024-2025,Qh,33396,51.9825,76.7418,0.9226,0.6036,124.3069,144.4606,95.2
US-MEF,2024-2025,NEE,14505,6.6312,8.7903,-0.1116,2.1473,3.9243,3.8152,41.3
US-MMS,1999-2023,Qle,192783,14.0364,45.9018,0.863,0.4883,85.6541,80.0114,88.0
US-MMS,1999-2023,Qh,193471,12.9135,69.053,0.8426,0.8208,85.5389,121.8654,88.3
US-MMS,1999-2023,NEE,94363,1.4699,9.5543,0.8158,1.1126,8.4273,14.9609,43.1
US-MN1,2018-2024,Qle,67869,-2.8355,64.7437,0.7236,0.6008,80.2008,91.4844,55.3
US-MN1,2018-2024,Qh,86998,40.314,81.1636,0.7539,0.9613,69.4929,106.0375,70.9
US-MN1,2018-2024,NEE,61714,3.6381,10.8918,0.2817,0.9471,9.7392,6.9937,50.3
US-MN2,2018-2024,Qle,73119,-4.5782,65.1837,0.726,0.6264,77.5792,93.4915,59.6
US-MN2,2018-2024,Qh,84723,39.4219,80.6918,0.7212,0.9987,67.1548,101.2834,69.0
US-MN2,2018-2024,NEE,65473,2.2078,9.8207,0.1522,1.2552,6.9169,7.7489,53.3
US-MN3,2021-2024,Qle,42774,-8.9469,68.9539,0.6583,0.6027,84.5121,80.689,61.0
US-MN3,2021-2024,Qh,43513,37.5625,84.1154,0.755,1.0065,69.5452,112.3814,62.0
US-MN3,2021-2024,NEE,34959,4.5788,12.2449,0.0701,1.0069,9.9525,6.212,49.9
US-MOz,2005-2021,Qle,245019,17.0476,61.883,0.8204,0.5308,90.6621,103.545,82.2
US-MOz,2005-2021,Qh,269851,-5.0762,57.8305,0.8095,0.5759,89.5959,96.0159,90.5
US-MOz,2005-2021,NEE,156125,-1.7404,17.0787,0.6058,2.1721,7.191,20.354,52.4
US-MZA,2024-2025,Qle,9198,-15.1823,60.2136,0.8463,0.4171,108.4582,99.319,26.2
US-MZA,2024-2025,Qh,9354,30.3776,66.5231,0.7622,1.1835,44.5296,85.6299,26.7
US-MZA,2024-2025,NEE,6324,1.2609,13.5077,0.4834,1.2804,9.7529,15.1058,18.0
US-Me1,2004-2005,Qle,11754,-9.2009,28.5146,0.7926,0.4768,43.1834,28.2989,33.5
US-Me1,2004-2005,Qh,12032,12.4875,55.3239,0.8918,0.4322,97.4121,117.8799,34.3
US-Me1,2004-2005,NEE,7694,5.4897,7.2827,0.135,3.6722,2.0236,4.6182,21.9
US-Me3,2004-2008,Qle,60832,-1.9146,31.836,0.7422,0.5119,46.8665,39.6258,69.4
US-Me3,2004-2008,Qh,62582,66.2468,117.5836,0.9239,0.8577,105.8286,186.0685,71.4
US-Me3,2004-2008,NEE,32421,9.6393,13.232,0.3493,4.5321,2.9988,9.6657,37.0
US-Me5,2001-2002,Qle,29696,-9.0601,27.2931,0.8216,0.4442,45.1405,36.2677,84.7
US-Me5,2001-2002,Qh,31301,17.1542,49.0569,0.9385,0.369,116.0173,131.4095,89.3
US-Me5,2001-2002,NEE,15230,6.7125,10.338,0.5046,3.3192,3.0532,8.948,43.5
US-Me6,2011-2025,Qle,207285,-2.3412,32.437,0.7048,0.5346,45.1394,36.4262,78.8
US-Me6,2011-2025,Qh,216830,37.0161,77.3738,0.926,0.5049,122.4067,163.1498,82.4
US-Me6,2011-2025,NEE,138255,8.2403,11.7427,0.3356,3.3397,3.607,8.8551,52.6
US-Me7,2023-2023,Qle,16173,8.6034,30.5602,0.3587,1.7533,12.0335,31.4045,92.3
US-Me7,2023-2023,Qh,16119,-4.01,38.6314,0.4336,1.0084,30.9438,39.8506,92.0
US-Me7,2023-2023,NEE,6319,1.1763,10.0701,0.087,8.7682,1.091,10.0368,36.1
US-Mo1,2016-2024,Qle,112288,15.9875,69.6702,0.8262,0.5885,85.8496,118.4513,71.1
US-Mo1,2016-2024,Qh,135951,8.7459,51.8389,0.7421,0.6523,64.4198,75.1235,86.1
US-Mo1,2016-2024,NEE,83436,-0.7982,13.276,0.4242,1.2975,8.892,14.297,52.9
US-Mo2,2018-2024,Qle,75247,5.3283,72.9571,0.7778,0.5454,100.1974,114.3928,61.3
US-Mo2,2018-2024,Qh,92929,12.38,59.6443,0.7584,0.6411,72.1206,89.2604,75.7
US-Mo2,2018-2024,NEE,55391,-1.645,17.4524,0.3067,2.3472,6.8604,18.2048,45.1
US-Mo3,2017-2023,Qle,89197,22.3279,72.9788,0.8294,0.6868,78.7771,119.1041,72.7
US-Mo3,2017-2023,Qh,106936,8.8548,44.6321,0.7715,0.6223,60.1011,67.6092,87.2
US-Mo3,2017-2023,NEE,71176,-0.3709,11.0737,0.5102,1.4197,7.8139,12.7806,58.0
US-Mpj,2008-2025,Qle,244310,-2.1982,27.6693,0.8116,0.502,46.6307,42.1394,77.4
US-Mpj,2008-2025,Qh,261463,2.716,48.6158,0.9731,0.2433,166.4446,191.6937,82.8
US-Mpj,2008-2025,NEE,156184,9.9162,11.7556,0.1477,5.9238,2.0533,6.2815,49.5
US-MtB,2010-2024,Qle,173698,-21.424,79.5359,0.5054,0.688,88.5824,49.7535,66.0
US-MtB,2010-2024,Qh,185955,24.6081,137.1856,0.8529,0.7014,172.9266,247.8084,70.7
US-MtB,2010-2024,NEE,34964,8.0781,10.2943,0.4571,2.2545,4.5424,7.0152,13.3
US-Myb,2011-2024,Qle,194202,-75.7307,138.351,0.0384,1.11,107.0936,48.318,79.1
US-Myb,2011-2024,Qh,229235,88.3669,165.499,0.7249,1.7378,75.7945,184.7743,93.4
US-Myb,2011-2024,NEE,119979,8.7817,12.9709,-0.2153,1.6691,7.3174,4.7541,48.9
US-NC1,2005-2012,Qle,40791,-7.5963,94.8007,0.7446,0.6174,141.0502,113.1549,29.1
US-NC1,2005-2012,Qh,110137,1.3911,50.4205,0.7941,0.5342,82.0907,72.2836,78.5
US-NC1,2005-2012,NEE,44361,-1.939,12.3552,0.6944,1.4168,8.3366,16.414,31.6
US-NC2,2005-2025,Qle,155914,-11.7191,82.2288,0.8083,0.4669,137.0585,121.3078,42.3
US-NC2,2005-2025,Qh,269083,5.4803,47.9597,0.8294,0.4855,84.311,77.1107,73.1
US-NC2,2005-2025,NEE,127434,-4.8313,18.6789,0.6959,1.7045,9.9592,23.4954,34.6
US-NC3,2014-2020,Qle,71524,-10.591,77.7541,0.8316,0.4088,138.2498,121.1225,58.3
US-NC3,2014-2020,Qh,87942,5.7093,52.6393,0.7966,0.53,82.6367,81.4208,71.7
US-NC3,2014-2020,NEE,47111,-10.2895,22.6821,0.6559,2.6264,8.4985,24.7434,38.4
US-NC4,2010-2025,Qle,123418,-15.1791,85.7972,0.7945,0.4646,138.0384,99.4842,44.0
US-NC4,2010-2025,Qh,149378,19.6539,81.849,0.7854,0.6476,103.2391,128.3117,53.3
US-NC4,2010-2025,NEE,0,,,,,,,
US-NC5,2025-2025,Qle,7564,-38.5976,104.8653,0.7794,0.4814,154.9352,111.5987,43.2
US-NC5,2025-2025,Qh,8016,103.3323,155.4664,0.8561,1.7795,78.1699,175.8232,45.8
US-NC5,2025-2025,NEE,5024,11.7272,21.7222,0.3602,1.7783,12.9745,18.3782,28.7
US-NGB,2013-2022,Qle,40547,10.527,43.8121,0.5529,1.0402,37.3875,49.6223,23.1
US-NGB,2013-2022,Qh,55274,-1.8676,38.8497,0.6819,0.6107,46.8838,50.1259,31.5
US-NGB,2013-2022,NEE,32474,-6.9933,14.1418,0.3739,5.2599,2.6768,13.0393,18.5
US-NGC,2018-2022,Qle,31107,35.9982,68.7705,0.6766,1.567,39.6147,77.623,35.5
US-NGC,2018-2022,Qh,37752,-16.6979,49.8359,0.5182,0.7685,54.7027,32.3387,43.1
US-NGC,2018-2022,NEE,21756,-10.1897,18.6707,0.6992,5.695,2.6504,17.3828,24.8
US-NR1,2004-2015,Qle,167689,-8.5725,54.5818,0.5804,0.7449,65.0354,47.8018,79.7
US-NR1,2004-2015,Qh,199041,-5.1303,76.5058,0.8908,0.5245,136.5405,166.0773,94.6
US-NR1,2004-2015,NEE,0,,,,,,,
US-NR3,2008-2023,Qle,138402,45.5821,90.1088,0.4774,2.2921,36.2811,88.212,49.3
US-NR3,2008-2023,Qh,146241,-55.6191,115.6354,0.5288,1.3614,80.3523,117.502,52.1
US-NR3,2008-2023,NEE,0,,,,,,,
US-NSa,2024-2024,Qle,11932,21.1187,72.7508,0.8599,0.523,101.6485,133.8198,67.9
US-NSa,2024-2024,Qh,12069,-5.9437,47.2968,0.7176,0.5702,66.6198,54.7806,68.7
US-NSa,2024-2024,NEE,8230,-1.7147,15.1394,0.3426,2.3976,5.8477,16.0065,46.8
US-NSb,2024-2024,Qle,11145,34.5799,99.2149,0.5511,1.0373,73.088,110.4755,63.4
US-NSb,2024-2024,Qh,11297,-4.7682,77.9455,0.6103,0.6555,91.3756,84.2954,64.3
US-NSb,2024-2024,NEE,8551,5.6115,14.0537,-0.2429,2.4968,6.7506,9.457,48.7
US-Ne1,2002-2024,Qle,176693,20.0496,70.4437,0.848,0.5426,98.4602,126.369,87.6
US-Ne1,2002-2024,Qh,191279,-14.5661,54.5759,0.6923,0.6137,72.7287,53.8075,94.9
US-Ne1,2002-2024,NEE,114016,-10.0379,24.4368,0.8617,1.5783,12.6963,32.2691,56.5
US-Ne2,2003-2024,Qle,171342,18.7278,70.8224,0.8412,0.5385,97.9431,125.533,88.8
US-Ne2,2003-2024,Qh,183394,-15.7968,58.2827,0.698,0.595,78.1434,50.561,95.1
US-Ne2,2003-2024,NEE,103777,-10.7422,26.2409,0.8292,1.755,12.4089,33.2042,53.8
US-Ne3,2002-2024,Qle,172865,26.939,79.1994,0.8207,0.6673,89.2241,127.5238,85.7
US-Ne3,2002-2024,Qh,186389,-21.9651,63.6841,0.6837,0.6149,81.6378,50.9718,92.4
US-Ne3,2002-2024,NEE,103381,-11.6479,28.1599,0.806,2.3428,10.4047,33.2728,51.3
US-ONA,2017-2022,Qle,82386,-1.6687,67.2821,0.818,0.4734,97.6558,116.8679,78.3
US-ONA,2017-2022,Qh,89797,23.5117,58.3079,0.8622,0.5582,76.3976,102.6114,85.4
US-ONA,2017-2022,NEE,53786,-2.7925,18.4048,0.5273,2.1871,6.9104,20.8621,51.1
US-OPE,2022-2022,Qle,14744,25.1015,62.1836,0.8849,0.6329,75.8207,111.6984,84.2
US-OPE,2022-2022,Qh,14788,13.2896,48.6681,0.8556,0.6728,60.4466,86.54,84.4
US-OPE,2022-2022,NEE,6219,-7.4048,18.0743,0.548,1.8152,11.2018,19.7047,35.5
US-OWC,2016-2024,Qle,49390,-30.1362,74.592,0.4482,1.069,67.8534,61.6644,31.3
US-OWC,2016-2024,Qh,47055,44.9378,98.9691,0.4602,2.5852,31.4657,98.1173,29.8
US-OWC,2016-2024,NEE,0,,,,,,,
US-Oho,2004-2012,Qle,89048,-3.4863,48.0356,0.8652,0.3967,95.5007,81.3012,56.4
US-Oho,2004-2012,Qh,110644,10.0224,53.3373,0.8119,0.6249,80.1546,88.6382,70.1
US-Oho,2004-2012,NEE,62276,2.7078,9.0849,0.7404,0.9793,9.1891,12.8903,39.5
US-PAS,2022-2022,Qle,13211,50.4124,96.3333,0.9026,0.6159,116.3528,170.0654,75.4
US-PAS,2022-2022,Qh,13531,-18.8329,51.8339,0.6079,0.6305,54.9695,54.0873,77.2
US-PAS,2022-2022,NEE,6733,-26.4925,34.5744,0.8434,3.0571,11.3361,30.9255,38.4
US-PFL,2019-2019,Qle,4024,0.2693,76.4792,0.7897,0.4607,122.2867,111.4259,23.0
US-PFL,2019-2019,Qh,4175,41.4483,87.1361,0.6831,1.3783,59.8982,103.8561,23.8
US-PFL,2019-2019,NEE,2459,-6.6586,16.5473,0.8689,1.2425,12.6653,24.7955,14.0
US-PFb,2019-2019,Qle,3395,13.7127,81.9334,0.7786,0.479,109.6841,127.674,19.4
US-PFb,2019-2019,Qh,4061,4.1571,64.1422,0.7793,0.646,76.0135,101.993,23.2
US-PFb,2019-2019,NEE,2625,-7.2394,20.6398,0.8242,1.8254,10.7012,27.1744,15.0
US-PFc,2019-2019,Qle,3121,34.1897,77.8932,0.7602,0.924,58.5542,103.2609,17.8
US-PFc,2019-2019,Qh,3647,37.3135,80.7867,0.6446,2.3919,28.3293,86.5642,20.8
US-PFc,2019-2019,NEE,2415,-4.8545,22.342,0.6086,4.703,5.5906,24.7546,13.8
US-PFd,2019-2019,Qle,3416,21.7235,65.4031,0.8272,0.5935,78.9992,108.1909,19.5
US-PFd,2019-2019,Qh,3530,38.4818,76.9712,0.7548,1.1482,57.3375,98.3113,20.1
US-PFd,2019-2019,NEE,2564,-13.2534,25.0641,0.6799,4.0123,6.8805,25.3447,14.6
US-PFf,2019-2019,Qle,3447,38.3298,75.3091,0.865,0.7161,69.7451,114.8939,19.7
US-PFf,2019-2019,Qh,3585,18.7876,63.026,0.8268,1.2098,39.1264,88.3375,20.5
US-PFf,2019-2019,NEE,2143,-10.844,23.4651,0.8019,4.2983,5.0915,24.6684,12.2
US-PFg,2019-2019,Qle,3031,0.5162,60.9175,0.8349,0.3941,100.8171,109.301,17.3
US-PFg,2019-2019,Qh,3193,37.1101,69.0879,0.848,0.7511,81.4103,108.1977,18.2
US-PFg,2019-2019,NEE,2516,-1.521,14.6725,0.8742,1.1767,12.1263,23.9534,14.4
US-PFh,2019-2019,Qle,3684,-16.8004,71.9661,0.7949,0.4628,114.9668,96.9907,21.0
US-PFh,2019-2019,Qh,3839,50.4559,89.9962,0.8471,1.1868,69.5107,123.6022,21.9
US-PFh,2019-2019,NEE,1911,-2.4992,12.7225,0.8619,0.8651,14.133,22.391,10.9
US-PFi,2019-2019,Qle,2706,-8.0407,70.4321,0.7797,0.4533,110.2933,97.2607,15.4
US-PFi,2019-2019,Qh,3340,47.7831,88.9947,0.8225,1.3494,61.558,117.0472,19.1
US-PFi,2019-2019,NEE,1615,-3.2921,15.2618,0.8193,1.3554,11.3039,22.6814,9.2
US-PFj,2019-2019,Qle,3889,-9.8593,70.389,0.7635,0.493,102.0802,100.5651,22.2
US-PFj,2019-2019,Qh,3993,35.9559,80.405,0.8189,0.8996,76.463,119.5849,22.8
US-PFj,2019-2019,NEE,2546,-3.2348,16.3326,0.7874,1.5685,10.6618,22.9928,14.5
US-PFk,2019-2019,Qle,3626,11.932,73.0021,0.8127,0.4706,109.3176,122.4586,20.7
US-PFk,2019-2019,Qh,3787,30.3896,82.3201,0.7745,1.2483,59.1577,112.5454,21.6
US-PFk,2019-2019,NEE,2347,-6.9676,18.0638,0.86,1.6887,10.3334,24.6967,13.4
US-PFm,2019-2019,Qle,4109,8.6902,79.5722,0.7756,0.4559,117.4155,118.701,23.5
US-PFm,2019-2019,Qh,4360,27.0365,71.6695,0.8145,0.9921,67.1569,108.4351,24.9
US-PFm,2019-2019,NEE,2836,-6.1397,17.3119,0.8447,1.3463,12.6343,25.3777,16.2
US-PFn,2019-2019,Qle,3687,19.0387,89.3882,0.7271,0.5181,111.2675,123.2311,21.0
US-PFn,2019-2019,Qh,3969,28.0819,84.9198,0.7695,1.1533,64.4797,118.3729,22.7
US-PFn,2019-2019,NEE,2450,-5.6886,17.1267,0.8379,1.2657,12.7813,25.2789,14.0
US-PFp,2019-2019,Qle,3739,34.1268,102.3428,0.6506,0.7806,88.4217,126.8194,21.3
US-PFp,2019-2019,Qh,3898,47.0599,105.7064,0.7662,1.3291,69.2419,136.5945,22.2
US-PFp,2019-2019,NEE,2467,-8.4317,18.3722,0.7918,1.7293,10.1251,23.1234,14.1
US-PFq,2019-2019,Qle,3869,14.0474,73.2196,0.8298,0.4222,119.3247,126.0076,22.1
US-PFq,2019-2019,Qh,4020,19.6795,77.7322,0.7884,1.092,63.8759,114.4795,22.9
US-PFq,2019-2019,NEE,1987,-11.2094,21.1209,0.8602,1.7142,12.1196,27.2263,11.3
US-PFr,2019-2019,Qle,2870,36.6427,78.2357,0.8398,0.5983,90.7737,124.7128,16.4
US-PFr,2019-2019,Qh,2885,36.8614,71.9425,0.8205,0.8152,71.9728,105.1487,16.5
US-PFr,2019-2019,NEE,2040,-19.7397,29.1921,0.7619,4.486,7.0724,26.4017,11.6
US-PFt,2019-2019,Qle,3706,19.8035,80.154,0.7946,0.4929,106.1194,127.6916,21.2
US-PFt,2019-2019,Qh,3980,20.1204,69.0672,0.8031,0.6526,82.9127,110.4613,22.7
US-PFt,2019-2019,NEE,2581,-9.7798,21.545,0.845,1.9046,10.8126,27.442,14.7
US-PLo,2023-2023,Qle,15704,20.233,55.4769,0.889,0.5578,75.6511,105.5761,89.6
US-PLo,2023-2023,Qh,15792,1.3562,51.2774,0.7783,0.5371,72.4749,79.9936,90.1
US-PLo,2023-2023,NEE,11403,-9.4943,23.5553,0.8261,4.3025,5.4197,25.817,65.1
US-PSH,2016-2016,Qle,3520,9.5562,31.9055,0.6814,0.7508,33.2246,40.9505,20.0
US-PSH,2016-2016,Qh,3567,6.6412,26.4147,0.925,0.3903,55.3556,65.7333,20.3
US-PSH,2016-2016,NEE,1809,3.9535,5.1497,0.0111,2.269,2.4893,2.194,10.3
US-PSL,2016-2016,Qle,2928,-4.3594,63.0177,0.5426,0.7249,71.7237,56.8862,16.7
US-PSL,2016-2016,Qh,3806,4.2927,45.4869,0.7063,0.6163,60.4541,57.5045,21.7
US-PSL,2016-2016,NEE,1965,4.0977,9.1584,0.0895,1.1229,7.3201,4.3878,11.2
US-Prr,2011-2022,Qle,127204,8.3252,25.3874,0.8266,0.5564,36.0064,42.5938,60.5
US-Prr,2011-2022,Qh,140634,14.5419,50.0342,0.7639,0.8874,53.1362,74.0003,66.8
US-Prr,2011-2022,NEE,58655,0.1044,4.943,0.658,1.7101,2.6248,6.2565,27.9
US-RC1,2012-2015,Qle,52551,-0.9097,44.0198,0.7982,0.4902,66.8665,71.1006,74.9
US-RC1,2012-2015,Qh,53119,10.3227,48.1564,0.8432,0.5461,75.0919,87.4675,75.7
US-RC1,2012-2015,NEE,24484,3.5648,8.0869,0.4562,1.0159,7.4874,6.2961,34.9
US-RC2,2013-2015,Qle,39054,-5.8629,49.4922,0.6413,0.6451,61.3459,53.4616,74.3
US-RC2,2013-2015,Qh,39538,7.7682,50.0022,0.8725,0.5182,87.4334,101.0933,75.2
US-RC2,2013-2015,NEE,21144,5.3636,10.2913,0.0769,1.2077,7.9061,4.4816,40.2
US-RC3,2012-2015,Qle,53403,-1.8101,26.3291,0.7618,0.563,38.0823,38.037,76.2
US-RC3,2012-2015,Qh,54388,14.0729,37.0571,0.9584,0.3161,103.3265,116.4725,77.6
US-RC3,2012-2015,NEE,23214,6.3078,8.8032,0.0447,2.0537,4.6228,4.2537,33.1
US-RC4,2013-2015,Qle,34087,7.4615,51.8226,0.7871,0.5473,70.4918,82.6669,64.9
US-RC4,2013-2015,Qh,34339,-7.3265,58.2227,0.6618,0.7011,69.0056,71.3589,65.3
US-RC4,2013-2015,NEE,22438,0.5763,7.2418,0.516,1.12,6.4709,7.9631,42.7
US-RC5,2014-2014,Qle,14390,-54.8131,112.8691,0.2942,0.7923,102.6258,19.499,82.1
US-RC5,2014-2014,Qh,14494,53.955,105.0492,0.7022,1.352,63.3274,122.52,82.7
US-RC5,2014-2014,NEE,9714,7.1158,12.31,-0.4355,1.3308,7.9023,3.6507,55.4
US-RGA,2022-2024,Qle,38380,14.5411,65.1355,0.8608,0.5094,88.8735,121.0668,73.0
US-RGA,2022-2024,Qh,43053,12.0947,48.8683,0.8246,0.6825,58.6661,82.1434,81.8
US-RGA,2022-2024,NEE,25735,3.0962,12.7835,0.3017,1.6089,8.9185,11.7205,48.9
US-RGB,2022-2023,Qle,27146,-32.0755,81.2662,0.5146,0.7119,85.9583,56.2066,77.5
US-RGB,2022-2023,Qh,31915,60.0236,125.2057,0.5292,1.9428,54.6164,128.5333,91.1
US-RGB,2022-2023,NEE,18611,9.2365,15.3749,-0.3136,1.9261,8.4191,6.696,53.1
US-RGF,2024-2024,Qle,14243,-47.46,108.7357,0.5163,0.6633,113.7579,67.6818,81.1
US-RGF,2024-2024,Qh,16045,46.2393,96.7079,0.7637,0.9183,81.9365,129.026,91.3
US-RGF,2024-2024,NEE,6993,9.3464,17.4847,0.284,0.9069,14.5098,9.101,39.8
US-RGW,2023-2024,Qle,28405,19.1482,64.0663,0.8716,0.5478,89.7586,120.6798,81.0
US-RGW,2023-2024,Qh,31532,15.0941,50.8895,0.7059,0.9566,47.3568,68.5934,89.9
US-RGW,2023-2024,NEE,20913,-0.4895,10.2182,0.7125,1.5027,8.325,14.3007,59.6
US-RGo,2022-2024,Qle,40847,-23.3646,83.4233,0.4566,0.8609,74.5836,78.8964,77.6
US-RGo,2022-2024,Qh,46536,39.4709,91.7044,0.7225,1.0257,67.1045,117.0382,88.5
US-RGo,2022-2024,NEE,22718,6.0671,16.157,0.164,2.6375,6.3083,14.6551,43.2
US-RRC,2023-2023,Qle,8853,-21.067,54.8964,0.9188,0.356,128.2879,115.4926,50.5
US-RRC,2023-2023,Qh,9932,14.0897,43.6352,0.8717,0.4766,81.6065,81.4756,56.7
US-RRC,2023-2023,NEE,6063,-10.2318,22.1004,0.6591,3.2284,7.5669,23.7313,34.6
US-Rls,2015-2022,Qle,111598,15.3128,57.1488,0.7847,0.8883,51.2581,85.1877,79.6
US-Rls,2015-2022,Qh,120148,-15.1082,56.7403,0.8717,0.48,101.8258,66.3836,85.7
US-Rls,2015-2022,NEE,34627,0.8532,2.6631,0.6314,0.7642,3.2233,1.6938,24.7
US-Rms,2015-2022,Qle,104315,-5.4622,43.238,0.8114,0.5004,73.3097,57.4894,74.4
US-Rms,2015-2022,Qh,115197,32.3467,78.266,0.8375,0.766,90.357,127.0743,82.1
US-Rms,2015-2022,NEE,41677,4.1355,8.2182,0.1576,1.3337,5.1656,5.7551,29.7
US-Ro1,2004-2016,Qle,169490,14.2494,59.9802,0.8428,0.5776,75.1971,105.289,74.4
US-Ro1,2004-2016,Qh,177300,8.3608,50.1764,0.6459,0.8104,54.0851,62.1855,77.8
US-Ro1,2004-2016,NEE,95572,-11.5652,27.6091,0.6864,2.6322,8.7299,30.2453,41.9
US-Ro2,2008-2016,Qle,72106,14.7855,48.9976,0.9368,0.4462,79.5344,112.0179,45.7
US-Ro2,2008-2016,Qh,75178,12.3145,41.0512,0.7717,0.783,45.5444,61.5015,47.6
US-Ro2,2008-2016,NEE,41494,-11.8492,29.5303,0.6157,2.5725,7.6538,31.0807,26.3
US-Ro3,2005-2007,Qle,44134,16.6772,61.0578,0.841,0.6636,69.7624,103.6689,84.0
US-Ro3,2005-2007,Qh,47541,-5.6011,50.9778,0.5705,0.7566,57.1053,51.7471,90.5
US-Ro3,2005-2007,NEE,22498,-11.2616,25.4625,0.7232,2.2518,9.3025,28.6418,42.8
US-Ro4,2014-2025,Qle,154335,27.9857,71.126,0.8696,0.8098,63.0184,112.3098,73.4
US-Ro4,2014-2025,Qh,156435,-6.91,51.2677,0.7209,0.586,72.4292,44.395,74.4
US-Ro4,2014-2025,NEE,96149,-10.2192,21.9227,0.7143,2.6942,7.1936,23.8683,45.7
US-Ro5,2017-2024,Qle,111872,21.8304,63.6773,0.8504,0.7351,61.959,102.8437,79.8
US-Ro5,2017-2024,Qh,116220,8.1074,44.7624,0.6792,0.741,51.2626,57.6718,82.9
US-Ro5,2017-2024,NEE,64201,-11.443,26.8068,0.7837,2.4756,9.0637,30.6825,45.8
US-Ro6,2017-2024,Qle,108638,15.6559,49.7046,0.9102,0.5246,67.5991,99.5019,77.5
US-Ro6,2017-2024,Qh,112367,11.2394,43.6889,0.7231,0.8143,45.9981,61.0607,80.1
US-Ro6,2017-2024,NEE,52946,-9.6291,26.219,0.6575,2.5727,6.953,28.3893,37.7
US-Rpf,2009-2024,Qle,152250,2.8817,24.4057,0.865,0.4321,42.8519,48.242,54.3
US-Rpf,2009-2024,Qh,214993,28.7442,65.3584,0.8018,1.0111,53.825,92.2624,76.6
US-Rpf,2009-2024,NEE,53829,1.746,3.7295,0.521,1.0987,3.1742,3.5296,19.2
US-Rwe,2004-2006,Qle,26746,7.3848,51.0042,0.7258,0.64,71.3038,63.6393,50.8
US-Rwe,2004-2006,Qh,28639,18.7292,91.0425,0.8712,0.9912,86.5292,153.7031,54.4
US-Rwe,2004-2006,NEE,13490,3.0973,6.1817,0.2586,1.8941,3.0282,5.2622,25.6
US-Rwf,2015-2022,Qle,108961,6.7865,49.9059,0.8162,0.5985,68.8886,85.5543,77.7
US-Rwf,2015-2022,Qh,116316,-2.7203,53.5732,0.7627,0.5482,82.7284,63.0044,82.9
US-Rwf,2015-2022,NEE,36358,-1.1922,3.3373,0.7812,0.732,4.0217,4.9888,25.9
US-Rws,2015-2022,Qle,113521,24.7301,71.323,0.6777,1.5671,34.2524,85.1905,80.9
US-Rws,2015-2022,Qh,124361,-9.1646,55.1629,0.8353,0.5484,91.2294,55.1571,88.7
US-Rws,2015-2022,NEE,86611,0.5697,1.8074,0.5883,0.8749,1.9826,1.7764,61.8
US-SD1,2024-2024,Qle,11110,9.6975,61.9434,0.8784,0.4448,98.9833,125.7367,63.2
US-SD1,2024-2024,Qh,11932,8.7501,47.2862,0.7641,0.721,54.948,72.032,67.9
US-SD1,2024-2024,NEE,7898,-14.6061,31.9897,0.7501,2.882,9.7714,35.0467,45.0
US-SD2,2024-2024,Qle,9824,-11.7214,55.3482,0.8208,0.4232,92.8546,86.8156,55.9
US-SD2,2024-2024,Qh,11175,25.0781,53.994,0.8538,0.827,55.2467,85.3747,63.6
US-SD2,2024-2024,NEE,7397,-1.1404,15.0141,0.4096,1.2264,9.9796,15.9726,42.1
US-SHC,2018-2019,Qle,24455,-20.5482,56.4886,0.7948,0.5132,80.6109,44.6828,69.8
US-SHC,2018-2019,Qh,26169,67.3542,118.5743,0.8953,0.9629,97.3187,174.5579,74.7
US-SHC,2018-2019,NEE,13632,4.2935,12.1311,0.2057,1.5499,7.0652,10.4489,38.9
US-SP1,2001-2020,Qle,191224,-13.1103,70.6054,0.7442,0.4764,103.5261,71.4536,54.5
US-SP1,2001-2020,Qh,206256,35.3164,80.7751,0.8716,0.7001,93.8188,137.9962,58.8
US-SP1,2001-2020,NEE,133577,15.7386,21.0916,0.5176,2.7865,7.8183,16.3924,38.1
US-SRC,2009-2013,Qle,60384,0.5526,31.3313,0.7953,0.7344,30.3909,49.5077,68.9
US-SRC,2009-2013,Qh,61756,8.2145,27.9848,0.9691,0.2407,108.5244,104.9747,70.5
US-SRC,2009-2013,NEE,39678,1.4885,1.8114,0.1588,2.5612,0.8829,0.693,45.3
US-SRG,2009-2025,Qle,266103,-3.6563,40.365,0.8167,0.6217,53.6164,69.4543,89.3
US-SRG,2009-2025,Qh,282852,13.6028,38.4068,0.9517,0.3045,115.8826,115.0879,94.9
US-SRG,2009-2025,NEE,164477,2.6544,4.0271,0.2015,1.8254,2.6536,2.089,55.2
US-SRM,2004-2025,Qle,342703,-0.018,38.9397,0.7975,0.6786,46.7021,64.124,88.8
US-SRM,2004-2025,Qh,364897,-4.4899,44.4495,0.9417,0.3052,125.0527,104.1872,94.6
US-SRM,2004-2025,NEE,177347,1.3565,2.3677,0.102,1.4458,1.8824,0.7013,46.0
US-SRS,2012-2017,Qle,89908,-1.7854,41.5147,0.79,0.6648,51.2163,67.5518,85.5
US-SRS,2012-2017,Qh,94671,-15.2653,51.3512,0.934,0.3387,122.8607,92.9319,90.0
US-SRS,2012-2017,NEE,56873,2.1074,3.7589,-0.0587,1.1881,2.9964,0.685,54.1
US-SSH,2016-2020,Qle,39777,19.5487,53.0173,0.8644,0.573,76.0568,96.8381,45.4
US-SSH,2016-2020,Qh,55700,4.5874,54.3327,0.8023,0.6758,72.6772,90.6876,63.5
US-SSH,2016-2020,NEE,20539,-2.2835,15.234,0.767,2.4513,6.1098,19.2291,23.4
US-Sag,1996-1996,Qle,4434,-27.3032,47.1158,0.7052,0.7762,50.7412,22.3558,25.2
US-Sag,1996-1996,Qh,4559,17.3897,32.8218,0.8774,0.6278,49.0082,57.8979,26.0
US-Sag,1996-1996,NEE,3972,6.3523,7.348,-0.2177,4.9452,1.5992,2.9991,22.6
US-Seg,2007-2025,Qle,281162,-0.37,33.2223,0.6892,0.7634,33.549,45.7658,84.4
US-Seg,2007-2025,Qh,300047,6.7924,34.4707,0.9469,0.2873,105.0417,100.7918,90.1
US-Seg,2007-2025,NEE,144918,1.2202,1.8886,-0.1452,1.7412,1.1971,0.6478,43.5
US-Ses,2007-2025,Qle,270575,-0.416,31.1647,0.7217,0.7309,32.734,45.0159,81.2
US-Ses,2007-2025,Qh,306994,3.2944,29.5211,0.9621,0.2385,107.0238,100.0706,92.2
US-Ses,2007-2025,NEE,111539,1.2302,1.7078,-0.1062,2.1186,0.9109,0.6667,33.5
US-Slt,2005-2021,Qle,194696,-14.1725,73.679,0.8061,0.4596,114.3256,66.6633,65.3
US-Slt,2005-2021,Qh,215333,18.2739,57.1378,0.8827,0.4793,98.9906,115.0507,72.3
US-Slt,2005-2021,NEE,113711,4.9264,11.9292,0.5864,1.7102,6.6933,13.3399,38.2
US-Sne,2017-2020,Qle,47608,-87.9034,136.6545,0.1626,1.3729,95.3279,61.3323,67.9
US-Sne,2017-2020,Qh,53204,96.8769,193.0246,0.5591,4.2611,40.4038,186.1482,75.9
US-Sne,2017-2020,NEE,38323,5.5264,8.8733,0.0189,2.8783,3.4486,6.0905,54.6
US-Snf,2019-2019,Qle,13634,-33.3196,75.8711,0.6657,0.626,91.2837,58.2092,77.8
US-Snf,2019-2019,Qh,16878,59.7203,105.4385,0.9132,1.1338,76.2925,150.8141,96.3
US-Snf,2019-2019,NEE,4339,3.4636,7.3726,0.4655,0.9413,7.3167,4.056,24.8
US-Srr,2015-2016,Qle,20084,-5.4599,56.1089,0.8513,0.4255,100.5737,103.8876,57.2
US-Srr,2015-2016,Qh,20559,23.7944,55.3919,0.9096,0.4604,104.5161,119.8698,58.6
US-Srr,2015-2016,NEE,11029,11.8467,16.4982,0.4448,2.1908,7.4304,12.6625,31.4
US-StJ,2016-2020,Qle,74116,11.8064,60.9505,0.7868,0.5895,77.814,96.8459,84.5
US-StJ,2016-2020,Qh,76605,-7.1858,62.399,0.7231,0.5419,89.4672,59.9546,87.4
US-StJ,2016-2020,NEE,54177,1.6095,9.3894,0.4865,1.2541,7.2749,10.2609,61.8
US-Sta,2006-2008,Qle,24265,7.6011,67.0074,0.6092,1.0146,52.444,83.939,46.1
US-Sta,2006-2008,Qh,24813,-20.8707,62.436,0.3138,0.88,59.0534,36.3905,47.2
US-Sta,2006-2008,NEE,16673,-0.0804,2.6818,0.5029,1.3695,2.0015,3.0541,31.7
US-Syv,2002-2025,Qle,166172,13.9699,55.582,0.7523,0.6324,67.6202,81.0373,39.5
US-Syv,2002-2025,Qh,232433,19.2042,76.5628,0.8585,0.746,85.2996,133.0661,55.2
US-Syv,2002-2025,NEE,0,,,,,,,
US-TKs,2019-2024,Qle,61002,-2.5248,30.7372,0.745,0.5594,43.138,42.6451,58.0
US-TKs,2019-2024,Qh,64357,24.4151,57.1261,0.6708,1.0007,56.0414,68.2479,61.2
US-TKs,2019-2024,NEE,38644,-0.3523,2.2061,0.6123,0.7804,2.6767,1.125,36.7
US-TLR,2024-2024,Qle,9935,-89.4552,148.8034,0.8107,0.9558,126.2958,9.2597,56.6
US-TLR,2024-2024,Qh,10250,97.7159,163.2793,0.7522,1.4625,95.5185,186.5243,58.3
US-TLR,2024-2024,NEE,5213,24.745,29.6048,-0.3032,2.7093,11.3847,8.6492,29.7
US-TaS,2017-2022,Qle,93572,34.7397,114.5806,0.6237,1.379,67.0122,137.5941,89.0
US-TaS,2017-2022,Qh,88202,24.3815,127.9676,0.731,1.3265,72.742,168.5794,83.9
US-TaS,2017-2022,NEE,64664,6.2445,19.3909,0.5979,5.7123,4.0116,20.4726,61.5
US-Ton,2002-2025,Qle,307847,14.4778,51.1587,0.8529,0.6541,59.2274,88.6109,73.2
US-Ton,2002-2025,Qh,382516,-14.5289,50.2185,0.9273,0.3192,122.6677,99.5509,90.9
US-Ton,2002-2025,NEE,156132,-1.0129,23.1636,0.3697,4.8288,4.9147,24.5033,37.1
US-Tw1,2012-2023,Qle,93101,-21.2796,133.699,0.4837,0.7276,138.5562,119.1266,44.3
US-Tw1,2012-2023,Qh,99805,47.927,123.8331,0.58,0.9333,123.2965,125.8343,47.4
US-Tw1,2012-2023,NEE,39978,3.6826,20.8693,-0.2131,1.9683,9.1124,16.5704,19.0
US-Tw2,2012-2013,Qle,13070,12.8162,99.3498,0.5433,0.9296,83.8865,114.473,37.2
US-Tw2,2012-2013,Qh,14906,23.6117,86.7276,0.7647,0.7041,97.2424,129.4862,42.5
US-Tw2,2012-2013,NEE,7524,1.0933,17.1299,-0.0214,1.999,8.1846,14.8338,21.4
US-Tw3,2014-2017,Qle,57980,-54.7215,106.8859,0.4451,0.7318,102.5126,47.4593,82.7
US-Tw3,2014-2017,Qh,66780,64.5116,117.0294,0.7969,1.362,68.5271,143.0381,95.2
US-Tw3,2014-2017,NEE,25356,9.3462,14.2754,0.0752,1.202,9.9903,4.8978,36.2
US-Tw4,2014-2024,Qle,146322,-65.5543,145.6614,0.0574,0.9802,118.5577,60.7564,75.9
US-Tw4,2014-2024,Qh,179760,85.5826,158.3566,0.5695,1.6976,79.9454,161.4393,93.2
US-Tw4,2014-2024,NEE,84488,8.5943,15.6336,-0.2456,1.7571,8.0539,8.4906,43.8
US-Tw5,2019-2019,Qle,7819,-15.9582,67.3895,0.8424,0.4478,116.1203,117.0881,44.6
US-Tw5,2019-2019,Qh,9155,50.0945,86.2637,0.7399,1.2038,63.0018,102.6082,52.3
US-Tw5,2019-2019,NEE,5439,4.5245,9.8756,0.3721,1.0594,7.6212,8.0336,31.0
US-Twt,2010-2016,Qle,81932,-75.6181,144.9868,0.1962,0.9494,119.9524,61.854,66.8
US-Twt,2010-2016,Qh,88186,83.5852,158.6821,0.5658,1.7484,81.1059,163.0277,71.9
US-Twt,2010-2016,NEE,37717,7.2235,15.8028,-0.213,1.3869,10.2582,7.6683,30.7
US-UC1,2020-2024,Qle,72764,22.7146,64.2046,0.8601,0.7134,67.131,107.0724,83.0
US-UC1,2020-2024,Qh,76715,14.0482,54.6223,0.7586,0.9466,48.9518,79.1912,87.5
US-UC1,2020-2024,NEE,57649,-5.4438,21.1877,0.4435,1.9986,10.4465,22.8432,65.7
US-UC2,2020-2024,Qle,74412,24.7337,64.9202,0.8678,0.7118,67.0147,108.1006,84.9
US-UC2,2020-2024,Qh,78708,11.4044,51.9162,0.7368,0.8818,50.04,74.5582,89.8
US-UC2,2020-2024,NEE,52623,-8.2104,22.2225,0.5027,2.186,10.2712,23.8074,60.0
US-UMd,2008-2024,Qle,266454,24.935,59.6941,0.8073,0.7574,69.0042,91.5289,89.4
US-UMd,2008-2024,Qh,249293,3.5235,59.9357,0.869,0.5464,97.6463,120.1362,83.6
US-UMd,2008-2024,NEE,158150,-1.6084,10.0256,0.8594,1.2484,7.1676,15.3518,53.1
US-UTB,2022-2023,Qle,20048,-5.774,21.5545,0.313,0.8008,21.2027,11.7087,57.2
US-UTB,2022-2023,Qh,20654,26.4071,58.026,0.8226,2.145,23.7293,69.3946,58.9
US-UTB,2022-2023,NEE,11738,0.2575,0.9415,,1.005,0.9056,0.0,33.5
US-UTD,2023-2024,Qle,11796,-38.9318,82.721,0.2777,0.8194,75.6337,14.0964,33.6
US-UTD,2023-2024,Qh,12114,71.48,120.1366,0.6101,1.5057,66.3627,121.4758,34.5
US-UTD,2023-2024,NEE,5634,4.918,10.8536,-0.3413,0.9088,9.0391,1.5438,16.1
US-UTE,2024-2025,Qle,18670,-58.3813,119.2947,0.3788,0.7521,112.0214,33.7708,53.2
US-UTE,2024-2025,Qh,19640,54.6589,101.494,0.5777,1.1164,73.3851,103.4294,56.0
US-UTE,2024-2025,NEE,10990,4.8061,10.2782,-0.2729,0.9973,8.4984,1.6428,31.3
US-UTJ,2024-2025,Qle,15232,-2.8113,87.5724,0.5627,0.6885,104.1347,74.4482,43.4
US-UTJ,2024-2025,Qh,17237,13.6769,66.9489,0.5265,0.7688,72.6933,60.0743,49.1
US-UTJ,2024-2025,NEE,9929,3.1018,9.9439,-0.1038,0.926,9.1286,1.6647,28.3
US-UTL,2024-2025,Qle,14269,-59.3151,124.1998,0.2738,0.7726,112.001,13.2422,40.7
US-UTL,2024-2025,Qh,15046,62.8491,108.8601,0.5869,1.7595,52.928,108.9372,42.9
US-UTL,2024-2025,NEE,7935,6.8035,12.1784,-0.3437,1.0705,9.4623,1.5508,22.6
US-UTM,2023-2023,Qle,9762,-41.5582,88.4809,0.2092,0.882,79.8212,13.6774,55.7
US-UTM,2023-2023,Qh,10002,49.8295,92.7685,0.8366,0.706,109.5844,141.8563,57.1
US-UTM,2023-2023,NEE,6232,2.499,8.2302,0.0112,1.4358,7.3172,2.9028,35.6
US-UTP,2024-2024,Qle,5254,-141.9377,233.171,0.1827,0.9441,187.2227,15.7622,29.9
US-UTP,2024-2024,Qh,5277,130.4095,193.3057,0.1502,3.2891,60.817,138.5407,30.0
US-UTP,2024-2024,NEE,4427,20.6197,26.5466,-0.3762,1.7801,14.265,4.8737,25.2
US-UTV,2024-2024,Qle,15765,-40.4063,93.6778,0.2139,0.8067,86.3861,23.1604,89.7
US-UTV,2024-2024,Qh,16988,41.154,85.6827,0.5892,0.9027,70.5221,90.5495,96.7
US-UTV,2024-2024,NEE,5945,4.2691,10.4082,-0.2002,0.9043,9.3063,0.7772,33.8
US-UTW,2022-2023,Qle,30000,-16.7241,83.7714,0.6727,0.554,110.676,68.8543,85.6
US-UTW,2022-2023,Qh,30145,37.7483,83.9121,0.3599,1.443,55.746,74.0221,86.0
US-UTW,2022-2023,NEE,11734,5.6134,12.0319,0.246,0.8581,10.8977,1.3831,33.5
US-Uaf,2004-2024,Qle,160236,1.2371,19.2973,0.8864,0.376,38.7344,41.3489,43.5
US-Uaf,2004-2024,Qh,215228,25.0611,48.1549,0.8586,0.6443,71.8977,79.9666,58.5
US-Uaf,2004-2024,NEE,0,,,,,,,
US-UiA,2009-2024,Qle,117551,15.3372,56.6209,0.9051,0.5091,85.0252,117.7482,41.9
US-UiA,2009-2024,Qh,128914,-5.6413,55.6341,0.6527,0.6815,67.3574,65.3976,46.0
US-UiA,2009-2024,NEE,0,,,,,,,
US-UiB,2009-2024,Qle,195353,22.2946,65.5453,0.8965,0.6111,80.5644,122.4719,69.6
US-UiB,2009-2024,Qh,211194,-5.5834,49.6833,0.7094,0.627,67.2287,61.5555,75.3
US-UiB,2009-2024,NEE,0,,,,,,,
US-UiC,2009-2024,Qle,190463,15.7384,74.9569,0.8092,0.6429,91.3382,123.8253,67.9
US-UiC,2009-2024,Qh,216765,-8.8774,60.8921,0.6032,0.8195,63.3274,71.0231,77.3
US-UiC,2009-2024,NEE,0,,,,,,,
US-UiD,2009-2024,Qle,107797,8.0914,50.7772,0.9135,0.4271,92.172,117.4802,38.4
US-UiD,2009-2024,Qh,123913,3.3439,48.1605,0.7093,0.6518,60.8973,64.7692,44.2
US-UiD,2009-2024,NEE,0,,,,,,,
US-UiE,2019-2024,Qle,69152,19.6094,82.8317,0.7517,0.7119,87.8974,121.8917,65.7
US-UiE,2019-2024,Qh,69351,-0.4053,59.7044,0.635,0.7408,68.483,71.1519,65.9
US-UiE,2019-2024,NEE,36526,-10.5876,24.2816,0.6809,1.6853,12.0305,28.1878,34.7
US-UiF,2019-2022,Qle,50094,33.409,88.3689,0.745,0.9188,75.0374,120.6067,71.4
US-UiF,2019-2022,Qh,50589,5.8658,70.2349,0.5859,0.7816,78.8223,74.7849,72.1
US-UiF,2019-2022,NEE,34381,-8.4907,24.6,0.6645,1.7082,10.362,28.637,49.0
US-UiG,2019-2023,Qle,53392,13.6631,83.31,0.7228,0.7656,87.5337,118.9028,60.9
US-UiG,2019-2023,Qh,53592,-13.145,72.4219,0.5024,0.8365,70.6714,72.0937,61.1
US-UiG,2019-2023,NEE,30234,-11.1536,24.3192,0.718,1.876,10.7388,27.9879,34.5
US-VT1,2024-2024,Qle,14576,8.8731,58.3634,0.8704,0.4373,94.3249,116.322,83.0
US-VT1,2024-2024,Qh,15153,6.7014,49.2974,0.8051,0.5346,73.1783,81.2953,86.3
US-VT1,2024-2024,NEE,9761,-1.6397,10.0137,0.7771,0.9374,9.8803,15.354,55.6
US-VT2,2024-2024,Qle,14053,9.5991,71.8749,0.8016,0.5269,94.0951,119.1105,80.0
US-VT2,2024-2024,Qh,15301,4.631,59.7996,0.7361,0.5551,81.4951,82.618,87.1
US-VT2,2024-2024,NEE,10042,-1.7016,11.0276,0.7098,1.088,9.7641,15.3801,57.2
US-Var,2001-2025,Qle,321090,20.753,48.7609,0.9159,0.669,55.7099,89.0649,73.3
US-Var,2001-2025,Qh,403467,10.0399,32.9089,0.9552,0.2912,103.4612,105.4943,92.1
US-Var,2001-2025,NEE,171549,-0.0189,19.9296,0.6459,4.3981,5.278,22.9271,39.1
US-Vcm,2007-2025,Qle,214796,-1.8545,49.536,0.6843,0.5981,67.7693,49.2255,64.5
US-Vcm,2007-2025,Qh,239003,33.4007,137.4509,0.7965,1.0305,121.9467,208.2107,71.7
US-Vcm,2007-2025,NEE,75339,2.9506,5.5782,0.4655,2.0642,2.8105,5.3361,22.6
US-Vcp,2007-2025,Qle,180637,-16.0642,55.2201,0.7804,0.4803,83.7156,58.2051,54.2
US-Vcp,2007-2025,Qh,203764,20.3629,74.0995,0.9258,0.3516,188.0898,169.373,61.2
US-Vcp,2007-2025,NEE,125069,4.6858,7.8604,0.6183,1.3995,5.3659,8.0132,37.5
US-WCr,2000-2024,Qle,236744,-3.8476,48.4033,0.8237,0.4732,84.8806,66.5436,54.0
US-WCr,2000-2024,Qh,261416,30.5041,65.3323,0.8742,0.7374,81.7764,113.4481,59.6
US-WCr,2000-2024,NEE,0,,,,,,,
US-WPT,2011-2013,Qle,36950,8.6003,62.5244,0.8514,0.6948,78.5047,113.0874,70.2
US-WPT,2011-2013,Qh,40861,39.7973,80.1936,0.6902,2.3802,26.5852,85.2598,77.7
US-WPT,2011-2013,NEE,22850,4.9019,9.5923,0.4933,2.0898,4.7787,9.4781,43.4
US-WT1,2024-2024,Qle,16271,76.8728,149.2132,0.6056,2.7642,43.6267,149.5074,92.6
US-WT1,2024-2024,Qh,16732,-45.8029,104.1702,0.4063,0.7775,97.0229,69.3266,95.2
US-WT1,2024-2024,NEE,13127,-1.5758,11.4661,0.2832,4.8771,3.0284,11.8372,74.7
US-Whs,2008-2025,Qle,284290,0.4956,35.0044,0.8031,0.6624,39.8255,57.7151,90.1
US-Whs,2008-2025,Qh,298554,7.5758,34.3826,0.9604,0.2479,112.7169,120.0025,94.6
US-Whs,2008-2025,NEE,0,,,,,,,
US-Wjs,2008-2024,Qle,244229,-3.7283,35.8436,0.789,0.5867,46.8886,57.9946,81.9
US-Wjs,2008-2024,Qh,260840,2.5688,38.5318,0.955,0.2487,129.6322,124.2333,87.5
US-Wjs,2008-2024,NEE,153834,5.4619,8.05,0.1397,4.1034,2.0044,5.8505,51.6
US-Wkg,2005-2025,Qle,319201,-0.1161,37.9042,0.7896,0.6603,44.2942,61.3922,86.7
US-Wkg,2005-2025,Qh,337761,6.7482,39.3158,0.9495,0.2845,106.6835,120.7896,91.7
US-Wkg,2005-2025,NEE,152672,1.3164,2.2213,0.2169,1.3606,1.7926,0.7617,41.5
US-YK1,2020-2024,Qle,28295,2.3749,36.0175,0.6765,0.7266,37.7352,48.3153,32.3
US-YK1,2020-2024,Qh,29512,4.025,48.0213,0.5766,0.7603,54.1873,49.4011,33.7
US-YK1,2020-2024,NEE,0,,,,,,,
US-YK2,2020-2024,Qle,37833,10.4691,34.7639,0.8669,0.6559,38.1889,60.2486,43.1
US-YK2,2020-2024,Qh,39280,17.5146,54.5302,0.6545,0.796,59.3101,64.4251,44.8
US-YK2,2020-2024,NEE,26725,-6.6487,12.3286,0.7579,4.297,2.467,12.1266,30.5
US-ZF1,2025-2025,Qle,14651,-16.6619,49.4295,0.764,0.5117,71.4408,48.2029,83.6
US-ZF1,2025-2025,Qh,15977,62.0802,98.0624,0.8117,1.4433,64.474,118.2418,91.2
US-ZF1,2025-2025,NEE,8259,3.7177,9.4101,0.3476,1.0252,7.7389,7.3884,47.1
US-ZF2,2025-2025,Qle,13827,-10.6592,42.7946,0.8384,0.4468,75.5585,68.0165,78.9
US-ZF2,2025-2025,Qh,15138,41.371,75.3096,0.8219,1.0637,62.2118,103.1383,86.4
US-ZF2,2025-2025,NEE,9261,1.0836,10.3396,0.5884,0.9498,7.9877,12.7015,52.9
US-xAB,2021-2023,Qle,27517,-6.5411,41.6685,0.8118,0.4654,70.4519,58.1622,52.4
US-xAB,2021-2023,Qh,28737,33.0294,60.1946,0.9338,0.4746,116.2276,136.8647,54.7
US-xAB,2021-2023,NEE,11753,-0.6438,12.1161,0.7006,1.8894,6.4203,15.6958,22.4
US-xAE,2019-2024,Qle,62997,10.7779,45.4399,0.8609,0.5054,71.1377,86.5209,59.9
US-xAE,2019-2024,Qh,68273,10.2306,47.8194,0.936,0.381,99.6743,124.1401,64.9
US-xAE,2019-2024,NEE,39812,6.6598,8.8176,0.2715,2.9465,3.3131,5.7191,37.8
US-xBA,2020-2023,Qle,17131,1.3154,19.7302,0.425,0.9803,17.5665,19.0727,24.4
US-xBA,2020-2023,Qh,22410,47.4294,89.2223,0.6042,2.363,37.0088,91.939,32.0
US-xBA,2020-2023,NEE,9790,0.5567,3.3071,0.2298,3.6375,0.9325,3.3453,14.0
US-xBL,2020-2024,Qle,51856,19.8365,57.8629,0.9045,0.5049,88.0124,118.9106,59.1
US-xBL,2020-2024,Qh,54085,-4.7097,56.2668,0.8181,0.5447,89.4171,50.8081,61.7
US-xBL,2020-2024,NEE,26474,-8.9584,21.8302,0.6307,2.3529,7.6427,23.8237,30.2
US-xBN,2019-2023,Qle,37894,12.7207,32.0163,0.8121,0.6895,37.7272,50.0909,43.2
US-xBN,2019-2023,Qh,38127,4.2578,40.2573,0.8368,0.5703,71.9503,67.3249,43.5
US-xBN,2019-2023,NEE,24484,-0.1994,3.7555,0.6115,1.223,2.8745,4.7396,27.9
US-xBR,2019-2023,Qle,51804,10.3516,47.0209,0.8578,0.464,84.1514,87.4558,59.1
US-xBR,2019-2023,Qh,53971,15.1782,56.9593,0.8936,0.5531,96.5803,119.9803,61.6
US-xBR,2019-2023,NEE,25161,-6.331,16.6021,0.8076,2.1007,7.0395,20.4604,28.7
US-xCL,2020-2024,Qle,55839,6.5377,97.4901,0.6532,0.7259,106.0742,124.1449,63.7
US-xCL,2020-2024,Qh,60699,2.5957,77.7936,0.7147,0.5822,103.9428,101.8571,69.2
US-xCL,2020-2024,NEE,34086,0.7691,20.505,0.3473,2.6688,7.3313,21.8491,38.9
US-xCP,2019-2024,Qle,53027,-1.4137,25.8217,0.8422,0.4612,46.3018,45.4527,50.4
US-xCP,2019-2024,Qh,58033,14.1631,43.8636,0.9256,0.4179,88.3639,106.3997,55.2
US-xCP,2019-2024,NEE,24676,5.4295,7.3009,0.0971,4.5843,2.1589,4.5922,23.5
US-xDC,2019-2024,Qle,67088,-10.7094,48.2187,0.8015,0.4393,77.6199,69.6688,63.8
US-xDC,2019-2024,Qh,73261,43.7747,82.7469,0.7719,1.1527,61.2405,105.7071,69.6
US-xDC,2019-2024,NEE,40486,1.3344,7.2496,0.3651,1.3543,4.415,7.4325,38.5
US-xDJ,2019-2024,Qle,57703,0.3855,25.7305,0.7781,0.5029,38.6265,38.6079,54.8
US-xDJ,2019-2024,Qh,62662,9.6088,46.9045,0.9111,0.4953,91.0591,109.3899,59.6
US-xDJ,2019-2024,NEE,33877,2.8811,4.8417,0.3827,1.7357,2.6173,4.0504,32.2
US-xDL,2020-2024,Qle,52629,16.6437,69.0433,0.8582,0.4426,121.8714,128.6298,60.0
US-xDL,2020-2024,Qh,57736,8.4817,48.7338,0.8459,0.4958,82.4001,88.9853,65.8
US-xDL,2020-2024,NEE,32296,1.8375,16.9699,0.6481,1.6672,10.3613,21.6264,36.8
US-xDS,2020-2024,Qle,51383,36.1841,67.6442,0.9142,0.5804,89.9032,126.2258,58.6
US-xDS,2020-2024,Qh,57153,10.8734,42.614,0.9273,0.3801,86.798,105.8097,65.2
US-xDS,2020-2024,NEE,32896,-4.1394,16.2075,0.8283,3.1808,5.0186,19.5725,37.5
US-xGR,2020-2024,Qle,45094,18.1997,68.5443,0.8146,0.5495,105.3265,111.0069,51.4
US-xGR,2020-2024,Qh,51546,27.9898,66.6111,0.8259,0.782,77.7087,105.8156,58.8
US-xGR,2020-2024,NEE,17541,-7.3022,17.1898,0.8585,1.4109,11.5666,24.3176,20.0
US-xHA,2020-2024,Qle,48314,1.5324,41.9792,0.8492,0.4314,79.4344,67.6455,55.1
US-xHA,2020-2024,Qh,53905,28.4496,70.2381,0.8898,0.7099,88.0276,128.4328,61.5
US-xHA,2020-2024,NEE,24446,-1.7071,11.6148,0.8231,1.3344,8.6158,17.4868,27.9
US-xHE,2019-2024,Qle,48688,4.173,29.1989,0.7888,0.5914,38.3398,46.9655,46.3
US-xHE,2019-2024,Qh,53623,15.3462,52.7686,0.7292,0.8499,58.7752,73.376,51.0
US-xHE,2019-2024,NEE,21163,-0.9028,3.1228,0.5644,0.9758,2.2945,3.6079,20.1
US-xJE,2020-2024,Qle,50664,3.0593,54.8979,0.876,0.3681,113.5973,97.6694,57.8
US-xJE,2020-2024,Qh,55424,19.1974,74.2919,0.8445,0.8208,84.3882,127.0105,63.2
US-xJE,2020-2024,NEE,31117,10.0412,15.6337,0.7057,1.9042,8.3969,16.3268,35.5
US-xJR,2019-2023,Qle,50014,-5.8066,34.5961,0.6407,0.7325,38.1044,41.9403,57.1
US-xJR,2019-2023,Qh,56220,-7.061,36.3128,0.9493,0.256,112.4389,102.4217,64.1
US-xJR,2019-2023,NEE,27705,1.3023,2.0604,-0.0377,1.784,1.4202,0.6779,31.6
US-xKA,2021-2024,Qle,43335,12.8066,60.877,0.8331,0.5732,78.8663,106.1816,61.8
US-xKA,2021-2024,Qh,45300,12.0951,50.0782,0.8291,0.5249,77.8483,86.1468,64.6
US-xKA,2021-2024,NEE,29458,3.742,10.8995,0.3455,1.8427,6.6445,10.415,42.0
US-xKZ,2019-2024,Qle,62952,15.5762,71.5109,0.7896,0.6502,88.4606,113.7146,59.8
US-xKZ,2019-2024,Qh,67589,8.9705,57.6641,0.8029,0.5538,83.0291,94.861,64.2
US-xKZ,2019-2024,NEE,35926,0.9879,14.4509,0.4899,1.9989,6.9011,16.4824,34.1
US-xLE,2020-2023,Qle,23921,-2.8462,62.8471,0.8382,0.4234,114.8522,91.8852,34.1
US-xLE,2020-2023,Qh,25842,51.654,102.7441,0.8321,1.262,69.1751,137.6605,36.8
US-xLE,2020-2023,NEE,0,,,,,,,
US-xMB,2020-2024,Qle,52447,-4.851,33.1175,0.5819,0.8516,33.0092,37.9844,59.8
US-xMB,2020-2024,Qh,55442,29.2165,62.6676,0.9435,0.5434,89.5544,131.3321,63.2
US-xMB,2020-2024,NEE,28782,2.6211,3.4763,-0.24,4.0879,0.9493,1.8615,32.8
US-xML,2020-2024,Qle,45109,17.3457,48.7802,0.8317,0.5841,71.2569,81.9217,51.4
US-xML,2020-2024,Qh,52805,6.064,54.1474,0.9178,0.4463,108.4003,131.772,60.2
US-xML,2020-2024,NEE,14537,-3.8615,13.551,0.8366,2.2356,5.9803,17.5724,16.6
US-xNG,2019-2024,Qle,55820,-10.7021,60.9767,0.6225,0.5841,70.6869,67.3031,53.1
US-xNG,2019-2024,Qh,61477,31.8267,72.345,0.7802,0.8789,67.4828,102.0336,58.4
US-xNG,2019-2024,NEE,31584,1.3016,9.9094,0.2288,2.1999,3.331,10.0349,30.0
US-xNQ,2020-2024,Qle,40253,-1.8984,30.2334,0.6688,0.6865,37.7029,36.3877,45.9
US-xNQ,2020-2024,Qh,43559,28.0574,67.2174,0.9389,0.5528,100.7188,144.8639,49.7
US-xNQ,2020-2024,NEE,20158,6.3139,8.2679,0.0984,8.1529,1.1399,5.3281,23.0
US-xNW,2020-2024,Qle,33785,33.6911,64.2161,0.7586,1.0092,58.6189,83.5787,38.5
US-xNW,2020-2024,Qh,35978,-18.7983,75.4511,0.82,0.9049,89.8784,125.6035,41.0
US-xNW,2020-2024,NEE,13046,-1.1038,4.2198,0.8917,1.9278,1.8626,5.6454,14.9
US-xPU,2020-2024,Qle,31734,-25.0771,77.73,0.6476,0.6528,96.3723,57.8246,36.2
US-xPU,2020-2024,Qh,36288,81.942,147.5297,0.9039,0.9897,126.4014,224.3906,41.4
US-xPU,2020-2024,NEE,12308,-4.6365,10.6905,0.8015,2.0772,5.5034,13.4642,14.0
US-xRM,2019-2024,Qle,64957,-12.3688,45.1402,0.7341,0.5934,63.7923,44.0093,61.7
US-xRM,2019-2024,Qh,70728,34.8888,83.0988,0.9267,0.5638,128.7315,177.1549,67.2
US-xRM,2019-2024,NEE,32600,3.2289,5.282,0.4706,1.54,3.1089,4.6174,31.0
US-xRN,2020-2024,Qle,54637,11.6756,64.0171,0.8452,0.4487,117.2751,104.915,62.3
US-xRN,2020-2024,Qh,59525,-5.4169,53.7712,0.8546,0.4633,100.7527,97.2543,67.9
US-xRN,2020-2024,NEE,23592,-2.6485,13.7265,0.7259,1.2801,10.0704,18.8606,26.9
US-xSB,2020-2024,Qle,44856,31.2868,70.4156,0.8413,0.6839,80.5059,113.4027,51.1
US-xSB,2020-2024,Qh,50955,-1.5468,44.4562,0.9019,0.401,94.5263,102.7774,58.1
US-xSB,2020-2024,NEE,28741,5.4641,14.0692,0.7641,2.5476,5.6196,16.7417,32.8
US-xSC,2019-2024,Qle,51193,12.8284,62.1092,0.8181,0.5065,103.2746,97.3675,48.7
US-xSC,2019-2024,Qh,55675,5.4837,63.6425,0.8461,0.6032,97.7627,118.8252,52.9
US-xSC,2019-2024,NEE,14982,0.1714,12.4574,0.6682,1.5567,7.5685,16.1685,14.2
US-xSE,2020-2024,Qle,54829,26.9397,63.0454,0.8462,0.5837,94.7917,106.6122,62.5
US-xSE,2020-2024,Qh,61239,6.8372,62.5885,0.8605,0.7312,82.1652,116.7385,69.8
US-xSE,2020-2024,NEE,36581,-1.2141,13.3124,0.7348,1.2546,10.1691,18.7937,41.7
US-xSJ,2020-2024,Qle,46492,5.7741,55.1673,0.6729,0.8339,54.2336,73.9182,53.0
US-xSJ,2020-2024,Qh,53265,20.0844,64.4309,0.9172,0.4705,110.1067,143.6756,60.7
US-xSJ,2020-2024,NEE,20872,4.7326,20.6028,0.437,4.9485,4.4614,21.5959,23.8
US-xSL,2020-2024,Qle,44482,1.7323,49.2745,0.7108,0.8001,48.9708,70.0041,50.7
US-xSL,2020-2024,Qh,49817,24.4495,71.0323,0.8671,0.6438,87.0689,126.1549,56.8
US-xSL,2020-2024,NEE,25790,2.3237,5.4395,0.0858,3.0543,2.3033,4.5475,29.4
US-xSP,2020-2024,Qle,43187,-5.3662,51.236,0.6564,0.5856,67.458,46.7697,49.2
US-xSP,2020-2024,Qh,43267,86.7433,155.0201,0.8482,1.347,99.3458,201.4673,49.3
US-xSP,2020-2024,NEE,28467,7.8174,17.4495,0.2248,7.3019,3.0087,15.9989,32.5
US-xSR,2019-2024,Qle,61265,-1.4524,34.3623,0.7095,0.7491,35.505,48.6953,58.2
US-xSR,2019-2024,Qh,68955,7.1029,32.2806,0.9638,0.2313,116.4167,117.6308,65.5
US-xSR,2019-2024,NEE,26350,1.5023,2.0226,0.1662,1.9005,1.2785,0.707,25.0
US-xST,2019-2024,Qle,62645,6.2213,34.9358,0.9026,0.3676,79.6507,74.2759,59.5
US-xST,2019-2024,Qh,70679,14.1724,50.5082,0.8875,0.5654,79.5071,102.3122,67.2
US-xST,2019-2024,NEE,38982,-2.3154,9.9114,0.8842,1.2562,6.8986,15.1821,37.0
US-xTA,2020-2024,Qle,32868,2.9849,62.0798,0.796,0.4481,100.6735,91.5767,37.5
US-xTA,2020-2024,Qh,35283,29.9738,93.608,0.8631,1.0562,81.0321,148.608,40.2
US-xTA,2020-2024,NEE,12272,2.0745,19.1336,0.7866,2.5887,7.2308,24.1767,14.0
US-xTE,2020-2024,Qle,39699,-23.8606,76.0849,0.6338,0.5811,91.8638,45.1635,45.3
US-xTE,2020-2024,Qh,42698,54.5242,113.5746,0.8852,0.6815,122.6362,190.2266,48.7
US-xTE,2020-2024,NEE,27804,5.729,9.3749,0.2595,2.2744,4.2481,7.286,31.7
US-xTL,2019-2024,Qle,37431,15.8669,33.0265,0.8368,0.8782,31.9323,49.8127,35.6
US-xTL,2019-2024,Qh,40315,0.4572,31.5856,0.7604,0.7527,43.4668,47.2118,38.3
US-xTL,2019-2024,NEE,18047,-0.0769,1.0131,0.7563,0.6241,1.4571,0.7677,17.2
US-xTR,2019-2023,Qle,54667,8.6985,40.2788,0.8797,0.4074,80.355,79.9888,62.4
US-xTR,2019-2023,Qh,61261,10.742,51.6405,0.9019,0.5866,82.1005,110.0136,69.9
US-xTR,2019-2023,NEE,36961,-2.4414,10.3984,0.8469,1.2606,7.1256,15.4057,42.2
US-xUK,2020-2024,Qle,57956,13.3538,65.0943,0.8081,0.5535,93.2634,107.623,66.1
US-xUK,2020-2024,Qh,62556,1.3927,59.7066,0.8264,0.542,96.8673,104.3011,71.3
US-xUK,2020-2024,NEE,34687,0.4354,15.2656,0.4895,1.8379,7.5508,17.4623,39.6
US-xUN,2019-2024,Qle,62627,9.9247,37.2006,0.8842,0.4406,69.8836,76.6083,59.5
US-xUN,2019-2024,Qh,70034,15.5778,59.9231,0.8951,0.7313,78.8746,116.5482,66.6
US-xUN,2019-2024,NEE,44633,-2.548,11.5567,0.8687,1.4883,6.7261,16.6117,42.4
US-xWD,2020-2024,Qle,50818,9.5952,44.7502,0.8763,0.5045,65.3114,87.5668,57.9
US-xWD,2020-2024,Qh,56848,10.3652,39.3889,0.8953,0.4825,71.9227,84.838,64.8
US-xWD,2020-2024,NEE,30399,-0.7088,9.2987,0.5228,1.9303,3.6637,10.6453,34.7
US-xWR,2019-2024,Qle,47176,-7.1716,54.1642,0.6999,0.5626,74.5579,59.0325,44.8
US-xWR,2019-2024,Qh,48687,40.9454,83.7103,0.8874,0.6165,119.6179,154.0016,46.3
US-xWR,2019-2024,NEE,30813,1.1565,14.5004,0.5635,1.995,7.8988,17.3487,29.3
US-xYE,2019-2024,Qle,47097,5.4574,34.9835,0.8519,0.4489,61.3105,65.0129,44.8
US-xYE,2019-2024,Qh,52996,5.3043,43.1981,0.9064,0.3668,100.5391,96.9499,50.4
US-xYE,2019-2024,NEE,21768,1.4283,3.5534,0.6214,1.0,3.159,4.0753,20.7
VU-Coc,2002-2003,Qle,28205,18.4054,49.6873,0.9315,0.322,106.3614,124.2274,80.5
VU-Coc,2002-2003,Qh,25401,25.7515,50.0444,0.9473,0.4783,86.3722,114.6168,72.5
VU-Coc,2002-2003,NEE,15040,-10.7685,27.1821,0.8362,2.0331,13.2661,34.9665,42.9
ZA-BfK,2021-2024,Qle,37205,-0.3596,62.5897,0.8113,0.6856,77.6374,106.0829,53.1
ZA-BfK,2021-2024,Qh,39844,28.1356,75.7427,0.8787,0.5643,102.7726,140.6761,56.8
ZA-BfK,2021-2024,NEE,26399,3.7248,5.244,0.3953,1.5358,3.7959,2.7125,37.6
ZA-BfS,2021-2024,Qle,33954,-31.3847,91.213,0.6286,0.683,105.3267,91.2067,48.4
ZA-BfS,2021-2024,Qh,36879,27.5824,65.4145,0.8927,0.4475,110.6272,130.9058,52.6
ZA-BfS,2021-2024,NEE,25005,3.2991,5.962,0.0547,1.0925,4.9554,0.6932,35.7
ZA-Jks,2024-2024,Qle,8790,35.3638,110.8838,0.6021,1.2273,79.3771,131.6208,50.0
ZA-Jks,2024-2024,Qh,8056,-16.5283,77.0459,0.8175,0.5218,129.508,115.8594,45.9
ZA-Jks,2024-2024,NEE,7156,-1.362,6.726,0.7128,0.9032,6.4042,9.3831,40.7
ZA-Spk,2024-2024,Qle,10593,-27.513,92.4411,0.6609,0.7485,102.473,111.0093,60.3
ZA-Spk,2024-2024,Qh,11275,43.7663,79.9375,0.8826,0.6591,95.0277,133.6653,64.2
ZA-Spk,2024-2024,NEE,4407,9.3512,14.4683,0.2288,2.4696,6.4196,10.5697,25.1
ZA-Uby,2024-2024,Qle,10267,3.6327,75.7463,0.7449,0.6353,92.3648,112.695,58.4
ZA-Uby,2024-2024,Qh,10730,31.409,79.382,0.8886,0.5952,90.6703,140.4469,61.1
ZA-Uby,2024-2024,NEE,7790,5.8973,17.7147,0.4344,2.2984,7.431,18.5326,44.3
ZM-Mon,2008-2008,Qle,11484,-1.8123,78.6824,0.7735,0.6374,88.4843,123.6024,65.4
ZM-Mon,2008-2008,Qh,14321,11.609,57.0494,0.906,0.3647,121.1731,131.8898,81.5
ZM-Mon,2008-2008,NEE,5862,-3.865,20.5283,0.5615,2.2312,6.2489,22.9953,33.4
