file,variable,missing_pct,gapfilled_pct,gapfilling_method,tier
met_insituHT_AR-Bal_2012-2013.nc,Tair,0.0,87.9,ERA-Interim,complete
met_insituHT_AR-Bal_2012-2013.nc,SWdown,0.0,87.6,ERA-Interim,complete
met_insituHT_AR-Bal_2012-2013.nc,LWdown,0.0,100.0,ERA-Interim,complete
met_insituHT_AR-Bal_2012-2013.nc,VPD,0.0,87.9,ERA-Interim,complete
met_insituHT_AR-Bal_2012-2013.nc,PSurf,0.0,89.6,ERA-Interim,complete
met_insituHT_AR-Bal_2012-2013.nc,Rainf,0.0,88.3,ERA-Interim,complete
met_insituHT_AR-Bal_2012-2013.nc,Wind,0.0,88.3,ERA-Interim,complete
met_insituHT_AR-Bal_2012-2013.nc,Qair,0.0,87.9,ERA-Interim,complete
met_insituHT_AR-Bal_2012-2013.nc,RH,0.0,87.9,ERA-Interim,complete
met_insituHT_AR-Bal_2012-2013.nc,CO2air,0.0,90.5,observed,complete
met_insituHT_AR-CCa_2013-2020.nc,Tair,0.0,20.2,ERA-Interim,medium
met_insituHT_AR-CCa_2013-2020.nc,SWdown,0.0,27.2,ERA-Interim,heavy
met_insituHT_AR-CCa_2013-2020.nc,LWdown,0.0,100.0,ERA-Interim,complete
met_insituHT_AR-CCa_2013-2020.nc,VPD,0.0,36.8,ERA-Interim,heavy
met_insituHT_AR-CCa_2013-2020.nc,PSurf,0.0,29.9,ERA-Interim,heavy
met_insituHT_AR-CCa_2013-2020.nc,Rainf,0.0,100.0,ERA-Interim,complete
met_insituHT_AR-CCa_2013-2020.nc,Wind,0.0,20.2,ERA-Interim,medium
met_insituHT_AR-CCa_2013-2020.nc,Qair,0.0,36.8,ERA-Interim,heavy
met_insituHT_AR-CCa_2013-2020.nc,RH,0.0,36.8,ERA-Interim,heavy
met_insituHT_AR-CCa_2013-2020.nc,CO2air,0.0,35.6,observed,heavy
met_insituHT_AR-CCg_2018-2024.nc,Tair,0.0,40.4,observed,heavy
met_insituHT_AR-CCg_2018-2024.nc,SWdown,0.0,21.6,observed,medium
met_insituHT_AR-CCg_2018-2024.nc,LWdown,0.0,100.0,ERA-Interim,complete
met_insituHT_AR-CCg_2018-2024.nc,VPD,0.0,70.2,ERA-Interim,complete
met_insituHT_AR-CCg_2018-2024.nc,PSurf,0.0,58.2,ERA-Interim,complete
met_insituHT_AR-CCg_2018-2024.nc,Rainf,0.0,100.0,ERA-Interim,complete
met_insituHT_AR-CCg_2018-2024.nc,Wind,0.0,40.4,ERA-Interim,heavy
met_insituHT_AR-CCg_2018-2024.nc,Qair,0.0,70.2,ERA-Interim,complete
met_insituHT_AR-CCg_2018-2024.nc,RH,0.0,70.2,ERA-Interim,complete
met_insituHT_AR-CCg_2018-2024.nc,CO2air,0.0,49.1,observed,heavy
met_insituHT_AR-TF1_2017-2017.nc,Tair,0.0,3.1,ERA-Interim,mild
met_insituHT_AR-TF1_2017-2017.nc,SWdown,0.0,1.6,ERA-Interim,mild
met_insituHT_AR-TF1_2017-2017.nc,LWdown,0.0,100.0,ERA-Interim,complete
met_insituHT_AR-TF1_2017-2017.nc,VPD,0.0,3.1,ERA-Interim,mild
met_insituHT_AR-TF1_2017-2017.nc,PSurf,0.0,4.8,ERA-Interim,mild
met_insituHT_AR-TF1_2017-2017.nc,Rainf,0.0,100.0,ERA-Interim,complete
met_insituHT_AR-TF1_2017-2017.nc,Wind,0.0,7.9,ERA-Interim,mild
met_insituHT_AR-TF1_2017-2017.nc,Qair,0.0,3.1,ERA-Interim,mild
met_insituHT_AR-TF1_2017-2017.nc,RH,0.0,3.1,ERA-Interim,mild
met_insituHT_AR-TF1_2017-2017.nc,CO2air,0.0,4.8,observed,mild
met_insituHT_AR-TF2_2017-2017.nc,Tair,0.0,0.0,ERA-Interim,mild
met_insituHT_AR-TF2_2017-2017.nc,SWdown,0.0,0.4,ERA-Interim,mild
met_insituHT_AR-TF2_2017-2017.nc,LWdown,0.0,100.0,ERA-Interim,complete
met_insituHT_AR-TF2_2017-2017.nc,VPD,0.0,0.0,ERA-Interim,mild
met_insituHT_AR-TF2_2017-2017.nc,PSurf,0.0,39.1,ERA-Interim,heavy
met_insituHT_AR-TF2_2017-2017.nc,Rainf,0.0,100.0,ERA-Interim,complete
met_insituHT_AR-TF2_2017-2017.nc,Wind,0.0,39.2,ERA-Interim,heavy
met_insituHT_AR-TF2_2017-2017.nc,Qair,0.0,0.0,ERA-Interim,mild
met_insituHT_AR-TF2_2017-2017.nc,RH,0.0,0.0,ERA-Interim,mild
met_insituHT_AR-TF2_2017-2017.nc,CO2air,0.0,39.1,observed,heavy
met_insituHT_AT-Mmg_2022-2024.nc,Tair,0.0,0.8,ERA-Interim,mild
met_insituHT_AT-Mmg_2022-2024.nc,SWdown,0.0,0.8,ERA-Interim,mild
met_insituHT_AT-Mmg_2022-2024.nc,LWdown,0.0,0.9,ERA-Interim,mild
met_insituHT_AT-Mmg_2022-2024.nc,VPD,0.0,0.8,ERA-Interim,mild
met_insituHT_AT-Mmg_2022-2024.nc,PSurf,0.0,3.7,ERA-Interim,mild
met_insituHT_AT-Mmg_2022-2024.nc,Rainf,0.0,0.1,ERA-Interim,mild
met_insituHT_AT-Mmg_2022-2024.nc,Wind,0.0,3.7,ERA-Interim,mild
met_insituHT_AT-Mmg_2022-2024.nc,Qair,0.0,0.8,ERA-Interim,mild
met_insituHT_AT-Mmg_2022-2024.nc,RH,0.0,0.8,ERA-Interim,mild
met_insituHT_AT-Mmg_2022-2024.nc,CO2air,0.0,5.2,observed,mild
met_insituHT_AT-Neu_2002-2019.nc,Tair,0.0,1.3,observed,mild
met_insituHT_AT-Neu_2002-2019.nc,SWdown,0.0,1.3,observed,mild
met_insituHT_AT-Neu_2002-2019.nc,LWdown,0.0,22.7,ERA-Interim,medium
met_insituHT_AT-Neu_2002-2019.nc,VPD,0.0,2.7,observed,mild
met_insituHT_AT-Neu_2002-2019.nc,PSurf,0.0,28.1,ERA-Interim,heavy
met_insituHT_AT-Neu_2002-2019.nc,Rainf,0.0,0.1,ERA-Interim,mild
met_insituHT_AT-Neu_2002-2019.nc,Wind,0.0,12.2,ERA-Interim,medium
met_insituHT_AT-Neu_2002-2019.nc,Qair,0.0,2.7,observed,mild
met_insituHT_AT-Neu_2002-2019.nc,RH,0.0,2.7,ERA-Interim,mild
met_insituHT_AT-Neu_2002-2019.nc,CO2air,0.0,15.4,observed,medium
met_insituHT_AT-Nsd_2019-2022.nc,Tair,0.0,0.0,ERA-Interim,mild
met_insituHT_AT-Nsd_2019-2022.nc,SWdown,0.0,0.9,ERA-Interim,mild
met_insituHT_AT-Nsd_2019-2022.nc,LWdown,0.0,1.4,ERA-Interim,mild
met_insituHT_AT-Nsd_2019-2022.nc,VPD,0.0,0.0,ERA-Interim,mild
met_insituHT_AT-Nsd_2019-2022.nc,PSurf,0.0,0.0,ERA-Interim,mild
met_insituHT_AT-Nsd_2019-2022.nc,Rainf,0.0,0.0,ERA-Interim,mild
met_insituHT_AT-Nsd_2019-2022.nc,Wind,0.0,0.0,ERA-Interim,mild
met_insituHT_AT-Nsd_2019-2022.nc,Qair,0.0,0.0,ERA-Interim,mild
met_insituHT_AT-Nsd_2019-2022.nc,RH,0.0,0.0,ERA-Interim,mild
met_insituHT_AT-Nsd_2019-2022.nc,CO2air,0.0,7.9,observed,mild
met_insituHT_AT-PsM_2016-2019.nc,Tair,0.0,0.0,ERA-Interim,mild
met_insituHT_AT-PsM_2016-2019.nc,SWdown,0.0,0.0,ERA-Interim,mild
met_insituHT_AT-PsM_2016-2019.nc,LWdown,0.0,18.4,ERA-Interim,medium
met_insituHT_AT-PsM_2016-2019.nc,VPD,0.0,0.1,ERA-Interim,mild
met_insituHT_AT-PsM_2016-2019.nc,PSurf,0.0,0.0,ERA-Interim,mild
met_insituHT_AT-PsM_2016-2019.nc,Rainf,0.0,0.6,ERA-Interim,mild
met_insituHT_AT-PsM_2016-2019.nc,Wind,0.0,20.7,ERA-Interim,medium
met_insituHT_AT-PsM_2016-2019.nc,Qair,0.0,0.1,ERA-Interim,mild
met_insituHT_AT-PsM_2016-2019.nc,RH,0.0,0.1,ERA-Interim,mild
met_insituHT_AT-PsM_2016-2019.nc,CO2air,0.0,14.6,observed,medium
met_insituHT_AT-Zoe_2015-2023.nc,Tair,0.0,9.8,observed,mild
met_insituHT_AT-Zoe_2015-2023.nc,SWdown,0.0,22.7,observed,medium
met_insituHT_AT-Zoe_2015-2023.nc,LWdown,0.0,23.1,ERA-Interim,medium
met_insituHT_AT-Zoe_2015-2023.nc,VPD,0.0,10.5,observed,medium
met_insituHT_AT-Zoe_2015-2023.nc,PSurf,0.0,6.5,ERA-Interim,mild
met_insituHT_AT-Zoe_2015-2023.nc,Rainf,0.0,5.9,ERA-Interim,mild
met_insituHT_AT-Zoe_2015-2023.nc,Wind,0.0,34.4,ERA-Interim,heavy
met_insituHT_AT-Zoe_2015-2023.nc,Qair,0.0,10.5,observed,medium
met_insituHT_AT-Zoe_2015-2023.nc,RH,0.0,9.3,ERA-Interim,mild
met_insituHT_AT-Zoe_2015-2023.nc,CO2air,0.0,36.1,observed,heavy
met_insituHT_AU-APL_2018-2021.nc,Tair,0.0,16.4,ERA-Interim,medium
met_insituHT_AU-APL_2018-2021.nc,SWdown,0.0,11.5,ERA-Interim,medium
met_insituHT_AU-APL_2018-2021.nc,LWdown,0.0,16.4,ERA-Interim,medium
met_insituHT_AU-APL_2018-2021.nc,VPD,0.0,16.4,ERA-Interim,medium
met_insituHT_AU-APL_2018-2021.nc,PSurf,0.0,16.4,ERA-Interim,medium
met_insituHT_AU-APL_2018-2021.nc,Rainf,0.0,100.0,ERA-Interim,complete
met_insituHT_AU-APL_2018-2021.nc,Wind,0.0,16.4,ERA-Interim,medium
met_insituHT_AU-APL_2018-2021.nc,Qair,0.0,16.4,ERA-Interim,medium
met_insituHT_AU-APL_2018-2021.nc,RH,0.0,16.4,ERA-Interim,medium
met_insituHT_AU-APL_2018-2021.nc,CO2air,0.0,29.2,observed,heavy
met_insituHT_AU-ASM_2011-2025.nc,Tair,0.0,11.6,ERA-Interim,medium
met_insituHT_AU-ASM_2011-2025.nc,SWdown,0.0,10.9,ERA-Interim,medium
met_insituHT_AU-ASM_2011-2025.nc,LWdown,0.0,12.1,ERA-Interim,medium
met_insituHT_AU-ASM_2011-2025.nc,VPD,0.0,11.6,ERA-Interim,medium
met_insituHT_AU-ASM_2011-2025.nc,PSurf,0.0,11.9,ERA-Interim,medium
met_insituHT_AU-ASM_2011-2025.nc,Rainf,0.0,15.8,ERA-Interim,medium
met_insituHT_AU-ASM_2011-2025.nc,Wind,0.0,18.2,ERA-Interim,medium
met_insituHT_AU-ASM_2011-2025.nc,Qair,0.0,11.6,ERA-Interim,medium
met_insituHT_AU-ASM_2011-2025.nc,RH,0.0,11.6,ERA-Interim,medium
met_insituHT_AU-ASM_2011-2025.nc,CO2air,0.0,20.4,observed,medium
met_insituHT_AU-Ade_2008-2008.nc,Tair,0.0,4.0,ERA-Interim,mild
met_insituHT_AU-Ade_2008-2008.nc,SWdown,0.0,4.2,ERA-Interim,mild
met_insituHT_AU-Ade_2008-2008.nc,LWdown,0.0,4.1,ERA-Interim,mild
met_insituHT_AU-Ade_2008-2008.nc,VPD,0.0,4.0,ERA-Interim,mild
met_insituHT_AU-Ade_2008-2008.nc,PSurf,0.0,4.2,ERA-Interim,mild
met_insituHT_AU-Ade_2008-2008.nc,Rainf,0.0,0.0,ERA-Interim,mild
met_insituHT_AU-Ade_2008-2008.nc,Wind,0.0,4.4,ERA-Interim,mild
met_insituHT_AU-Ade_2008-2008.nc,Qair,0.0,4.0,ERA-Interim,mild
met_insituHT_AU-Ade_2008-2008.nc,RH,0.0,4.0,ERA-Interim,mild
met_insituHT_AU-Ade_2008-2008.nc,CO2air,0.0,10.6,observed,medium
met_insituHT_AU-Boy_2018-2024.nc,Tair,0.0,2.5,ERA-Interim,mild
met_insituHT_AU-Boy_2018-2024.nc,SWdown,0.0,7.7,ERA-Interim,mild
met_insituHT_AU-Boy_2018-2024.nc,LWdown,0.0,9.7,ERA-Interim,mild
met_insituHT_AU-Boy_2018-2024.nc,VPD,0.0,2.5,ERA-Interim,mild
met_insituHT_AU-Boy_2018-2024.nc,PSurf,0.0,4.5,ERA-Interim,mild
met_insituHT_AU-Boy_2018-2024.nc,Rainf,0.0,3.4,ERA-Interim,mild
met_insituHT_AU-Boy_2018-2024.nc,Wind,0.0,2.8,ERA-Interim,mild
met_insituHT_AU-Boy_2018-2024.nc,Qair,0.0,2.5,ERA-Interim,mild
met_insituHT_AU-Boy_2018-2024.nc,RH,0.0,2.5,ERA-Interim,mild
met_insituHT_AU-Boy_2018-2024.nc,CO2air,0.0,14.4,observed,medium
met_insituHT_AU-Col_2018-2018.nc,Tair,0.0,0.6,ERA-Interim,mild
met_insituHT_AU-Col_2018-2018.nc,SWdown,0.0,16.8,ERA-Interim,medium
met_insituHT_AU-Col_2018-2018.nc,LWdown,0.0,15.2,ERA-Interim,medium
met_insituHT_AU-Col_2018-2018.nc,VPD,0.0,0.6,ERA-Interim,mild
met_insituHT_AU-Col_2018-2018.nc,PSurf,0.0,0.7,ERA-Interim,mild
met_insituHT_AU-Col_2018-2018.nc,Rainf,0.0,100.0,ERA-Interim,complete
met_insituHT_AU-Col_2018-2018.nc,Wind,0.0,0.7,ERA-Interim,mild
met_insituHT_AU-Col_2018-2018.nc,Qair,0.0,0.6,ERA-Interim,mild
met_insituHT_AU-Col_2018-2018.nc,RH,0.0,0.6,ERA-Interim,mild
met_insituHT_AU-Col_2018-2018.nc,CO2air,0.0,14.7,observed,medium
met_insituHT_AU-Cow_2009-2024.nc,Tair,0.0,6.2,ERA-Interim,mild
met_insituHT_AU-Cow_2009-2024.nc,SWdown,0.0,9.6,ERA-Interim,mild
met_insituHT_AU-Cow_2009-2024.nc,LWdown,0.0,21.7,ERA-Interim,medium
met_insituHT_AU-Cow_2009-2024.nc,VPD,0.0,7.6,ERA-Interim,mild
met_insituHT_AU-Cow_2009-2024.nc,PSurf,0.0,10.5,ERA-Interim,medium
met_insituHT_AU-Cow_2009-2024.nc,Rainf,0.0,33.7,ERA-Interim,heavy
met_insituHT_AU-Cow_2009-2024.nc,Wind,0.0,9.0,ERA-Interim,mild
met_insituHT_AU-Cow_2009-2024.nc,Qair,0.0,7.6,ERA-Interim,mild
met_insituHT_AU-Cow_2009-2024.nc,RH,0.0,11.9,ERA-Interim,medium
met_insituHT_AU-Cow_2009-2024.nc,CO2air,0.0,28.6,observed,heavy
met_insituHT_AU-Cpr_2011-2025.nc,Tair,0.0,2.8,ERA-Interim,mild
met_insituHT_AU-Cpr_2011-2025.nc,SWdown,0.0,5.7,ERA-Interim,mild
met_insituHT_AU-Cpr_2011-2025.nc,LWdown,0.0,1.8,ERA-Interim,mild
met_insituHT_AU-Cpr_2011-2025.nc,VPD,0.0,2.8,ERA-Interim,mild
met_insituHT_AU-Cpr_2011-2025.nc,PSurf,0.0,2.6,ERA-Interim,mild
met_insituHT_AU-Cpr_2011-2025.nc,Rainf,0.0,2.6,ERA-Interim,mild
met_insituHT_AU-Cpr_2011-2025.nc,Wind,0.0,1.8,ERA-Interim,mild
met_insituHT_AU-Cpr_2011-2025.nc,Qair,0.0,2.8,ERA-Interim,mild
met_insituHT_AU-Cpr_2011-2025.nc,RH,0.0,2.7,ERA-Interim,mild
met_insituHT_AU-Cpr_2011-2025.nc,CO2air,0.0,10.2,observed,medium
met_insituHT_AU-Ctr_2010-2017.nc,Tair,0.0,0.8,ERA-Interim,mild
met_insituHT_AU-Ctr_2010-2017.nc,SWdown,0.0,1.0,ERA-Interim,mild
met_insituHT_AU-Ctr_2010-2017.nc,LWdown,0.0,31.2,ERA-Interim,heavy
met_insituHT_AU-Ctr_2010-2017.nc,VPD,0.0,4.0,ERA-Interim,mild
met_insituHT_AU-Ctr_2010-2017.nc,PSurf,0.0,12.0,ERA-Interim,medium
met_insituHT_AU-Ctr_2010-2017.nc,Rainf,0.0,2.2,ERA-Interim,mild
met_insituHT_AU-Ctr_2010-2017.nc,Wind,0.0,0.8,ERA-Interim,mild
met_insituHT_AU-Ctr_2010-2017.nc,Qair,0.0,4.0,ERA-Interim,mild
met_insituHT_AU-Ctr_2010-2017.nc,RH,0.0,4.1,ERA-Interim,mild
met_insituHT_AU-Ctr_2010-2017.nc,CO2air,0.0,22.4,observed,medium
met_insituHT_AU-Cum_2014-2025.nc,Tair,0.0,1.2,observed,mild
met_insituHT_AU-Cum_2014-2025.nc,SWdown,0.0,5.3,observed,mild
met_insituHT_AU-Cum_2014-2025.nc,LWdown,0.0,6.3,observed,mild
met_insituHT_AU-Cum_2014-2025.nc,VPD,0.0,1.2,observed,mild
met_insituHT_AU-Cum_2014-2025.nc,PSurf,0.0,4.0,ERA-Interim,mild
met_insituHT_AU-Cum_2014-2025.nc,Rainf,0.0,0.6,ERA-Interim,mild
met_insituHT_AU-Cum_2014-2025.nc,Wind,0.0,1.2,ERA-Interim,mild
met_insituHT_AU-Cum_2014-2025.nc,Qair,0.0,1.2,observed,mild
met_insituHT_AU-Cum_2014-2025.nc,RH,0.0,1.1,ERA-Interim,mild
met_insituHT_AU-Cum_2014-2025.nc,CO2air,0.0,17.5,observed,medium
met_insituHT_AU-DaP_2008-2012.nc,Tair,0.0,12.0,ERA-Interim,medium
met_insituHT_AU-DaP_2008-2012.nc,SWdown,0.0,12.3,ERA-Interim,medium
met_insituHT_AU-DaP_2008-2012.nc,LWdown,0.0,12.0,ERA-Interim,medium
met_insituHT_AU-DaP_2008-2012.nc,VPD,0.0,12.0,ERA-Interim,medium
met_insituHT_AU-DaP_2008-2012.nc,PSurf,0.0,17.8,ERA-Interim,medium
met_insituHT_AU-DaP_2008-2012.nc,Rainf,0.0,31.3,ERA-Interim,heavy
met_insituHT_AU-DaP_2008-2012.nc,Wind,0.0,16.9,ERA-Interim,medium
met_insituHT_AU-DaP_2008-2012.nc,Qair,0.0,12.0,ERA-Interim,medium
met_insituHT_AU-DaP_2008-2012.nc,RH,0.0,12.0,ERA-Interim,medium
met_insituHT_AU-DaP_2008-2012.nc,CO2air,0.0,28.0,observed,heavy
met_insituHT_AU-DaS_2008-2025.nc,Tair,0.0,5.5,ERA-Interim,mild
met_insituHT_AU-DaS_2008-2025.nc,SWdown,0.0,4.9,ERA-Interim,mild
met_insituHT_AU-DaS_2008-2025.nc,LWdown,0.0,9.6,ERA-Interim,mild
met_insituHT_AU-DaS_2008-2025.nc,VPD,0.0,5.5,ERA-Interim,mild
met_insituHT_AU-DaS_2008-2025.nc,PSurf,0.0,9.0,ERA-Interim,mild
met_insituHT_AU-DaS_2008-2025.nc,Rainf,0.0,15.8,ERA-Interim,medium
met_insituHT_AU-DaS_2008-2025.nc,Wind,0.0,9.0,ERA-Interim,mild
met_insituHT_AU-DaS_2008-2025.nc,Qair,0.0,5.5,ERA-Interim,mild
met_insituHT_AU-DaS_2008-2025.nc,RH,0.0,5.5,ERA-Interim,mild
met_insituHT_AU-DaS_2008-2025.nc,CO2air,0.0,18.2,observed,medium
met_insituHT_AU-Dry_2010-2024.nc,Tair,0.0,17.6,ERA-Interim,medium
met_insituHT_AU-Dry_2010-2024.nc,SWdown,0.0,15.9,ERA-Interim,medium
met_insituHT_AU-Dry_2010-2024.nc,LWdown,0.0,18.3,ERA-Interim,medium
met_insituHT_AU-Dry_2010-2024.nc,VPD,0.0,17.6,ERA-Interim,medium
met_insituHT_AU-Dry_2010-2024.nc,PSurf,0.0,19.1,ERA-Interim,medium
met_insituHT_AU-Dry_2010-2024.nc,Rainf,0.0,22.5,ERA-Interim,medium
met_insituHT_AU-Dry_2010-2024.nc,Wind,0.0,17.9,ERA-Interim,medium
met_insituHT_AU-Dry_2010-2024.nc,Qair,0.0,17.6,ERA-Interim,medium
met_insituHT_AU-Dry_2010-2024.nc,RH,0.0,17.6,ERA-Interim,medium
met_insituHT_AU-Dry_2010-2024.nc,CO2air,0.0,23.3,observed,medium
met_insituHT_AU-Emr_2012-2013.nc,Tair,0.0,0.4,ERA-Interim,mild
met_insituHT_AU-Emr_2012-2013.nc,SWdown,0.0,1.0,ERA-Interim,mild
met_insituHT_AU-Emr_2012-2013.nc,LWdown,0.0,0.2,ERA-Interim,mild
met_insituHT_AU-Emr_2012-2013.nc,VPD,0.0,0.5,ERA-Interim,mild
met_insituHT_AU-Emr_2012-2013.nc,PSurf,0.0,1.5,ERA-Interim,mild
met_insituHT_AU-Emr_2012-2013.nc,Rainf,0.0,0.0,ERA-Interim,mild
met_insituHT_AU-Emr_2012-2013.nc,Wind,0.0,1.5,ERA-Interim,mild
met_insituHT_AU-Emr_2012-2013.nc,Qair,0.0,0.5,ERA-Interim,mild
met_insituHT_AU-Emr_2012-2013.nc,RH,0.0,0.4,ERA-Interim,mild
met_insituHT_AU-Emr_2012-2013.nc,CO2air,0.0,19.5,observed,medium
met_insituHT_AU-Fle_2023-2025.nc,Tair,0.0,0.4,ERA-Interim,mild
met_insituHT_AU-Fle_2023-2025.nc,SWdown,0.0,0.1,ERA-Interim,mild
met_insituHT_AU-Fle_2023-2025.nc,LWdown,0.0,0.1,ERA-Interim,mild
met_insituHT_AU-Fle_2023-2025.nc,VPD,0.0,0.8,ERA-Interim,mild
met_insituHT_AU-Fle_2023-2025.nc,PSurf,0.0,0.1,ERA-Interim,mild
met_insituHT_AU-Fle_2023-2025.nc,Rainf,0.0,4.0,ERA-Interim,mild
met_insituHT_AU-Fle_2023-2025.nc,Wind,0.0,0.5,ERA-Interim,mild
met_insituHT_AU-Fle_2023-2025.nc,Qair,0.0,0.8,ERA-Interim,mild
met_insituHT_AU-Fle_2023-2025.nc,RH,0.0,0.8,ERA-Interim,mild
met_insituHT_AU-Fle_2023-2025.nc,CO2air,0.0,3.7,observed,mild
met_insituHT_AU-Fog_2007-2007.nc,Tair,0.0,5.6,ERA-Interim,mild
met_insituHT_AU-Fog_2007-2007.nc,SWdown,0.0,5.3,ERA-Interim,mild
met_insituHT_AU-Fog_2007-2007.nc,LWdown,0.0,5.7,ERA-Interim,mild
met_insituHT_AU-Fog_2007-2007.nc,VPD,0.0,5.6,ERA-Interim,mild
met_insituHT_AU-Fog_2007-2007.nc,PSurf,0.0,5.6,ERA-Interim,mild
met_insituHT_AU-Fog_2007-2007.nc,Rainf,0.0,100.0,ERA-Interim,complete
met_insituHT_AU-Fog_2007-2007.nc,Wind,0.0,5.6,ERA-Interim,mild
met_insituHT_AU-Fog_2007-2007.nc,Qair,0.0,5.6,ERA-Interim,mild
met_insituHT_AU-Fog_2007-2007.nc,RH,0.0,5.6,ERA-Interim,mild
met_insituHT_AU-Fog_2007-2007.nc,CO2air,0.0,11.6,observed,medium
met_insituHT_AU-GWW_2013-2024.nc,Tair,0.0,4.1,ERA-Interim,mild
met_insituHT_AU-GWW_2013-2024.nc,SWdown,0.0,4.7,ERA-Interim,mild
met_insituHT_AU-GWW_2013-2024.nc,LWdown,0.0,8.2,ERA-Interim,mild
met_insituHT_AU-GWW_2013-2024.nc,VPD,0.0,4.1,ERA-Interim,mild
met_insituHT_AU-GWW_2013-2024.nc,PSurf,0.0,8.0,ERA-Interim,mild
met_insituHT_AU-GWW_2013-2024.nc,Rainf,0.0,3.7,ERA-Interim,mild
met_insituHT_AU-GWW_2013-2024.nc,Wind,0.0,4.1,ERA-Interim,mild
met_insituHT_AU-GWW_2013-2024.nc,Qair,0.0,4.1,ERA-Interim,mild
met_insituHT_AU-GWW_2013-2024.nc,RH,0.0,4.1,ERA-Interim,mild
met_insituHT_AU-GWW_2013-2024.nc,CO2air,0.0,11.2,observed,medium
met_insituHT_AU-Gin_2012-2024.nc,Tair,0.0,4.8,ERA-Interim,mild
met_insituHT_AU-Gin_2012-2024.nc,SWdown,0.0,4.5,ERA-Interim,mild
met_insituHT_AU-Gin_2012-2024.nc,LWdown,0.0,4.7,ERA-Interim,mild
met_insituHT_AU-Gin_2012-2024.nc,VPD,0.0,5.1,ERA-Interim,mild
met_insituHT_AU-Gin_2012-2024.nc,PSurf,0.0,6.3,ERA-Interim,mild
met_insituHT_AU-Gin_2012-2024.nc,Rainf,0.0,5.7,ERA-Interim,mild
met_insituHT_AU-Gin_2012-2024.nc,Wind,0.0,4.9,ERA-Interim,mild
met_insituHT_AU-Gin_2012-2024.nc,Qair,0.0,5.1,ERA-Interim,mild
met_insituHT_AU-Gin_2012-2024.nc,RH,0.0,5.2,ERA-Interim,mild
met_insituHT_AU-Gin_2012-2024.nc,CO2air,0.0,23.7,observed,medium
met_insituHT_AU-How_2002-2024.nc,Tair,0.0,11.5,ERA-Interim,medium
met_insituHT_AU-How_2002-2024.nc,SWdown,0.0,2.1,ERA-Interim,mild
met_insituHT_AU-How_2002-2024.nc,LWdown,0.0,4.5,ERA-Interim,mild
met_insituHT_AU-How_2002-2024.nc,VPD,0.0,12.5,ERA-Interim,medium
met_insituHT_AU-How_2002-2024.nc,PSurf,0.0,12.1,ERA-Interim,medium
met_insituHT_AU-How_2002-2024.nc,Rainf,0.0,11.3,ERA-Interim,medium
met_insituHT_AU-How_2002-2024.nc,Wind,0.0,13.7,ERA-Interim,medium
met_insituHT_AU-How_2002-2024.nc,Qair,0.0,12.5,ERA-Interim,medium
met_insituHT_AU-How_2002-2024.nc,RH,0.0,12.3,ERA-Interim,medium
met_insituHT_AU-How_2002-2024.nc,CO2air,0.0,20.5,observed,medium
met_insituHT_AU-Lit_2016-2024.nc,Tair,0.0,14.8,ERA-Interim,medium
met_insituHT_AU-Lit_2016-2024.nc,SWdown,0.0,9.6,ERA-Interim,mild
met_insituHT_AU-Lit_2016-2024.nc,LWdown,0.0,9.8,ERA-Interim,mild
met_insituHT_AU-Lit_2016-2024.nc,VPD,0.0,15.2,ERA-Interim,medium
met_insituHT_AU-Lit_2016-2024.nc,PSurf,0.0,15.9,ERA-Interim,medium
met_insituHT_AU-Lit_2016-2024.nc,Rainf,0.0,15.5,ERA-Interim,medium
met_insituHT_AU-Lit_2016-2024.nc,Wind,0.0,19.3,ERA-Interim,medium
met_insituHT_AU-Lit_2016-2024.nc,Qair,0.0,15.2,ERA-Interim,medium
met_insituHT_AU-Lit_2016-2024.nc,RH,0.0,15.2,ERA-Interim,medium
met_insituHT_AU-Lit_2016-2024.nc,CO2air,0.0,23.9,observed,medium
met_insituHT_AU-Lon_2019-2024.nc,Tair,0.0,19.9,ERA-Interim,medium
met_insituHT_AU-Lon_2019-2024.nc,SWdown,0.0,19.7,ERA-Interim,medium
met_insituHT_AU-Lon_2019-2024.nc,LWdown,0.0,20.8,ERA-Interim,medium
met_insituHT_AU-Lon_2019-2024.nc,VPD,0.0,24.3,ERA-Interim,medium
met_insituHT_AU-Lon_2019-2024.nc,PSurf,0.0,22.9,ERA-Interim,medium
met_insituHT_AU-Lon_2019-2024.nc,Rainf,0.0,16.6,ERA-Interim,medium
met_insituHT_AU-Lon_2019-2024.nc,Wind,0.0,20.5,ERA-Interim,medium
met_insituHT_AU-Lon_2019-2024.nc,Qair,0.0,24.3,ERA-Interim,medium
met_insituHT_AU-Lon_2019-2024.nc,RH,0.0,24.3,ERA-Interim,medium
met_insituHT_AU-Lon_2019-2024.nc,CO2air,0.0,25.6,observed,heavy
met_insituHT_AU-Lox_2008-2009.nc,Tair,0.0,59.8,ERA-Interim,complete
met_insituHT_AU-Lox_2008-2009.nc,SWdown,0.0,59.8,ERA-Interim,complete
met_insituHT_AU-Lox_2008-2009.nc,LWdown,0.0,59.8,ERA-Interim,complete
met_insituHT_AU-Lox_2008-2009.nc,VPD,0.0,59.8,ERA-Interim,complete
met_insituHT_AU-Lox_2008-2009.nc,PSurf,0.0,59.8,ERA-Interim,complete
met_insituHT_AU-Lox_2008-2009.nc,Rainf,0.0,59.8,ERA-Interim,complete
met_insituHT_AU-Lox_2008-2009.nc,Wind,0.0,59.8,ERA-Interim,complete
met_insituHT_AU-Lox_2008-2009.nc,Qair,0.0,59.8,ERA-Interim,complete
met_insituHT_AU-Lox_2008-2009.nc,RH,0.0,59.8,ERA-Interim,complete
met_insituHT_AU-Lox_2008-2009.nc,CO2air,0.0,60.9,observed,complete
met_insituHT_AU-MvA_2024-2024.nc,Tair,0.0,0.0,ERA-Interim,mild
met_insituHT_AU-MvA_2024-2024.nc,SWdown,0.0,5.1,ERA-Interim,mild
met_insituHT_AU-MvA_2024-2024.nc,LWdown,0.0,0.3,ERA-Interim,mild
met_insituHT_AU-MvA_2024-2024.nc,VPD,0.0,0.1,ERA-Interim,mild
met_insituHT_AU-MvA_2024-2024.nc,PSurf,0.0,2.1,ERA-Interim,mild
met_insituHT_AU-MvA_2024-2024.nc,Rainf,0.0,0.0,ERA-Interim,mild
met_insituHT_AU-MvA_2024-2024.nc,Wind,0.0,0.0,ERA-Interim,mild
met_insituHT_AU-MvA_2024-2024.nc,Qair,0.0,0.1,ERA-Interim,mild
met_insituHT_AU-MvA_2024-2024.nc,RH,0.0,1.6,ERA-Interim,mild
met_insituHT_AU-MvA_2024-2024.nc,CO2air,0.0,17.9,observed,medium
met_insituHT_AU-MvB_2024-2024.nc,Tair,0.0,4.5,ERA-Interim,mild
met_insituHT_AU-MvB_2024-2024.nc,SWdown,0.0,9.2,ERA-Interim,mild
met_insituHT_AU-MvB_2024-2024.nc,LWdown,0.0,5.0,ERA-Interim,mild
met_insituHT_AU-MvB_2024-2024.nc,VPD,0.0,4.5,ERA-Interim,mild
met_insituHT_AU-MvB_2024-2024.nc,PSurf,0.0,5.9,ERA-Interim,mild
met_insituHT_AU-MvB_2024-2024.nc,Rainf,0.0,4.5,ERA-Interim,mild
met_insituHT_AU-MvB_2024-2024.nc,Wind,0.0,4.5,ERA-Interim,mild
met_insituHT_AU-MvB_2024-2024.nc,Qair,0.0,4.5,ERA-Interim,mild
met_insituHT_AU-MvB_2024-2024.nc,RH,0.0,4.6,ERA-Interim,mild
met_insituHT_AU-MvB_2024-2024.nc,CO2air,0.0,23.5,observed,medium
met_insituHT_AU-Otw_2008-2010.nc,Tair,0.0,9.9,ERA-Interim,mild
met_insituHT_AU-Otw_2008-2010.nc,SWdown,0.0,22.0,ERA-Interim,medium
met_insituHT_AU-Otw_2008-2010.nc,LWdown,0.0,14.2,ERA-Interim,medium
met_insituHT_AU-Otw_2008-2010.nc,VPD,0.0,9.9,ERA-Interim,mild
met_insituHT_AU-Otw_2008-2010.nc,PSurf,0.0,7.0,ERA-Interim,mild
met_insituHT_AU-Otw_2008-2010.nc,Rainf,0.0,7.8,ERA-Interim,mild
met_insituHT_AU-Otw_2008-2010.nc,Wind,0.0,7.2,ERA-Interim,mild
met_insituHT_AU-Otw_2008-2010.nc,Qair,0.0,9.9,ERA-Interim,mild
met_insituHT_AU-Otw_2008-2010.nc,RH,0.0,9.9,ERA-Interim,mild
met_insituHT_AU-Otw_2008-2010.nc,CO2air,0.0,15.4,observed,medium
met_insituHT_AU-RDF_2012-2012.nc,Tair,0.0,10.6,ERA-Interim,medium
met_insituHT_AU-RDF_2012-2012.nc,SWdown,0.0,10.6,ERA-Interim,medium
met_insituHT_AU-RDF_2012-2012.nc,LWdown,0.0,10.6,ERA-Interim,medium
met_insituHT_AU-RDF_2012-2012.nc,VPD,0.0,10.6,ERA-Interim,medium
met_insituHT_AU-RDF_2012-2012.nc,PSurf,0.0,10.6,ERA-Interim,medium
met_insituHT_AU-RDF_2012-2012.nc,Rainf,0.0,10.6,ERA-Interim,medium
met_insituHT_AU-RDF_2012-2012.nc,Wind,0.0,11.3,ERA-Interim,medium
met_insituHT_AU-RDF_2012-2012.nc,Qair,0.0,10.6,ERA-Interim,medium
met_insituHT_AU-RDF_2012-2012.nc,RH,0.0,10.6,ERA-Interim,medium
met_insituHT_AU-RDF_2012-2012.nc,CO2air,0.0,15.5,observed,medium
met_insituHT_AU-Rgf_2016-2024.nc,Tair,0.0,21.4,ERA-Interim,medium
met_insituHT_AU-Rgf_2016-2024.nc,SWdown,0.0,19.0,ERA-Interim,medium
met_insituHT_AU-Rgf_2016-2024.nc,LWdown,0.0,23.5,ERA-Interim,medium
met_insituHT_AU-Rgf_2016-2024.nc,VPD,0.0,22.2,ERA-Interim,medium
met_insituHT_AU-Rgf_2016-2024.nc,PSurf,0.0,20.5,ERA-Interim,medium
met_insituHT_AU-Rgf_2016-2024.nc,Rainf,0.0,21.6,ERA-Interim,medium
met_insituHT_AU-Rgf_2016-2024.nc,Wind,0.0,23.7,ERA-Interim,medium
met_insituHT_AU-Rgf_2016-2024.nc,Qair,0.0,22.2,ERA-Interim,medium
met_insituHT_AU-Rgf_2016-2024.nc,RH,0.0,26.1,ERA-Interim,heavy
met_insituHT_AU-Rgf_2016-2024.nc,CO2air,0.0,40.6,observed,heavy
met_insituHT_AU-Rig_2011-2016.nc,Tair,0.0,5.5,ERA-Interim,mild
met_insituHT_AU-Rig_2011-2016.nc,SWdown,0.0,11.2,ERA-Interim,medium
met_insituHT_AU-Rig_2011-2016.nc,LWdown,0.0,13.3,ERA-Interim,medium
met_insituHT_AU-Rig_2011-2016.nc,VPD,0.0,9.8,ERA-Interim,mild
met_insituHT_AU-Rig_2011-2016.nc,PSurf,0.0,5.1,ERA-Interim,mild
met_insituHT_AU-Rig_2011-2016.nc,Rainf,0.0,10.0,ERA-Interim,mild
met_insituHT_AU-Rig_2011-2016.nc,Wind,0.0,10.9,ERA-Interim,medium
met_insituHT_AU-Rig_2011-2016.nc,Qair,0.0,9.8,ERA-Interim,mild
met_insituHT_AU-Rig_2011-2016.nc,RH,0.0,8.3,ERA-Interim,mild
met_insituHT_AU-Rig_2011-2016.nc,CO2air,0.0,25.2,observed,heavy
met_insituHT_AU-Rob_2014-2024.nc,Tair,0.0,0.4,ERA-Interim,mild
met_insituHT_AU-Rob_2014-2024.nc,SWdown,0.0,0.7,ERA-Interim,mild
met_insituHT_AU-Rob_2014-2024.nc,LWdown,0.0,1.5,ERA-Interim,mild
met_insituHT_AU-Rob_2014-2024.nc,VPD,0.0,0.6,ERA-Interim,mild
met_insituHT_AU-Rob_2014-2024.nc,PSurf,0.0,1.0,ERA-Interim,mild
met_insituHT_AU-Rob_2014-2024.nc,Rainf,0.0,0.4,ERA-Interim,mild
met_insituHT_AU-Rob_2014-2024.nc,Wind,0.0,2.2,ERA-Interim,mild
met_insituHT_AU-Rob_2014-2024.nc,Qair,0.0,0.6,ERA-Interim,mild
met_insituHT_AU-Rob_2014-2024.nc,RH,0.0,9.6,ERA-Interim,mild
met_insituHT_AU-Rob_2014-2024.nc,CO2air,0.0,21.2,observed,medium
met_insituHT_AU-Sam_2011-2017.nc,Tair,0.0,5.9,ERA-Interim,mild
met_insituHT_AU-Sam_2011-2017.nc,SWdown,0.0,4.6,ERA-Interim,mild
met_insituHT_AU-Sam_2011-2017.nc,LWdown,0.0,5.8,ERA-Interim,mild
met_insituHT_AU-Sam_2011-2017.nc,VPD,0.0,5.9,ERA-Interim,mild
met_insituHT_AU-Sam_2011-2017.nc,PSurf,0.0,6.1,ERA-Interim,mild
met_insituHT_AU-Sam_2011-2017.nc,Rainf,0.0,5.9,ERA-Interim,mild
met_insituHT_AU-Sam_2011-2017.nc,Wind,0.0,5.9,ERA-Interim,mild
met_insituHT_AU-Sam_2011-2017.nc,Qair,0.0,5.9,ERA-Interim,mild
met_insituHT_AU-Sam_2011-2017.nc,RH,0.0,5.9,ERA-Interim,mild
met_insituHT_AU-Sam_2011-2017.nc,CO2air,0.0,42.7,observed,heavy
met_insituHT_AU-Sil_2020-2024.nc,Tair,0.0,1.1,ERA-Interim,mild
met_insituHT_AU-Sil_2020-2024.nc,SWdown,0.0,16.9,ERA-Interim,medium
met_insituHT_AU-Sil_2020-2024.nc,LWdown,0.0,17.6,ERA-Interim,medium
met_insituHT_AU-Sil_2020-2024.nc,VPD,0.0,5.1,ERA-Interim,mild
met_insituHT_AU-Sil_2020-2024.nc,PSurf,0.0,1.1,ERA-Interim,mild
met_insituHT_AU-Sil_2020-2024.nc,Rainf,0.0,1.1,ERA-Interim,mild
met_insituHT_AU-Sil_2020-2024.nc,Wind,0.0,1.1,ERA-Interim,mild
met_insituHT_AU-Sil_2020-2024.nc,Qair,0.0,5.1,ERA-Interim,mild
met_insituHT_AU-Sil_2020-2024.nc,RH,0.0,17.1,ERA-Interim,medium
met_insituHT_AU-Sil_2020-2024.nc,CO2air,0.0,4.5,observed,mild
met_insituHT_AU-Sno_2024-2024.nc,Tair,0.0,15.1,ERA-Interim,medium
met_insituHT_AU-Sno_2024-2024.nc,SWdown,0.0,23.9,ERA-Interim,medium
met_insituHT_AU-Sno_2024-2024.nc,LWdown,0.0,22.2,ERA-Interim,medium
met_insituHT_AU-Sno_2024-2024.nc,VPD,0.0,20.6,ERA-Interim,medium
met_insituHT_AU-Sno_2024-2024.nc,PSurf,0.0,15.0,ERA-Interim,medium
met_insituHT_AU-Sno_2024-2024.nc,Rainf,0.0,34.0,ERA-Interim,heavy
met_insituHT_AU-Sno_2024-2024.nc,Wind,0.0,15.8,ERA-Interim,medium
met_insituHT_AU-Sno_2024-2024.nc,Qair,0.0,20.6,ERA-Interim,medium
met_insituHT_AU-Sno_2024-2024.nc,RH,0.0,15.2,ERA-Interim,medium
met_insituHT_AU-Sno_2024-2024.nc,CO2air,0.0,16.6,observed,medium
met_insituHT_AU-Stp_2009-2024.nc,Tair,0.0,8.7,ERA-Interim,mild
met_insituHT_AU-Stp_2009-2024.nc,SWdown,0.0,5.5,ERA-Interim,mild
met_insituHT_AU-Stp_2009-2024.nc,LWdown,0.0,12.1,ERA-Interim,medium
met_insituHT_AU-Stp_2009-2024.nc,VPD,0.0,8.8,ERA-Interim,mild
met_insituHT_AU-Stp_2009-2024.nc,PSurf,0.0,9.3,ERA-Interim,mild
met_insituHT_AU-Stp_2009-2024.nc,Rainf,0.0,13.7,ERA-Interim,medium
met_insituHT_AU-Stp_2009-2024.nc,Wind,0.0,7.2,ERA-Interim,mild
met_insituHT_AU-Stp_2009-2024.nc,Qair,0.0,8.8,ERA-Interim,mild
met_insituHT_AU-Stp_2009-2024.nc,RH,0.0,8.7,ERA-Interim,mild
met_insituHT_AU-Stp_2009-2024.nc,CO2air,0.0,17.8,observed,medium
met_insituHT_AU-TTE_2013-2025.nc,Tair,0.0,33.3,ERA-Interim,heavy
met_insituHT_AU-TTE_2013-2025.nc,SWdown,0.0,33.4,ERA-Interim,heavy
met_insituHT_AU-TTE_2013-2025.nc,LWdown,0.0,34.0,ERA-Interim,heavy
met_insituHT_AU-TTE_2013-2025.nc,VPD,0.0,33.3,ERA-Interim,heavy
met_insituHT_AU-TTE_2013-2025.nc,PSurf,0.0,33.4,ERA-Interim,heavy
met_insituHT_AU-TTE_2013-2025.nc,Rainf,0.0,39.4,ERA-Interim,heavy
met_insituHT_AU-TTE_2013-2025.nc,Wind,0.0,33.1,ERA-Interim,heavy
met_insituHT_AU-TTE_2013-2025.nc,Qair,0.0,33.3,ERA-Interim,heavy
met_insituHT_AU-TTE_2013-2025.nc,RH,0.0,33.3,ERA-Interim,heavy
met_insituHT_AU-TTE_2013-2025.nc,CO2air,0.0,35.7,observed,heavy
met_insituHT_AU-Tum_2002-2021.nc,Tair,0.0,9.0,ERA-Interim,mild
met_insituHT_AU-Tum_2002-2021.nc,SWdown,0.0,11.6,ERA-Interim,medium
met_insituHT_AU-Tum_2002-2021.nc,LWdown,0.0,36.6,ERA-Interim,heavy
met_insituHT_AU-Tum_2002-2021.nc,VPD,0.0,9.0,ERA-Interim,mild
met_insituHT_AU-Tum_2002-2021.nc,PSurf,0.0,8.0,ERA-Interim,mild
met_insituHT_AU-Tum_2002-2021.nc,Rainf,0.0,10.8,ERA-Interim,medium
met_insituHT_AU-Tum_2002-2021.nc,Wind,0.0,8.5,ERA-Interim,mild
met_insituHT_AU-Tum_2002-2021.nc,Qair,0.0,9.0,ERA-Interim,mild
met_insituHT_AU-Tum_2002-2021.nc,RH,0.0,85.2,ERA-Interim,complete
met_insituHT_AU-Tum_2002-2021.nc,CO2air,0.0,61.1,observed,complete
met_insituHT_AU-Wac_2006-2008.nc,Tair,0.0,1.5,ERA-Interim,mild
met_insituHT_AU-Wac_2006-2008.nc,SWdown,0.0,14.2,ERA-Interim,medium
met_insituHT_AU-Wac_2006-2008.nc,LWdown,0.0,12.9,ERA-Interim,medium
met_insituHT_AU-Wac_2006-2008.nc,VPD,0.0,17.4,ERA-Interim,medium
met_insituHT_AU-Wac_2006-2008.nc,PSurf,0.0,13.6,ERA-Interim,medium
met_insituHT_AU-Wac_2006-2008.nc,Rainf,0.0,100.0,ERA-Interim,complete
met_insituHT_AU-Wac_2006-2008.nc,Wind,0.0,1.6,ERA-Interim,mild
met_insituHT_AU-Wac_2006-2008.nc,Qair,0.0,17.4,ERA-Interim,medium
met_insituHT_AU-Wac_2006-2008.nc,RH,0.0,9.0,ERA-Interim,mild
met_insituHT_AU-Wac_2006-2008.nc,CO2air,0.0,24.4,observed,medium
met_insituHT_AU-Wel_2024-2025.nc,Tair,0.0,4.5,observed,mild
met_insituHT_AU-Wel_2024-2025.nc,SWdown,0.0,3.5,observed,mild
met_insituHT_AU-Wel_2024-2025.nc,LWdown,0.0,4.2,observed,mild
met_insituHT_AU-Wel_2024-2025.nc,VPD,0.0,4.5,observed,mild
met_insituHT_AU-Wel_2024-2025.nc,PSurf,0.0,3.9,ERA-Interim,mild
met_insituHT_AU-Wel_2024-2025.nc,Rainf,0.0,3.8,ERA-Interim,mild
met_insituHT_AU-Wel_2024-2025.nc,Wind,0.0,3.8,ERA-Interim,mild
met_insituHT_AU-Wel_2024-2025.nc,Qair,0.0,4.5,observed,mild
met_insituHT_AU-Wel_2024-2025.nc,RH,0.0,4.1,ERA-Interim,mild
met_insituHT_AU-Wel_2024-2025.nc,CO2air,0.0,28.3,observed,heavy
met_insituHT_AU-Wgt_2024-2025.nc,Tair,0.0,47.7,ERA-Interim,heavy
met_insituHT_AU-Wgt_2024-2025.nc,SWdown,0.0,49.9,ERA-Interim,heavy
met_insituHT_AU-Wgt_2024-2025.nc,LWdown,0.0,48.2,ERA-Interim,heavy
met_insituHT_AU-Wgt_2024-2025.nc,VPD,0.0,57.2,ERA-Interim,complete
met_insituHT_AU-Wgt_2024-2025.nc,PSurf,0.0,48.3,ERA-Interim,heavy
met_insituHT_AU-Wgt_2024-2025.nc,Rainf,0.0,48.1,ERA-Interim,heavy
met_insituHT_AU-Wgt_2024-2025.nc,Wind,0.0,48.2,ERA-Interim,heavy
met_insituHT_AU-Wgt_2024-2025.nc,Qair,0.0,57.2,ERA-Interim,complete
met_insituHT_AU-Wgt_2024-2025.nc,RH,0.0,52.1,ERA-Interim,complete
met_insituHT_AU-Wgt_2024-2025.nc,CO2air,0.0,55.4,observed,complete
met_insituHT_AU-Whr_2012-2025.nc,Tair,0.0,24.4,ERA-Interim,medium
met_insituHT_AU-Whr_2012-2025.nc,SWdown,0.0,29.6,ERA-Interim,heavy
met_insituHT_AU-Whr_2012-2025.nc,LWdown,0.0,29.1,ERA-Interim,heavy
met_insituHT_AU-Whr_2012-2025.nc,VPD,0.0,27.9,ERA-Interim,heavy
met_insituHT_AU-Whr_2012-2025.nc,PSurf,0.0,34.4,ERA-Interim,heavy
met_insituHT_AU-Whr_2012-2025.nc,Rainf,0.0,45.6,ERA-Interim,heavy
met_insituHT_AU-Whr_2012-2025.nc,Wind,0.0,14.0,ERA-Interim,medium
met_insituHT_AU-Whr_2012-2025.nc,Qair,0.0,27.9,ERA-Interim,heavy
met_insituHT_AU-Whr_2012-2025.nc,RH,0.0,27.9,ERA-Interim,heavy
met_insituHT_AU-Whr_2012-2025.nc,CO2air,0.0,43.4,observed,heavy
met_insituHT_AU-Wom_2011-2025.nc,Tair,0.0,25.5,ERA-Interim,heavy
met_insituHT_AU-Wom_2011-2025.nc,SWdown,0.0,27.9,ERA-Interim,heavy
met_insituHT_AU-Wom_2011-2025.nc,LWdown,0.0,28.3,ERA-Interim,heavy
met_insituHT_AU-Wom_2011-2025.nc,VPD,0.0,25.5,ERA-Interim,heavy
met_insituHT_AU-Wom_2011-2025.nc,PSurf,0.0,30.8,ERA-Interim,heavy
met_insituHT_AU-Wom_2011-2025.nc,Rainf,0.0,26.5,ERA-Interim,heavy
met_insituHT_AU-Wom_2011-2025.nc,Wind,0.0,31.0,ERA-Interim,heavy
met_insituHT_AU-Wom_2011-2025.nc,Qair,0.0,25.5,ERA-Interim,heavy
met_insituHT_AU-Wom_2011-2025.nc,RH,0.0,31.5,ERA-Interim,heavy
met_insituHT_AU-Wom_2011-2025.nc,CO2air,0.0,50.2,observed,complete
met_insituHT_AU-Wrr_2015-2020.nc,Tair,0.0,14.8,ERA-Interim,medium
met_insituHT_AU-Wrr_2015-2020.nc,SWdown,0.0,17.4,ERA-Interim,medium
met_insituHT_AU-Wrr_2015-2020.nc,LWdown,0.0,14.5,ERA-Interim,medium
met_insituHT_AU-Wrr_2015-2020.nc,VPD,0.0,14.9,ERA-Interim,medium
met_insituHT_AU-Wrr_2015-2020.nc,PSurf,0.0,22.2,ERA-Interim,medium
met_insituHT_AU-Wrr_2015-2020.nc,Rainf,0.0,18.7,ERA-Interim,medium
met_insituHT_AU-Wrr_2015-2020.nc,Wind,0.0,16.3,ERA-Interim,medium
met_insituHT_AU-Wrr_2015-2020.nc,Qair,0.0,14.9,ERA-Interim,medium
met_insituHT_AU-Wrr_2015-2020.nc,RH,0.0,14.6,ERA-Interim,medium
met_insituHT_AU-Wrr_2015-2020.nc,CO2air,0.0,65.9,observed,complete
met_insituHT_AU-Ya1_2023-2024.nc,Tair,0.0,0.8,ERA-Interim,mild
met_insituHT_AU-Ya1_2023-2024.nc,SWdown,0.0,5.2,ERA-Interim,mild
met_insituHT_AU-Ya1_2023-2024.nc,LWdown,0.0,1.7,ERA-Interim,mild
met_insituHT_AU-Ya1_2023-2024.nc,VPD,0.0,0.8,ERA-Interim,mild
met_insituHT_AU-Ya1_2023-2024.nc,PSurf,0.0,1.6,ERA-Interim,mild
met_insituHT_AU-Ya1_2023-2024.nc,Rainf,0.0,0.0,ERA-Interim,mild
met_insituHT_AU-Ya1_2023-2024.nc,Wind,0.0,1.2,ERA-Interim,mild
met_insituHT_AU-Ya1_2023-2024.nc,Qair,0.0,0.8,ERA-Interim,mild
met_insituHT_AU-Ya1_2023-2024.nc,RH,0.0,0.8,ERA-Interim,mild
met_insituHT_AU-Ya1_2023-2024.nc,CO2air,0.0,25.7,observed,heavy
met_insituHT_AU-Ya2_2023-2024.nc,Tair,0.0,12.9,ERA-Interim,medium
met_insituHT_AU-Ya2_2023-2024.nc,SWdown,0.0,5.2,ERA-Interim,mild
met_insituHT_AU-Ya2_2023-2024.nc,LWdown,0.0,1.7,ERA-Interim,mild
met_insituHT_AU-Ya2_2023-2024.nc,VPD,0.0,12.9,ERA-Interim,medium
met_insituHT_AU-Ya2_2023-2024.nc,PSurf,0.0,13.0,ERA-Interim,medium
met_insituHT_AU-Ya2_2023-2024.nc,Rainf,0.0,0.0,ERA-Interim,mild
met_insituHT_AU-Ya2_2023-2024.nc,Wind,0.0,15.6,ERA-Interim,medium
met_insituHT_AU-Ya2_2023-2024.nc,Qair,0.0,12.9,ERA-Interim,medium
met_insituHT_AU-Ya2_2023-2024.nc,RH,0.0,13.9,ERA-Interim,medium
met_insituHT_AU-Ya2_2023-2024.nc,CO2air,0.0,35.6,observed,heavy
met_insituHT_AU-Ync_2013-2024.nc,Tair,0.0,3.5,ERA-Interim,mild
met_insituHT_AU-Ync_2013-2024.nc,SWdown,0.0,8.9,ERA-Interim,mild
met_insituHT_AU-Ync_2013-2024.nc,LWdown,0.0,4.2,ERA-Interim,mild
met_insituHT_AU-Ync_2013-2024.nc,VPD,0.0,6.8,ERA-Interim,mild
met_insituHT_AU-Ync_2013-2024.nc,PSurf,0.0,4.3,ERA-Interim,mild
met_insituHT_AU-Ync_2013-2024.nc,Rainf,0.0,3.5,ERA-Interim,mild
met_insituHT_AU-Ync_2013-2024.nc,Wind,0.0,4.0,ERA-Interim,mild
met_insituHT_AU-Ync_2013-2024.nc,Qair,0.0,6.8,ERA-Interim,mild
met_insituHT_AU-Ync_2013-2024.nc,RH,0.0,4.0,ERA-Interim,mild
met_insituHT_AU-Ync_2013-2024.nc,CO2air,0.0,38.4,observed,heavy
met_insituHT_BE-Bra_2000-2023.nc,Tair,0.0,14.0,observed,medium
met_insituHT_BE-Bra_2000-2023.nc,SWdown,0.0,10.9,observed,medium
met_insituHT_BE-Bra_2000-2023.nc,LWdown,0.0,34.9,ERA-Interim,heavy
met_insituHT_BE-Bra_2000-2023.nc,VPD,0.0,16.3,observed,medium
met_insituHT_BE-Bra_2000-2023.nc,PSurf,0.0,15.1,ERA-Interim,medium
met_insituHT_BE-Bra_2000-2023.nc,Rainf,0.0,10.3,ERA-Interim,medium
met_insituHT_BE-Bra_2000-2023.nc,Wind,0.0,20.5,ERA-Interim,medium
met_insituHT_BE-Bra_2000-2023.nc,Qair,0.0,16.3,observed,medium
met_insituHT_BE-Bra_2000-2023.nc,RH,0.0,13.1,ERA-Interim,medium
met_insituHT_BE-Bra_2000-2023.nc,CO2air,0.0,22.7,observed,medium
met_insituHT_BE-Dor_2011-2024.nc,Tair,0.0,3.7,observed,mild
met_insituHT_BE-Dor_2011-2024.nc,SWdown,0.0,2.3,observed,mild
met_insituHT_BE-Dor_2011-2024.nc,LWdown,0.0,3.4,observed,mild
met_insituHT_BE-Dor_2011-2024.nc,VPD,0.0,8.2,observed,mild
met_insituHT_BE-Dor_2011-2024.nc,PSurf,0.0,3.0,ERA-Interim,mild
met_insituHT_BE-Dor_2011-2024.nc,Rainf,0.0,6.2,ERA-Interim,mild
met_insituHT_BE-Dor_2011-2024.nc,Wind,0.0,5.2,ERA-Interim,mild
met_insituHT_BE-Dor_2011-2024.nc,Qair,0.0,8.2,observed,mild
met_insituHT_BE-Dor_2011-2024.nc,RH,0.0,8.0,ERA-Interim,mild
met_insituHT_BE-Dor_2011-2024.nc,CO2air,0.0,7.8,observed,mild
met_insituHT_BE-Lcr_2019-2022.nc,Tair,0.0,3.3,observed,mild
met_insituHT_BE-Lcr_2019-2022.nc,SWdown,0.0,3.6,observed,mild
met_insituHT_BE-Lcr_2019-2022.nc,LWdown,0.0,4.2,observed,mild
met_insituHT_BE-Lcr_2019-2022.nc,VPD,0.0,3.3,observed,mild
met_insituHT_BE-Lcr_2019-2022.nc,PSurf,0.0,3.6,ERA-Interim,mild
met_insituHT_BE-Lcr_2019-2022.nc,Rainf,0.0,1.3,ERA-Interim,mild
met_insituHT_BE-Lcr_2019-2022.nc,Wind,0.0,3.3,ERA-Interim,mild
met_insituHT_BE-Lcr_2019-2022.nc,Qair,0.0,3.3,observed,mild
met_insituHT_BE-Lcr_2019-2022.nc,RH,0.0,3.3,ERA-Interim,mild
met_insituHT_BE-Lcr_2019-2022.nc,CO2air,0.0,6.6,observed,mild
met_insituHT_BE-Lon_2005-2024.nc,Tair,0.0,5.9,ERA-Interim,mild
met_insituHT_BE-Lon_2005-2024.nc,SWdown,0.0,2.8,ERA-Interim,mild
met_insituHT_BE-Lon_2005-2024.nc,LWdown,0.0,16.7,ERA-Interim,medium
met_insituHT_BE-Lon_2005-2024.nc,VPD,0.0,11.7,ERA-Interim,medium
met_insituHT_BE-Lon_2005-2024.nc,PSurf,0.0,4.0,ERA-Interim,mild
met_insituHT_BE-Lon_2005-2024.nc,Rainf,0.0,10.7,ERA-Interim,medium
met_insituHT_BE-Lon_2005-2024.nc,Wind,0.0,4.7,ERA-Interim,mild
met_insituHT_BE-Lon_2005-2024.nc,Qair,0.0,11.7,ERA-Interim,medium
met_insituHT_BE-Lon_2005-2024.nc,RH,0.0,11.4,ERA-Interim,medium
met_insituHT_BE-Lon_2005-2024.nc,CO2air,0.0,9.9,observed,mild
met_insituHT_BE-Maa_2016-2025.nc,Tair,0.0,3.7,observed,mild
met_insituHT_BE-Maa_2016-2025.nc,SWdown,0.0,4.2,observed,mild
met_insituHT_BE-Maa_2016-2025.nc,LWdown,0.0,7.4,ERA-Interim,mild
met_insituHT_BE-Maa_2016-2025.nc,VPD,0.0,3.7,observed,mild
met_insituHT_BE-Maa_2016-2025.nc,PSurf,0.0,4.6,ERA-Interim,mild
met_insituHT_BE-Maa_2016-2025.nc,Rainf,0.0,16.0,ERA-Interim,medium
met_insituHT_BE-Maa_2016-2025.nc,Wind,0.0,3.6,ERA-Interim,mild
met_insituHT_BE-Maa_2016-2025.nc,Qair,0.0,3.7,observed,mild
met_insituHT_BE-Maa_2016-2025.nc,RH,0.0,3.7,ERA-Interim,mild
met_insituHT_BE-Maa_2016-2025.nc,CO2air,0.0,7.1,observed,mild
met_insituHT_BE-Vie_1997-2024.nc,Tair,0.0,6.9,ERA-Interim,mild
met_insituHT_BE-Vie_1997-2024.nc,SWdown,0.0,4.9,ERA-Interim,mild
met_insituHT_BE-Vie_1997-2024.nc,LWdown,0.0,65.9,ERA-Interim,complete
met_insituHT_BE-Vie_1997-2024.nc,VPD,0.0,12.0,ERA-Interim,medium
met_insituHT_BE-Vie_1997-2024.nc,PSurf,0.0,64.4,ERA-Interim,complete
met_insituHT_BE-Vie_1997-2024.nc,Rainf,0.0,4.7,ERA-Interim,mild
met_insituHT_BE-Vie_1997-2024.nc,Wind,0.0,9.6,ERA-Interim,mild
met_insituHT_BE-Vie_1997-2024.nc,Qair,0.0,12.0,ERA-Interim,medium
met_insituHT_BE-Vie_1997-2024.nc,RH,0.0,10.4,ERA-Interim,medium
met_insituHT_BE-Vie_1997-2024.nc,CO2air,0.0,14.2,observed,medium
met_insituHT_BJ-Bfg_2009-2016.nc,Tair,0.0,12.6,ERA-Interim,medium
met_insituHT_BJ-Bfg_2009-2016.nc,SWdown,0.0,27.7,ERA-Interim,heavy
met_insituHT_BJ-Bfg_2009-2016.nc,LWdown,0.0,52.6,ERA-Interim,complete
met_insituHT_BJ-Bfg_2009-2016.nc,VPD,0.0,22.5,ERA-Interim,medium
met_insituHT_BJ-Bfg_2009-2016.nc,PSurf,0.0,34.1,ERA-Interim,heavy
met_insituHT_BJ-Bfg_2009-2016.nc,Rainf,0.0,0.0,observed,mild
met_insituHT_BJ-Bfg_2009-2016.nc,Wind,0.0,33.3,ERA-Interim,heavy
met_insituHT_BJ-Bfg_2009-2016.nc,Qair,0.0,22.5,ERA-Interim,medium
met_insituHT_BJ-Bfg_2009-2016.nc,RH,0.0,22.5,ERA-Interim,medium
met_insituHT_BJ-Bfg_2009-2016.nc,CO2air,0.0,46.8,observed,heavy
met_insituHT_BJ-Db1_2023-2024.nc,Tair,0.0,2.1,ERA-Interim,mild
met_insituHT_BJ-Db1_2023-2024.nc,SWdown,0.0,3.9,ERA-Interim,mild
met_insituHT_BJ-Db1_2023-2024.nc,LWdown,0.0,2.1,ERA-Interim,mild
met_insituHT_BJ-Db1_2023-2024.nc,VPD,0.0,2.1,ERA-Interim,mild
met_insituHT_BJ-Db1_2023-2024.nc,PSurf,0.0,2.1,ERA-Interim,mild
met_insituHT_BJ-Db1_2023-2024.nc,Rainf,0.0,0.0,ERA-Interim,mild
met_insituHT_BJ-Db1_2023-2024.nc,Wind,0.0,11.6,ERA-Interim,medium
met_insituHT_BJ-Db1_2023-2024.nc,Qair,0.0,2.1,ERA-Interim,mild
met_insituHT_BJ-Db1_2023-2024.nc,RH,0.0,2.1,ERA-Interim,mild
met_insituHT_BJ-Db1_2023-2024.nc,CO2air,0.0,10.9,observed,medium
met_insituHT_BJ-Nhu_2008-2016.nc,Tair,0.0,8.2,observed,mild
met_insituHT_BJ-Nhu_2008-2016.nc,SWdown,0.0,9.1,observed,mild
met_insituHT_BJ-Nhu_2008-2016.nc,LWdown,0.0,7.3,ERA-Interim,mild
met_insituHT_BJ-Nhu_2008-2016.nc,VPD,0.0,8.3,observed,mild
met_insituHT_BJ-Nhu_2008-2016.nc,PSurf,0.0,18.4,ERA-Interim,medium
met_insituHT_BJ-Nhu_2008-2016.nc,Rainf,0.0,0.0,observed,mild
met_insituHT_BJ-Nhu_2008-2016.nc,Wind,0.0,24.1,ERA-Interim,medium
met_insituHT_BJ-Nhu_2008-2016.nc,Qair,0.0,8.3,observed,mild
met_insituHT_BJ-Nhu_2008-2016.nc,RH,0.0,8.3,ERA-Interim,mild
met_insituHT_BJ-Nhu_2008-2016.nc,CO2air,0.0,39.5,observed,heavy
met_insituHT_BR-CST_2014-2015.nc,Tair,0.0,50.9,ERA-Interim,complete
met_insituHT_BR-CST_2014-2015.nc,SWdown,0.0,46.6,ERA-Interim,heavy
met_insituHT_BR-CST_2014-2015.nc,LWdown,0.0,100.0,ERA-Interim,complete
met_insituHT_BR-CST_2014-2015.nc,VPD,0.0,52.5,ERA-Interim,complete
met_insituHT_BR-CST_2014-2015.nc,PSurf,0.0,50.9,ERA-Interim,complete
met_insituHT_BR-CST_2014-2015.nc,Rainf,0.0,43.5,ERA-Interim,heavy
met_insituHT_BR-CST_2014-2015.nc,Wind,0.0,50.9,ERA-Interim,complete
met_insituHT_BR-CST_2014-2015.nc,Qair,0.0,52.5,ERA-Interim,complete
met_insituHT_BR-CST_2014-2015.nc,RH,0.0,52.5,ERA-Interim,complete
met_insituHT_BR-CST_2014-2015.nc,CO2air,0.0,51.4,observed,complete
met_insituHT_BR-ITA_2021-2023.nc,Tair,0.0,24.3,ERA-Interim,medium
met_insituHT_BR-ITA_2021-2023.nc,SWdown,0.0,23.8,ERA-Interim,medium
met_insituHT_BR-ITA_2021-2023.nc,LWdown,0.0,24.3,ERA-Interim,medium
met_insituHT_BR-ITA_2021-2023.nc,VPD,0.0,24.3,ERA-Interim,medium
met_insituHT_BR-ITA_2021-2023.nc,PSurf,0.0,24.3,ERA-Interim,medium
met_insituHT_BR-ITA_2021-2023.nc,Rainf,0.0,24.3,ERA-Interim,medium
met_insituHT_BR-ITA_2021-2023.nc,Wind,0.0,24.7,ERA-Interim,medium
met_insituHT_BR-ITA_2021-2023.nc,Qair,0.0,24.3,ERA-Interim,medium
met_insituHT_BR-ITA_2021-2023.nc,RH,0.0,24.3,ERA-Interim,medium
met_insituHT_BR-ITA_2021-2023.nc,CO2air,0.0,27.1,observed,heavy
met_insituHT_BR-Ji3_2004-2009.nc,Tair,0.0,27.2,observed,heavy
met_insituHT_BR-Ji3_2004-2009.nc,SWdown,0.0,12.9,observed,medium
met_insituHT_BR-Ji3_2004-2009.nc,LWdown,0.0,100.0,ERA-Interim,complete
met_insituHT_BR-Ji3_2004-2009.nc,VPD,0.0,27.6,observed,heavy
met_insituHT_BR-Ji3_2004-2009.nc,PSurf,0.0,16.8,ERA-Interim,medium
met_insituHT_BR-Ji3_2004-2009.nc,Rainf,0.0,100.0,ERA-Interim,complete
met_insituHT_BR-Ji3_2004-2009.nc,Wind,0.0,31.2,ERA-Interim,heavy
met_insituHT_BR-Ji3_2004-2009.nc,Qair,0.0,27.6,observed,heavy
met_insituHT_BR-Ji3_2004-2009.nc,RH,0.0,17.6,ERA-Interim,medium
met_insituHT_BR-Ji3_2004-2009.nc,CO2air,0.0,43.9,observed,heavy
met_insituHT_BR-Ma2_2000-2016.nc,Tair,0.0,5.2,ERA-Interim,mild
met_insituHT_BR-Ma2_2000-2016.nc,SWdown,0.0,4.8,ERA-Interim,mild
met_insituHT_BR-Ma2_2000-2016.nc,LWdown,0.0,11.4,ERA-Interim,medium
met_insituHT_BR-Ma2_2000-2016.nc,VPD,0.0,7.6,ERA-Interim,mild
met_insituHT_BR-Ma2_2000-2016.nc,PSurf,0.0,3.4,ERA-Interim,mild
met_insituHT_BR-Ma2_2000-2016.nc,Rainf,0.0,9.1,ERA-Interim,mild
met_insituHT_BR-Ma2_2000-2016.nc,Wind,0.0,3.1,ERA-Interim,mild
met_insituHT_BR-Ma2_2000-2016.nc,Qair,0.0,7.6,ERA-Interim,mild
met_insituHT_BR-Ma2_2000-2016.nc,RH,0.0,5.7,ERA-Interim,mild
met_insituHT_BR-Ma2_2000-2016.nc,CO2air,0.0,17.9,observed,medium
met_insituHT_BR-Ma3_2009-2017.nc,Tair,0.0,36.3,ERA-Interim,heavy
met_insituHT_BR-Ma3_2009-2017.nc,SWdown,0.0,15.6,ERA-Interim,medium
met_insituHT_BR-Ma3_2009-2017.nc,LWdown,0.0,15.8,ERA-Interim,medium
met_insituHT_BR-Ma3_2009-2017.nc,VPD,0.0,44.3,ERA-Interim,heavy
met_insituHT_BR-Ma3_2009-2017.nc,PSurf,0.0,52.2,ERA-Interim,complete
met_insituHT_BR-Ma3_2009-2017.nc,Rainf,0.0,12.4,ERA-Interim,medium
met_insituHT_BR-Ma3_2009-2017.nc,Wind,0.0,18.5,ERA-Interim,medium
met_insituHT_BR-Ma3_2009-2017.nc,Qair,0.0,44.3,ERA-Interim,heavy
met_insituHT_BR-Ma3_2009-2017.nc,RH,0.0,44.0,ERA-Interim,heavy
met_insituHT_BR-Ma3_2009-2017.nc,CO2air,0.0,53.1,observed,complete
met_insituHT_BR-Npw_2014-2016.nc,Tair,0.0,17.2,ERA-Interim,medium
met_insituHT_BR-Npw_2014-2016.nc,SWdown,0.0,22.6,ERA-Interim,medium
met_insituHT_BR-Npw_2014-2016.nc,LWdown,0.0,21.6,ERA-Interim,medium
met_insituHT_BR-Npw_2014-2016.nc,VPD,0.0,17.2,ERA-Interim,medium
met_insituHT_BR-Npw_2014-2016.nc,PSurf,0.0,17.2,ERA-Interim,medium
met_insituHT_BR-Npw_2014-2016.nc,Rainf,0.0,17.2,ERA-Interim,medium
met_insituHT_BR-Npw_2014-2016.nc,Wind,0.0,22.8,ERA-Interim,medium
met_insituHT_BR-Npw_2014-2016.nc,Qair,0.0,17.2,ERA-Interim,medium
met_insituHT_BR-Npw_2014-2016.nc,RH,0.0,17.2,ERA-Interim,medium
met_insituHT_BR-Npw_2014-2016.nc,CO2air,0.0,22.9,observed,medium
met_insituHT_BR-SM1_2015-2016.nc,Tair,0.0,51.9,ERA-Interim,complete
met_insituHT_BR-SM1_2015-2016.nc,SWdown,0.0,51.7,ERA-Interim,complete
met_insituHT_BR-SM1_2015-2016.nc,LWdown,0.0,100.0,ERA-Interim,complete
met_insituHT_BR-SM1_2015-2016.nc,VPD,0.0,70.1,ERA-Interim,complete
met_insituHT_BR-SM1_2015-2016.nc,PSurf,0.0,51.9,ERA-Interim,complete
met_insituHT_BR-SM1_2015-2016.nc,Rainf,0.0,100.0,ERA-Interim,complete
met_insituHT_BR-SM1_2015-2016.nc,Wind,0.0,61.7,ERA-Interim,complete
met_insituHT_BR-SM1_2015-2016.nc,Qair,0.0,70.1,ERA-Interim,complete
met_insituHT_BR-SM1_2015-2016.nc,RH,0.0,70.1,ERA-Interim,complete
met_insituHT_BR-SM1_2015-2016.nc,CO2air,0.0,69.0,observed,complete
met_insituHT_BR-Sa1_2002-2011.nc,Tair,0.0,35.9,observed,heavy
met_insituHT_BR-Sa1_2002-2011.nc,SWdown,0.0,36.2,observed,heavy
met_insituHT_BR-Sa1_2002-2011.nc,LWdown,0.0,100.0,ERA-Interim,complete
met_insituHT_BR-Sa1_2002-2011.nc,VPD,0.0,40.4,observed,heavy
met_insituHT_BR-Sa1_2002-2011.nc,PSurf,0.0,50.7,ERA-Interim,complete
met_insituHT_BR-Sa1_2002-2011.nc,Rainf,0.0,59.2,ERA-Interim,complete
met_insituHT_BR-Sa1_2002-2011.nc,Wind,0.0,39.8,ERA-Interim,heavy
met_insituHT_BR-Sa1_2002-2011.nc,Qair,0.0,40.4,observed,heavy
met_insituHT_BR-Sa1_2002-2011.nc,RH,0.0,39.3,ERA-Interim,heavy
met_insituHT_BR-Sa1_2002-2011.nc,CO2air,0.0,40.8,observed,heavy
met_insituHT_BR-Sa3_2001-2003.nc,Tair,0.0,6.8,ERA-Interim,mild
met_insituHT_BR-Sa3_2001-2003.nc,SWdown,0.0,7.8,ERA-Interim,mild
met_insituHT_BR-Sa3_2001-2003.nc,LWdown,0.0,28.3,ERA-Interim,heavy
met_insituHT_BR-Sa3_2001-2003.nc,VPD,0.0,32.3,ERA-Interim,heavy
met_insituHT_BR-Sa3_2001-2003.nc,PSurf,0.0,15.2,ERA-Interim,medium
met_insituHT_BR-Sa3_2001-2003.nc,Rainf,0.0,0.0,ERA-Interim,mild
met_insituHT_BR-Sa3_2001-2003.nc,Wind,0.0,11.0,ERA-Interim,medium
met_insituHT_BR-Sa3_2001-2003.nc,Qair,0.0,32.3,ERA-Interim,heavy
met_insituHT_BR-Sa3_2001-2003.nc,RH,0.0,32.3,ERA-Interim,heavy
met_insituHT_BR-Sa3_2001-2003.nc,CO2air,0.0,12.7,observed,medium
met_insituHT_BR-Xpw_2018-2021.nc,Tair,0.0,0.0,ERA-Interim,mild
met_insituHT_BR-Xpw_2018-2021.nc,SWdown,0.0,9.7,ERA-Interim,mild
met_insituHT_BR-Xpw_2018-2021.nc,LWdown,0.0,11.8,ERA-Interim,medium
met_insituHT_BR-Xpw_2018-2021.nc,VPD,0.0,0.0,ERA-Interim,mild
met_insituHT_BR-Xpw_2018-2021.nc,PSurf,0.0,7.1,ERA-Interim,mild
met_insituHT_BR-Xpw_2018-2021.nc,Rainf,0.0,0.0,ERA-Interim,mild
met_insituHT_BR-Xpw_2018-2021.nc,Wind,0.0,10.6,ERA-Interim,medium
met_insituHT_BR-Xpw_2018-2021.nc,Qair,0.0,0.0,ERA-Interim,mild
met_insituHT_BR-Xpw_2018-2021.nc,RH,0.0,0.0,ERA-Interim,mild
met_insituHT_BR-Xpw_2018-2021.nc,CO2air,0.0,13.0,observed,medium
met_insituHT_BW-Gum_2018-2019.nc,Tair,0.0,38.9,ERA-Interim,heavy
met_insituHT_BW-Gum_2018-2019.nc,SWdown,0.0,28.8,ERA-Interim,heavy
met_insituHT_BW-Gum_2018-2019.nc,LWdown,0.0,100.0,ERA-Interim,complete
met_insituHT_BW-Gum_2018-2019.nc,VPD,0.0,39.7,ERA-Interim,heavy
met_insituHT_BW-Gum_2018-2019.nc,PSurf,0.0,39.3,ERA-Interim,heavy
met_insituHT_BW-Gum_2018-2019.nc,Rainf,0.0,100.0,ERA-Interim,complete
met_insituHT_BW-Gum_2018-2019.nc,Wind,0.0,27.9,ERA-Interim,heavy
met_insituHT_BW-Gum_2018-2019.nc,Qair,0.0,39.7,ERA-Interim,heavy
met_insituHT_BW-Gum_2018-2019.nc,RH,0.0,39.6,ERA-Interim,heavy
met_insituHT_BW-Gum_2018-2019.nc,CO2air,0.0,30.8,observed,heavy
met_insituHT_BW-Nxr_2019-2019.nc,Tair,0.0,43.6,ERA-Interim,heavy
met_insituHT_BW-Nxr_2019-2019.nc,SWdown,0.0,38.7,ERA-Interim,heavy
met_insituHT_BW-Nxr_2019-2019.nc,LWdown,0.0,100.0,ERA-Interim,complete
met_insituHT_BW-Nxr_2019-2019.nc,VPD,0.0,46.2,ERA-Interim,heavy
met_insituHT_BW-Nxr_2019-2019.nc,PSurf,0.0,53.1,ERA-Interim,complete
met_insituHT_BW-Nxr_2019-2019.nc,Rainf,0.0,100.0,ERA-Interim,complete
met_insituHT_BW-Nxr_2019-2019.nc,Wind,0.0,36.5,ERA-Interim,heavy
met_insituHT_BW-Nxr_2019-2019.nc,Qair,0.0,46.2,ERA-Interim,heavy
met_insituHT_BW-Nxr_2019-2019.nc,RH,0.0,40.2,ERA-Interim,heavy
met_insituHT_BW-Nxr_2019-2019.nc,CO2air,0.0,36.8,observed,heavy
met_insituHT_CA-ARB_2012-2023.nc,Tair,0.0,0.7,ERA-Interim,mild
met_insituHT_CA-ARB_2012-2023.nc,SWdown,0.0,0.7,ERA-Interim,mild
met_insituHT_CA-ARB_2012-2023.nc,LWdown,0.0,0.8,ERA-Interim,mild
met_insituHT_CA-ARB_2012-2023.nc,VPD,0.0,0.7,ERA-Interim,mild
met_insituHT_CA-ARB_2012-2023.nc,PSurf,0.0,2.1,ERA-Interim,mild
met_insituHT_CA-ARB_2012-2023.nc,Rainf,0.0,48.4,ERA-Interim,heavy
met_insituHT_CA-ARB_2012-2023.nc,Wind,0.0,2.8,ERA-Interim,mild
met_insituHT_CA-ARB_2012-2023.nc,Qair,0.0,0.7,ERA-Interim,mild
met_insituHT_CA-ARB_2012-2023.nc,RH,0.0,0.7,ERA-Interim,mild
met_insituHT_CA-ARB_2012-2023.nc,CO2air,0.0,43.9,observed,heavy
met_insituHT_CA-ARF_2012-2023.nc,Tair,0.0,1.9,ERA-Interim,mild
met_insituHT_CA-ARF_2012-2023.nc,SWdown,0.0,2.0,ERA-Interim,mild
met_insituHT_CA-ARF_2012-2023.nc,LWdown,0.0,2.0,ERA-Interim,mild
met_insituHT_CA-ARF_2012-2023.nc,VPD,0.0,1.9,ERA-Interim,mild
met_insituHT_CA-ARF_2012-2023.nc,PSurf,0.0,3.5,ERA-Interim,mild
met_insituHT_CA-ARF_2012-2023.nc,Rainf,0.0,48.4,ERA-Interim,heavy
met_insituHT_CA-ARF_2012-2023.nc,Wind,0.0,27.5,ERA-Interim,heavy
met_insituHT_CA-ARF_2012-2023.nc,Qair,0.0,1.9,ERA-Interim,mild
met_insituHT_CA-ARF_2012-2023.nc,RH,0.0,1.9,ERA-Interim,mild
met_insituHT_CA-ARF_2012-2023.nc,CO2air,0.0,32.5,observed,heavy
met_insituHT_CA-BOU_2019-2019.nc,Tair,0.0,33.8,ERA-Interim,heavy
met_insituHT_CA-BOU_2019-2019.nc,SWdown,0.0,18.6,ERA-Interim,medium
met_insituHT_CA-BOU_2019-2019.nc,LWdown,0.0,33.8,ERA-Interim,heavy
met_insituHT_CA-BOU_2019-2019.nc,VPD,0.0,49.1,ERA-Interim,heavy
met_insituHT_CA-BOU_2019-2019.nc,PSurf,0.0,71.9,ERA-Interim,complete
met_insituHT_CA-BOU_2019-2019.nc,Rainf,0.0,19.8,ERA-Interim,medium
met_insituHT_CA-BOU_2019-2019.nc,Wind,0.0,35.5,ERA-Interim,heavy
met_insituHT_CA-BOU_2019-2019.nc,Qair,0.0,49.1,ERA-Interim,heavy
met_insituHT_CA-BOU_2019-2019.nc,RH,0.0,35.7,ERA-Interim,heavy
met_insituHT_CA-BOU_2019-2019.nc,CO2air,0.0,61.3,observed,complete
met_insituHT_CA-CF1_2007-2008.nc,Tair,0.0,68.3,ERA-Interim,complete
met_insituHT_CA-CF1_2007-2008.nc,SWdown,0.0,68.2,ERA-Interim,complete
met_insituHT_CA-CF1_2007-2008.nc,LWdown,0.0,100.0,ERA-Interim,complete
met_insituHT_CA-CF1_2007-2008.nc,VPD,0.0,68.5,ERA-Interim,complete
met_insituHT_CA-CF1_2007-2008.nc,PSurf,0.0,76.2,ERA-Interim,complete
met_insituHT_CA-CF1_2007-2008.nc,Rainf,0.0,84.7,ERA-Interim,complete
met_insituHT_CA-CF1_2007-2008.nc,Wind,0.0,68.3,ERA-Interim,complete
met_insituHT_CA-CF1_2007-2008.nc,Qair,0.0,68.5,ERA-Interim,complete
met_insituHT_CA-CF1_2007-2008.nc,RH,0.0,68.4,ERA-Interim,complete
met_insituHT_CA-CF1_2007-2008.nc,CO2air,0.0,77.2,observed,complete
met_insituHT_CA-CF2_2009-2010.nc,Tair,0.0,66.8,ERA-Interim,complete
met_insituHT_CA-CF2_2009-2010.nc,SWdown,0.0,59.6,ERA-Interim,complete
met_insituHT_CA-CF2_2009-2010.nc,LWdown,0.0,100.0,ERA-Interim,complete
met_insituHT_CA-CF2_2009-2010.nc,VPD,0.0,66.8,ERA-Interim,complete
met_insituHT_CA-CF2_2009-2010.nc,PSurf,0.0,74.9,ERA-Interim,complete
met_insituHT_CA-CF2_2009-2010.nc,Rainf,0.0,72.1,ERA-Interim,complete
met_insituHT_CA-CF2_2009-2010.nc,Wind,0.0,59.8,ERA-Interim,complete
met_insituHT_CA-CF2_2009-2010.nc,Qair,0.0,66.8,ERA-Interim,complete
met_insituHT_CA-CF2_2009-2010.nc,RH,0.0,66.8,ERA-Interim,complete
met_insituHT_CA-CF2_2009-2010.nc,CO2air,0.0,86.2,observed,complete
met_insituHT_CA-CF3_2023-2025.nc,Tair,0.0,11.7,ERA-Interim,medium
met_insituHT_CA-CF3_2023-2025.nc,SWdown,0.0,7.5,ERA-Interim,mild
met_insituHT_CA-CF3_2023-2025.nc,LWdown,0.0,11.7,ERA-Interim,medium
met_insituHT_CA-CF3_2023-2025.nc,VPD,0.0,11.7,ERA-Interim,medium
met_insituHT_CA-CF3_2023-2025.nc,PSurf,0.0,11.8,ERA-Interim,medium
met_insituHT_CA-CF3_2023-2025.nc,Rainf,0.0,11.7,ERA-Interim,medium
met_insituHT_CA-CF3_2023-2025.nc,Wind,0.0,11.7,ERA-Interim,medium
met_insituHT_CA-CF3_2023-2025.nc,Qair,0.0,11.7,ERA-Interim,medium
met_insituHT_CA-CF3_2023-2025.nc,RH,0.0,11.7,ERA-Interim,medium
met_insituHT_CA-CF3_2023-2025.nc,CO2air,0.0,27.3,observed,heavy
met_insituHT_CA-Ca1_1998-2010.nc,Tair,0.0,34.4,ERA-Interim,heavy
met_insituHT_CA-Ca1_1998-2010.nc,SWdown,0.0,0.5,ERA-Interim,mild
met_insituHT_CA-Ca1_1998-2010.nc,LWdown,0.0,13.1,ERA-Interim,medium
met_insituHT_CA-Ca1_1998-2010.nc,VPD,0.0,34.6,ERA-Interim,heavy
met_insituHT_CA-Ca1_1998-2010.nc,PSurf,0.0,0.3,ERA-Interim,mild
met_insituHT_CA-Ca1_1998-2010.nc,Rainf,0.0,0.1,ERA-Interim,mild
met_insituHT_CA-Ca1_1998-2010.nc,Wind,0.0,0.5,ERA-Interim,mild
met_insituHT_CA-Ca1_1998-2010.nc,Qair,0.0,34.6,ERA-Interim,heavy
met_insituHT_CA-Ca1_1998-2010.nc,RH,0.0,0.3,ERA-Interim,mild
met_insituHT_CA-Ca1_1998-2010.nc,CO2air,0.0,3.6,observed,mild
met_insituHT_CA-Ca2_2001-2010.nc,Tair,0.0,1.8,ERA-Interim,mild
met_insituHT_CA-Ca2_2001-2010.nc,SWdown,0.0,0.6,ERA-Interim,mild
met_insituHT_CA-Ca2_2001-2010.nc,LWdown,0.0,100.0,ERA-Interim,complete
met_insituHT_CA-Ca2_2001-2010.nc,VPD,0.0,4.1,ERA-Interim,mild
met_insituHT_CA-Ca2_2001-2010.nc,PSurf,0.0,1.2,ERA-Interim,mild
met_insituHT_CA-Ca2_2001-2010.nc,Rainf,0.0,0.0,ERA-Interim,mild
met_insituHT_CA-Ca2_2001-2010.nc,Wind,0.0,0.9,ERA-Interim,mild
met_insituHT_CA-Ca2_2001-2010.nc,Qair,0.0,4.1,ERA-Interim,mild
met_insituHT_CA-Ca2_2001-2010.nc,RH,0.0,3.9,ERA-Interim,mild
met_insituHT_CA-Ca2_2001-2010.nc,CO2air,0.0,8.4,observed,mild
met_insituHT_CA-Ca3_2011-2024.nc,Tair,0.0,43.5,ERA-Interim,heavy
met_insituHT_CA-Ca3_2011-2024.nc,SWdown,0.0,1.6,ERA-Interim,mild
met_insituHT_CA-Ca3_2011-2024.nc,LWdown,0.0,6.2,ERA-Interim,mild
met_insituHT_CA-Ca3_2011-2024.nc,VPD,0.0,46.4,ERA-Interim,heavy
met_insituHT_CA-Ca3_2011-2024.nc,PSurf,0.0,2.0,ERA-Interim,mild
met_insituHT_CA-Ca3_2011-2024.nc,Rainf,0.0,1.3,ERA-Interim,mild
met_insituHT_CA-Ca3_2011-2024.nc,Wind,0.0,2.5,ERA-Interim,mild
met_insituHT_CA-Ca3_2011-2024.nc,Qair,0.0,46.4,ERA-Interim,heavy
met_insituHT_CA-Ca3_2011-2024.nc,RH,0.0,4.6,ERA-Interim,mild
met_insituHT_CA-Ca3_2011-2024.nc,CO2air,0.0,11.3,observed,medium
met_insituHT_CA-Cbo_1996-2024.nc,Tair,0.0,6.4,observed,mild
met_insituHT_CA-Cbo_1996-2024.nc,SWdown,0.0,6.4,observed,mild
met_insituHT_CA-Cbo_1996-2024.nc,LWdown,0.0,33.6,ERA-Interim,heavy
met_insituHT_CA-Cbo_1996-2024.nc,VPD,0.0,7.2,observed,mild
met_insituHT_CA-Cbo_1996-2024.nc,PSurf,0.0,7.2,ERA-Interim,mild
met_insituHT_CA-Cbo_1996-2024.nc,Rainf,0.0,100.0,ERA-Interim,complete
met_insituHT_CA-Cbo_1996-2024.nc,Wind,0.0,15.6,ERA-Interim,medium
met_insituHT_CA-Cbo_1996-2024.nc,Qair,0.0,7.2,observed,mild
met_insituHT_CA-Cbo_1996-2024.nc,RH,0.0,7.0,ERA-Interim,mild
met_insituHT_CA-Cbo_1996-2024.nc,CO2air,0.0,12.1,observed,medium
met_insituHT_CA-DB2_2020-2024.nc,Tair,0.0,0.0,ERA-Interim,mild
met_insituHT_CA-DB2_2020-2024.nc,SWdown,0.0,0.6,ERA-Interim,mild
met_insituHT_CA-DB2_2020-2024.nc,LWdown,0.0,0.4,ERA-Interim,mild
met_insituHT_CA-DB2_2020-2024.nc,VPD,0.0,0.3,ERA-Interim,mild
met_insituHT_CA-DB2_2020-2024.nc,PSurf,0.0,0.0,ERA-Interim,mild
met_insituHT_CA-DB2_2020-2024.nc,Rainf,0.0,0.0,ERA-Interim,mild
met_insituHT_CA-DB2_2020-2024.nc,Wind,0.0,0.0,ERA-Interim,mild
met_insituHT_CA-DB2_2020-2024.nc,Qair,0.0,0.3,ERA-Interim,mild
met_insituHT_CA-DB2_2020-2024.nc,RH,0.0,0.3,ERA-Interim,mild
met_insituHT_CA-DB2_2020-2024.nc,CO2air,0.0,7.9,observed,mild
met_insituHT_CA-DBB_2016-2024.nc,Tair,0.0,11.1,observed,medium
met_insituHT_CA-DBB_2016-2024.nc,SWdown,0.0,12.0,observed,medium
met_insituHT_CA-DBB_2016-2024.nc,LWdown,0.0,11.9,observed,medium
met_insituHT_CA-DBB_2016-2024.nc,VPD,0.0,11.2,observed,medium
met_insituHT_CA-DBB_2016-2024.nc,PSurf,0.0,34.5,ERA-Interim,heavy
met_insituHT_CA-DBB_2016-2024.nc,Rainf,0.0,11.3,ERA-Interim,medium
met_insituHT_CA-DBB_2016-2024.nc,Wind,0.0,11.1,ERA-Interim,medium
met_insituHT_CA-DBB_2016-2024.nc,Qair,0.0,11.2,observed,medium
met_insituHT_CA-DBB_2016-2024.nc,RH,0.0,0.1,ERA-Interim,mild
met_insituHT_CA-DBB_2016-2024.nc,CO2air,0.0,34.5,observed,heavy
met_insituHT_CA-DSM_2022-2024.nc,Tair,0.0,0.0,ERA-Interim,mild
met_insituHT_CA-DSM_2022-2024.nc,SWdown,0.0,0.5,ERA-Interim,mild
met_insituHT_CA-DSM_2022-2024.nc,LWdown,0.0,0.0,ERA-Interim,mild
met_insituHT_CA-DSM_2022-2024.nc,VPD,0.0,0.0,ERA-Interim,mild
met_insituHT_CA-DSM_2022-2024.nc,PSurf,0.0,0.0,ERA-Interim,mild
met_insituHT_CA-DSM_2022-2024.nc,Rainf,0.0,0.0,ERA-Interim,mild
met_insituHT_CA-DSM_2022-2024.nc,Wind,0.0,0.0,ERA-Interim,mild
met_insituHT_CA-DSM_2022-2024.nc,Qair,0.0,0.0,ERA-Interim,mild
met_insituHT_CA-DSM_2022-2024.nc,RH,0.0,0.0,ERA-Interim,mild
met_insituHT_CA-DSM_2022-2024.nc,CO2air,0.0,7.9,observed,mild
met_insituHT_CA-EM1_2022-2023.nc,Tair,0.0,0.7,ERA-Interim,mild
met_insituHT_CA-EM1_2022-2023.nc,SWdown,0.0,3.2,ERA-Interim,mild
met_insituHT_CA-EM1_2022-2023.nc,LWdown,0.0,4.8,ERA-Interim,mild
met_insituHT_CA-EM1_2022-2023.nc,VPD,0.0,0.7,ERA-Interim,mild
met_insituHT_CA-EM1_2022-2023.nc,PSurf,0.0,0.0,ERA-Interim,mild
met_insituHT_CA-EM1_2022-2023.nc,Rainf,0.0,0.9,ERA-Interim,mild
met_insituHT_CA-EM1_2022-2023.nc,Wind,0.0,0.9,ERA-Interim,mild
met_insituHT_CA-EM1_2022-2023.nc,Qair,0.0,0.7,ERA-Interim,mild
met_insituHT_CA-EM1_2022-2023.nc,RH,0.0,0.7,ERA-Interim,mild
met_insituHT_CA-EM1_2022-2023.nc,CO2air,0.0,11.7,observed,medium
met_insituHT_CA-EM2_2022-2023.nc,Tair,0.0,0.0,ERA-Interim,mild
met_insituHT_CA-EM2_2022-2023.nc,SWdown,0.0,3.1,ERA-Interim,mild
met_insituHT_CA-EM2_2022-2023.nc,LWdown,0.0,5.8,ERA-Interim,mild
met_insituHT_CA-EM2_2022-2023.nc,VPD,0.0,0.0,ERA-Interim,mild
met_insituHT_CA-EM2_2022-2023.nc,PSurf,0.0,0.0,ERA-Interim,mild
met_insituHT_CA-EM2_2022-2023.nc,Rainf,0.0,0.0,ERA-Interim,mild
met_insituHT_CA-EM2_2022-2023.nc,Wind,0.0,0.2,ERA-Interim,mild
met_insituHT_CA-EM2_2022-2023.nc,Qair,0.0,0.0,ERA-Interim,mild
met_insituHT_CA-EM2_2022-2023.nc,RH,0.0,0.0,ERA-Interim,mild
met_insituHT_CA-EM2_2022-2023.nc,CO2air,0.0,11.3,observed,medium
met_insituHT_CA-Gro_2004-2013.nc,Tair,0.0,4.3,ERA-Interim,mild
met_insituHT_CA-Gro_2004-2013.nc,SWdown,0.0,0.5,ERA-Interim,mild
met_insituHT_CA-Gro_2004-2013.nc,LWdown,0.0,0.1,ERA-Interim,mild
met_insituHT_CA-Gro_2004-2013.nc,VPD,0.0,5.1,ERA-Interim,mild
met_insituHT_CA-Gro_2004-2013.nc,PSurf,0.0,0.7,ERA-Interim,mild
met_insituHT_CA-Gro_2004-2013.nc,Rainf,0.0,13.9,ERA-Interim,medium
met_insituHT_CA-Gro_2004-2013.nc,Wind,0.0,1.6,ERA-Interim,mild
met_insituHT_CA-Gro_2004-2013.nc,Qair,0.0,5.1,ERA-Interim,mild
met_insituHT_CA-Gro_2004-2013.nc,RH,0.0,5.1,ERA-Interim,mild
met_insituHT_CA-Gro_2004-2013.nc,CO2air,0.0,14.6,observed,medium
met_insituHT_CA-HPC_2018-2018.nc,Tair,0.0,0.1,observed,mild
met_insituHT_CA-HPC_2018-2018.nc,SWdown,0.0,39.8,ERA-Interim,heavy
met_insituHT_CA-HPC_2018-2018.nc,LWdown,0.0,40.3,ERA-Interim,heavy
met_insituHT_CA-HPC_2018-2018.nc,VPD,0.0,0.1,observed,mild
met_insituHT_CA-HPC_2018-2018.nc,PSurf,0.0,0.1,ERA-Interim,mild
met_insituHT_CA-HPC_2018-2018.nc,Rainf,0.0,97.9,ERA-Interim,complete
met_insituHT_CA-HPC_2018-2018.nc,Wind,0.0,0.1,ERA-Interim,mild
met_insituHT_CA-HPC_2018-2018.nc,Qair,0.0,0.1,observed,mild
met_insituHT_CA-HPC_2018-2018.nc,RH,0.0,0.1,ERA-Interim,mild
met_insituHT_CA-HPC_2018-2018.nc,CO2air,0.0,50.4,observed,complete
met_insituHT_CA-KLP_2012-2019.nc,Tair,0.0,0.2,ERA-Interim,mild
met_insituHT_CA-KLP_2012-2019.nc,SWdown,0.0,0.4,ERA-Interim,mild
met_insituHT_CA-KLP_2012-2019.nc,LWdown,0.0,0.3,ERA-Interim,mild
met_insituHT_CA-KLP_2012-2019.nc,VPD,0.0,0.2,ERA-Interim,mild
met_insituHT_CA-KLP_2012-2019.nc,PSurf,0.0,0.3,ERA-Interim,mild
met_insituHT_CA-KLP_2012-2019.nc,Rainf,0.0,51.0,ERA-Interim,complete
met_insituHT_CA-KLP_2012-2019.nc,Wind,0.0,25.8,ERA-Interim,heavy
met_insituHT_CA-KLP_2012-2019.nc,Qair,0.0,0.2,ERA-Interim,mild
met_insituHT_CA-KLP_2012-2019.nc,RH,0.0,0.2,ERA-Interim,mild
met_insituHT_CA-KLP_2012-2019.nc,CO2air,0.0,41.1,observed,heavy
met_insituHT_CA-LP1_2008-2023.nc,Tair,0.0,1.2,ERA-Interim,mild
met_insituHT_CA-LP1_2008-2023.nc,SWdown,0.0,0.1,observed,mild
met_insituHT_CA-LP1_2008-2023.nc,LWdown,0.0,1.9,observed,mild
met_insituHT_CA-LP1_2008-2023.nc,VPD,0.0,1.5,ERA-Interim,mild
met_insituHT_CA-LP1_2008-2023.nc,PSurf,0.0,21.4,ERA-Interim,medium
met_insituHT_CA-LP1_2008-2023.nc,Rainf,0.0,0.0,ERA-Interim,mild
met_insituHT_CA-LP1_2008-2023.nc,Wind,0.0,14.1,ERA-Interim,medium
met_insituHT_CA-LP1_2008-2023.nc,Qair,0.0,1.5,ERA-Interim,mild
met_insituHT_CA-LP1_2008-2023.nc,RH,0.0,0.7,ERA-Interim,mild
met_insituHT_CA-LP1_2008-2023.nc,CO2air,0.0,49.2,observed,heavy
met_insituHT_CA-LU1_2021-2022.nc,Tair,0.0,17.3,observed,medium
met_insituHT_CA-LU1_2021-2022.nc,SWdown,0.0,14.7,ERA-Interim,medium
met_insituHT_CA-LU1_2021-2022.nc,LWdown,0.0,100.0,ERA-Interim,complete
met_insituHT_CA-LU1_2021-2022.nc,VPD,0.0,23.3,observed,medium
met_insituHT_CA-LU1_2021-2022.nc,PSurf,0.0,28.2,ERA-Interim,heavy
met_insituHT_CA-LU1_2021-2022.nc,Rainf,0.0,50.3,ERA-Interim,complete
met_insituHT_CA-LU1_2021-2022.nc,Wind,0.0,27.9,ERA-Interim,heavy
met_insituHT_CA-LU1_2021-2022.nc,Qair,0.0,23.3,observed,medium
met_insituHT_CA-LU1_2021-2022.nc,RH,0.0,23.2,ERA-Interim,medium
met_insituHT_CA-LU1_2021-2022.nc,CO2air,0.0,40.4,observed,heavy
met_insituHT_CA-LU2_2021-2022.nc,Tair,0.0,17.3,observed,medium
met_insituHT_CA-LU2_2021-2022.nc,SWdown,0.0,22.3,ERA-Interim,medium
met_insituHT_CA-LU2_2021-2022.nc,LWdown,0.0,100.0,ERA-Interim,complete
met_insituHT_CA-LU2_2021-2022.nc,VPD,0.0,32.2,observed,heavy
met_insituHT_CA-LU2_2021-2022.nc,PSurf,0.0,48.5,ERA-Interim,heavy
met_insituHT_CA-LU2_2021-2022.nc,Rainf,0.0,45.9,ERA-Interim,heavy
met_insituHT_CA-LU2_2021-2022.nc,Wind,0.0,38.2,ERA-Interim,heavy
met_insituHT_CA-LU2_2021-2022.nc,Qair,0.0,32.2,observed,heavy
met_insituHT_CA-LU2_2021-2022.nc,RH,0.0,32.2,ERA-Interim,heavy
met_insituHT_CA-LU2_2021-2022.nc,CO2air,0.0,51.7,observed,complete
met_insituHT_CA-MA1_2010-2010.nc,Tair,0.0,0.2,ERA-Interim,mild
met_insituHT_CA-MA1_2010-2010.nc,SWdown,0.0,20.5,ERA-Interim,medium
met_insituHT_CA-MA1_2010-2010.nc,LWdown,0.0,100.0,ERA-Interim,complete
met_insituHT_CA-MA1_2010-2010.nc,VPD,0.0,0.2,ERA-Interim,mild
met_insituHT_CA-MA1_2010-2010.nc,PSurf,0.0,0.0,observed,mild
met_insituHT_CA-MA1_2010-2010.nc,Rainf,0.0,0.2,ERA-Interim,mild
met_insituHT_CA-MA1_2010-2010.nc,Wind,0.0,44.2,ERA-Interim,heavy
met_insituHT_CA-MA1_2010-2010.nc,Qair,0.0,0.2,ERA-Interim,mild
met_insituHT_CA-MA1_2010-2010.nc,RH,0.0,0.2,ERA-Interim,mild
met_insituHT_CA-MA1_2010-2010.nc,CO2air,0.0,52.6,observed,complete
met_insituHT_CA-MA2_2010-2010.nc,Tair,0.0,21.8,ERA-Interim,medium
met_insituHT_CA-MA2_2010-2010.nc,SWdown,0.0,22.0,ERA-Interim,medium
met_insituHT_CA-MA2_2010-2010.nc,LWdown,0.0,21.8,ERA-Interim,medium
met_insituHT_CA-MA2_2010-2010.nc,VPD,0.0,21.8,ERA-Interim,medium
met_insituHT_CA-MA2_2010-2010.nc,PSurf,0.0,0.0,observed,mild
met_insituHT_CA-MA2_2010-2010.nc,Rainf,0.0,21.8,ERA-Interim,medium
met_insituHT_CA-MA2_2010-2010.nc,Wind,0.0,28.5,ERA-Interim,heavy
met_insituHT_CA-MA2_2010-2010.nc,Qair,0.0,21.8,ERA-Interim,medium
met_insituHT_CA-MA2_2010-2010.nc,RH,0.0,21.8,ERA-Interim,medium
met_insituHT_CA-MA2_2010-2010.nc,CO2air,0.0,74.0,observed,complete
met_insituHT_CA-MA3_2010-2010.nc,Tair,0.0,0.0,ERA-Interim,mild
met_insituHT_CA-MA3_2010-2010.nc,SWdown,0.0,0.5,ERA-Interim,mild
met_insituHT_CA-MA3_2010-2010.nc,LWdown,0.0,24.0,ERA-Interim,medium
met_insituHT_CA-MA3_2010-2010.nc,VPD,0.0,21.8,ERA-Interim,medium
met_insituHT_CA-MA3_2010-2010.nc,PSurf,0.0,0.0,observed,mild
met_insituHT_CA-MA3_2010-2010.nc,Rainf,0.0,21.8,ERA-Interim,medium
met_insituHT_CA-MA3_2010-2010.nc,Wind,0.0,37.1,ERA-Interim,heavy
met_insituHT_CA-MA3_2010-2010.nc,Qair,0.0,21.8,ERA-Interim,medium
met_insituHT_CA-MA3_2010-2010.nc,RH,0.0,21.8,ERA-Interim,medium
met_insituHT_CA-MA3_2010-2010.nc,CO2air,0.0,60.6,observed,complete
met_insituHT_CA-Man_1995-2007.nc,Tair,0.0,12.4,ERA-Interim,medium
met_insituHT_CA-Man_1995-2007.nc,SWdown,0.0,10.0,ERA-Interim,mild
met_insituHT_CA-Man_1995-2007.nc,LWdown,0.0,100.0,ERA-Interim,complete
met_insituHT_CA-Man_1995-2007.nc,VPD,0.0,36.1,ERA-Interim,heavy
met_insituHT_CA-Man_1995-2007.nc,PSurf,0.0,0.0,observed,mild
met_insituHT_CA-Man_1995-2007.nc,Rainf,0.0,15.0,ERA-Interim,medium
met_insituHT_CA-Man_1995-2007.nc,Wind,0.0,22.9,ERA-Interim,medium
met_insituHT_CA-Man_1995-2007.nc,Qair,0.0,36.1,ERA-Interim,heavy
met_insituHT_CA-Man_1995-2007.nc,RH,0.0,36.1,ERA-Interim,heavy
met_insituHT_CA-Man_1995-2007.nc,CO2air,0.0,38.1,observed,heavy
met_insituHT_CA-Mer_1999-2020.nc,Tair,0.0,2.0,ERA-Interim,mild
met_insituHT_CA-Mer_1999-2020.nc,SWdown,0.0,1.9,ERA-Interim,mild
met_insituHT_CA-Mer_1999-2020.nc,LWdown,0.0,22.5,ERA-Interim,medium
met_insituHT_CA-Mer_1999-2020.nc,VPD,0.0,2.3,ERA-Interim,mild
met_insituHT_CA-Mer_1999-2020.nc,PSurf,0.0,2.4,ERA-Interim,mild
met_insituHT_CA-Mer_1999-2020.nc,Rainf,0.0,32.7,ERA-Interim,heavy
met_insituHT_CA-Mer_1999-2020.nc,Wind,0.0,8.9,ERA-Interim,mild
met_insituHT_CA-Mer_1999-2020.nc,Qair,0.0,2.3,ERA-Interim,mild
met_insituHT_CA-Mer_1999-2020.nc,RH,0.0,2.3,ERA-Interim,mild
met_insituHT_CA-Mer_1999-2020.nc,CO2air,0.0,8.2,observed,mild
met_insituHT_CA-Mtk_2024-2024.nc,Tair,0.0,66.2,ERA-Interim,complete
met_insituHT_CA-Mtk_2024-2024.nc,SWdown,0.0,65.0,ERA-Interim,complete
met_insituHT_CA-Mtk_2024-2024.nc,LWdown,0.0,65.1,ERA-Interim,complete
met_insituHT_CA-Mtk_2024-2024.nc,VPD,0.0,67.0,ERA-Interim,complete
met_insituHT_CA-Mtk_2024-2024.nc,PSurf,0.0,65.2,ERA-Interim,complete
met_insituHT_CA-Mtk_2024-2024.nc,Rainf,0.0,66.5,ERA-Interim,complete
met_insituHT_CA-Mtk_2024-2024.nc,Wind,0.0,66.5,ERA-Interim,complete
met_insituHT_CA-Mtk_2024-2024.nc,Qair,0.0,67.0,ERA-Interim,complete
met_insituHT_CA-Mtk_2024-2024.nc,RH,0.0,67.0,ERA-Interim,complete
met_insituHT_CA-Mtk_2024-2024.nc,CO2air,0.0,66.6,observed,complete
met_insituHT_CA-Na1_2004-2005.nc,Tair,0.0,0.0,ERA-Interim,mild
met_insituHT_CA-Na1_2004-2005.nc,SWdown,0.0,11.6,ERA-Interim,medium
met_insituHT_CA-Na1_2004-2005.nc,LWdown,0.0,16.8,ERA-Interim,medium
met_insituHT_CA-Na1_2004-2005.nc,VPD,0.0,0.0,ERA-Interim,mild
met_insituHT_CA-Na1_2004-2005.nc,PSurf,0.0,17.2,ERA-Interim,medium
met_insituHT_CA-Na1_2004-2005.nc,Rainf,0.0,0.0,ERA-Interim,mild
met_insituHT_CA-Na1_2004-2005.nc,Wind,0.0,20.8,ERA-Interim,medium
met_insituHT_CA-Na1_2004-2005.nc,Qair,0.0,0.0,ERA-Interim,mild
met_insituHT_CA-Na1_2004-2005.nc,RH,0.0,0.0,ERA-Interim,mild
met_insituHT_CA-Na1_2004-2005.nc,CO2air,0.0,22.2,observed,medium
met_insituHT_CA-Ojp_2000-2010.nc,Tair,0.0,6.2,observed,mild
met_insituHT_CA-Ojp_2000-2010.nc,SWdown,0.0,0.9,observed,mild
met_insituHT_CA-Ojp_2000-2010.nc,LWdown,0.0,1.0,observed,mild
met_insituHT_CA-Ojp_2000-2010.nc,VPD,0.0,6.2,observed,mild
met_insituHT_CA-Ojp_2000-2010.nc,PSurf,0.0,0.4,ERA-Interim,mild
met_insituHT_CA-Ojp_2000-2010.nc,Rainf,0.0,0.2,ERA-Interim,mild
met_insituHT_CA-Ojp_2000-2010.nc,Wind,0.0,0.6,ERA-Interim,mild
met_insituHT_CA-Ojp_2000-2010.nc,Qair,0.0,6.2,observed,mild
met_insituHT_CA-Ojp_2000-2010.nc,RH,0.0,1.3,ERA-Interim,mild
met_insituHT_CA-Ojp_2000-2010.nc,CO2air,0.0,44.0,observed,heavy
met_insituHT_CA-PB1_2017-2023.nc,Tair,0.0,37.1,ERA-Interim,heavy
met_insituHT_CA-PB1_2017-2023.nc,SWdown,0.0,35.9,ERA-Interim,heavy
met_insituHT_CA-PB1_2017-2023.nc,LWdown,0.0,38.6,ERA-Interim,heavy
met_insituHT_CA-PB1_2017-2023.nc,VPD,0.0,37.1,ERA-Interim,heavy
met_insituHT_CA-PB1_2017-2023.nc,PSurf,0.0,35.8,ERA-Interim,heavy
met_insituHT_CA-PB1_2017-2023.nc,Rainf,0.0,66.6,ERA-Interim,complete
met_insituHT_CA-PB1_2017-2023.nc,Wind,0.0,40.2,ERA-Interim,heavy
met_insituHT_CA-PB1_2017-2023.nc,Qair,0.0,37.1,ERA-Interim,heavy
met_insituHT_CA-PB1_2017-2023.nc,RH,0.0,24.6,ERA-Interim,medium
met_insituHT_CA-PB1_2017-2023.nc,CO2air,0.0,78.3,observed,complete
met_insituHT_CA-PB2_2018-2023.nc,Tair,0.0,22.8,ERA-Interim,medium
met_insituHT_CA-PB2_2018-2023.nc,SWdown,0.0,0.7,ERA-Interim,mild
met_insituHT_CA-PB2_2018-2023.nc,LWdown,0.0,6.1,ERA-Interim,mild
met_insituHT_CA-PB2_2018-2023.nc,VPD,0.0,22.8,ERA-Interim,medium
met_insituHT_CA-PB2_2018-2023.nc,PSurf,0.0,0.0,ERA-Interim,mild
met_insituHT_CA-PB2_2018-2023.nc,Rainf,0.0,69.9,ERA-Interim,complete
met_insituHT_CA-PB2_2018-2023.nc,Wind,0.0,2.1,ERA-Interim,mild
met_insituHT_CA-PB2_2018-2023.nc,Qair,0.0,22.8,ERA-Interim,medium
met_insituHT_CA-PB2_2018-2023.nc,RH,0.0,22.8,ERA-Interim,medium
met_insituHT_CA-PB2_2018-2023.nc,CO2air,0.0,57.7,observed,complete
met_insituHT_CA-Qc2_2008-2009.nc,Tair,0.0,11.6,ERA-Interim,medium
met_insituHT_CA-Qc2_2008-2009.nc,SWdown,0.0,0.5,ERA-Interim,mild
met_insituHT_CA-Qc2_2008-2009.nc,LWdown,0.0,100.0,ERA-Interim,complete
met_insituHT_CA-Qc2_2008-2009.nc,VPD,0.0,11.9,ERA-Interim,medium
met_insituHT_CA-Qc2_2008-2009.nc,PSurf,0.0,0.8,ERA-Interim,mild
met_insituHT_CA-Qc2_2008-2009.nc,Rainf,0.0,3.8,ERA-Interim,mild
met_insituHT_CA-Qc2_2008-2009.nc,Wind,0.0,0.0,ERA-Interim,mild
met_insituHT_CA-Qc2_2008-2009.nc,Qair,0.0,11.9,ERA-Interim,medium
met_insituHT_CA-Qc2_2008-2009.nc,RH,0.0,0.7,ERA-Interim,mild
met_insituHT_CA-Qc2_2008-2009.nc,CO2air,0.0,36.6,observed,heavy
met_insituHT_CA-Qfo_2004-2010.nc,Tair,0.0,3.9,ERA-Interim,mild
met_insituHT_CA-Qfo_2004-2010.nc,SWdown,0.0,1.9,ERA-Interim,mild
met_insituHT_CA-Qfo_2004-2010.nc,LWdown,0.0,1.6,ERA-Interim,mild
met_insituHT_CA-Qfo_2004-2010.nc,VPD,0.0,3.9,ERA-Interim,mild
met_insituHT_CA-Qfo_2004-2010.nc,PSurf,0.0,3.6,ERA-Interim,mild
met_insituHT_CA-Qfo_2004-2010.nc,Rainf,0.0,8.2,ERA-Interim,mild
met_insituHT_CA-Qfo_2004-2010.nc,Wind,0.0,2.1,ERA-Interim,mild
met_insituHT_CA-Qfo_2004-2010.nc,Qair,0.0,3.9,ERA-Interim,mild
met_insituHT_CA-Qfo_2004-2010.nc,RH,0.0,3.6,ERA-Interim,mild
met_insituHT_CA-Qfo_2004-2010.nc,CO2air,0.0,14.9,observed,medium
met_insituHT_CA-RBM_2023-2024.nc,Tair,0.0,0.0,ERA-Interim,mild
met_insituHT_CA-RBM_2023-2024.nc,SWdown,0.0,0.1,observed,mild
met_insituHT_CA-RBM_2023-2024.nc,LWdown,0.0,0.0,observed,mild
met_insituHT_CA-RBM_2023-2024.nc,VPD,0.0,0.0,ERA-Interim,mild
met_insituHT_CA-RBM_2023-2024.nc,PSurf,0.0,0.0,ERA-Interim,mild
met_insituHT_CA-RBM_2023-2024.nc,Rainf,0.0,0.0,ERA-Interim,mild
met_insituHT_CA-RBM_2023-2024.nc,Wind,0.0,0.0,ERA-Interim,mild
met_insituHT_CA-RBM_2023-2024.nc,Qair,0.0,0.0,ERA-Interim,mild
met_insituHT_CA-RBM_2023-2024.nc,RH,0.0,0.0,ERA-Interim,mild
met_insituHT_CA-RBM_2023-2024.nc,CO2air,0.0,3.6,observed,mild
met_insituHT_CA-SCB_2015-2018.nc,Tair,0.0,42.3,ERA-Interim,heavy
met_insituHT_CA-SCB_2015-2018.nc,SWdown,0.0,12.4,ERA-Interim,medium
met_insituHT_CA-SCB_2015-2018.nc,LWdown,0.0,19.5,ERA-Interim,medium
met_insituHT_CA-SCB_2015-2018.nc,VPD,0.0,42.3,ERA-Interim,heavy
met_insituHT_CA-SCB_2015-2018.nc,PSurf,0.0,42.4,ERA-Interim,heavy
met_insituHT_CA-SCB_2015-2018.nc,Rainf,0.0,26.1,ERA-Interim,heavy
met_insituHT_CA-SCB_2015-2018.nc,Wind,0.0,42.3,ERA-Interim,heavy
met_insituHT_CA-SCB_2015-2018.nc,Qair,0.0,42.3,ERA-Interim,heavy
met_insituHT_CA-SCB_2015-2018.nc,RH,0.0,19.5,ERA-Interim,medium
met_insituHT_CA-SCB_2015-2018.nc,CO2air,0.0,53.9,observed,complete
met_insituHT_CA-SCC_2014-2018.nc,Tair,0.0,9.1,ERA-Interim,mild
met_insituHT_CA-SCC_2014-2018.nc,SWdown,0.0,1.7,ERA-Interim,mild
met_insituHT_CA-SCC_2014-2018.nc,LWdown,0.0,4.3,ERA-Interim,mild
met_insituHT_CA-SCC_2014-2018.nc,VPD,0.0,9.1,ERA-Interim,mild
met_insituHT_CA-SCC_2014-2018.nc,PSurf,0.0,26.9,ERA-Interim,heavy
met_insituHT_CA-SCC_2014-2018.nc,Rainf,0.0,3.8,ERA-Interim,mild
met_insituHT_CA-SCC_2014-2018.nc,Wind,0.0,17.9,ERA-Interim,medium
met_insituHT_CA-SCC_2014-2018.nc,Qair,0.0,9.1,ERA-Interim,mild
met_insituHT_CA-SCC_2014-2018.nc,RH,0.0,9.1,ERA-Interim,mild
met_insituHT_CA-SCC_2014-2018.nc,CO2air,0.0,29.7,observed,heavy
met_insituHT_CA-SF1_2004-2005.nc,Tair,0.0,3.2,ERA-Interim,mild
met_insituHT_CA-SF1_2004-2005.nc,SWdown,0.0,1.0,ERA-Interim,mild
met_insituHT_CA-SF1_2004-2005.nc,LWdown,0.0,0.0,ERA-Interim,mild
met_insituHT_CA-SF1_2004-2005.nc,VPD,0.0,3.2,ERA-Interim,mild
met_insituHT_CA-SF1_2004-2005.nc,PSurf,0.0,0.0,ERA-Interim,mild
met_insituHT_CA-SF1_2004-2005.nc,Rainf,0.0,0.0,ERA-Interim,mild
met_insituHT_CA-SF1_2004-2005.nc,Wind,0.0,0.0,ERA-Interim,mild
met_insituHT_CA-SF1_2004-2005.nc,Qair,0.0,3.2,ERA-Interim,mild
met_insituHT_CA-SF1_2004-2005.nc,RH,0.0,3.2,ERA-Interim,mild
met_insituHT_CA-SF1_2004-2005.nc,CO2air,0.0,21.5,observed,medium
met_insituHT_CA-SF2_2003-2004.nc,Tair,0.0,0.0,ERA-Interim,mild
met_insituHT_CA-SF2_2003-2004.nc,SWdown,0.0,0.7,ERA-Interim,mild
met_insituHT_CA-SF2_2003-2004.nc,LWdown,0.0,0.0,ERA-Interim,mild
met_insituHT_CA-SF2_2003-2004.nc,VPD,0.0,0.0,ERA-Interim,mild
met_insituHT_CA-SF2_2003-2004.nc,PSurf,0.0,0.0,ERA-Interim,mild
met_insituHT_CA-SF2_2003-2004.nc,Rainf,0.0,0.0,ERA-Interim,mild
met_insituHT_CA-SF2_2003-2004.nc,Wind,0.0,0.1,ERA-Interim,mild
met_insituHT_CA-SF2_2003-2004.nc,Qair,0.0,0.0,ERA-Interim,mild
met_insituHT_CA-SF2_2003-2004.nc,RH,0.0,0.0,ERA-Interim,mild
met_insituHT_CA-SF2_2003-2004.nc,CO2air,0.0,13.5,observed,medium
met_insituHT_CA-SF3_2002-2005.nc,Tair,0.0,18.2,ERA-Interim,medium
met_insituHT_CA-SF3_2002-2005.nc,SWdown,0.0,12.8,ERA-Interim,medium
met_insituHT_CA-SF3_2002-2005.nc,LWdown,0.0,12.2,ERA-Interim,medium
met_insituHT_CA-SF3_2002-2005.nc,VPD,0.0,18.4,ERA-Interim,medium
met_insituHT_CA-SF3_2002-2005.nc,PSurf,0.0,15.5,ERA-Interim,medium
met_insituHT_CA-SF3_2002-2005.nc,Rainf,0.0,23.6,ERA-Interim,medium
met_insituHT_CA-SF3_2002-2005.nc,Wind,0.0,15.6,ERA-Interim,medium
met_insituHT_CA-SF3_2002-2005.nc,Qair,0.0,18.4,ERA-Interim,medium
met_insituHT_CA-SF3_2002-2005.nc,RH,0.0,18.4,ERA-Interim,medium
met_insituHT_CA-SF3_2002-2005.nc,CO2air,0.0,48.1,observed,heavy
met_insituHT_CA-SJ2_2004-2007.nc,Tair,0.0,14.9,observed,medium
met_insituHT_CA-SJ2_2004-2007.nc,SWdown,0.0,0.8,ERA-Interim,mild
met_insituHT_CA-SJ2_2004-2007.nc,LWdown,0.0,0.5,ERA-Interim,mild
met_insituHT_CA-SJ2_2004-2007.nc,VPD,0.0,15.4,ERA-Interim,medium
met_insituHT_CA-SJ2_2004-2007.nc,PSurf,0.0,34.7,ERA-Interim,heavy
met_insituHT_CA-SJ2_2004-2007.nc,Rainf,0.0,58.9,ERA-Interim,complete
met_insituHT_CA-SJ2_2004-2007.nc,Wind,0.0,0.4,ERA-Interim,mild
met_insituHT_CA-SJ2_2004-2007.nc,Qair,0.0,15.4,ERA-Interim,medium
met_insituHT_CA-SJ2_2004-2007.nc,RH,0.0,15.3,ERA-Interim,medium
met_insituHT_CA-SJ2_2004-2007.nc,CO2air,0.0,15.0,observed,medium
met_insituHT_CA-SMC_2018-2018.nc,Tair,0.0,27.0,ERA-Interim,heavy
met_insituHT_CA-SMC_2018-2018.nc,SWdown,0.0,26.9,ERA-Interim,heavy
met_insituHT_CA-SMC_2018-2018.nc,LWdown,0.0,27.1,ERA-Interim,heavy
met_insituHT_CA-SMC_2018-2018.nc,VPD,0.0,44.5,ERA-Interim,heavy
met_insituHT_CA-SMC_2018-2018.nc,PSurf,0.0,44.1,ERA-Interim,heavy
met_insituHT_CA-SMC_2018-2018.nc,Rainf,0.0,100.0,ERA-Interim,complete
met_insituHT_CA-SMC_2018-2018.nc,Wind,0.0,30.7,ERA-Interim,heavy
met_insituHT_CA-SMC_2018-2018.nc,Qair,0.0,44.5,ERA-Interim,heavy
met_insituHT_CA-SMC_2018-2018.nc,RH,0.0,44.1,ERA-Interim,heavy
met_insituHT_CA-SMC_2018-2018.nc,CO2air,0.0,45.7,observed,heavy
met_insituHT_CA-TP1_2003-2023.nc,Tair,0.0,4.3,observed,mild
met_insituHT_CA-TP1_2003-2023.nc,SWdown,0.0,5.5,observed,mild
met_insituHT_CA-TP1_2003-2023.nc,LWdown,0.0,100.0,ERA-Interim,complete
met_insituHT_CA-TP1_2003-2023.nc,VPD,0.0,4.4,observed,mild
met_insituHT_CA-TP1_2003-2023.nc,PSurf,0.0,11.9,ERA-Interim,medium
met_insituHT_CA-TP1_2003-2023.nc,Rainf,0.0,15.7,ERA-Interim,medium
met_insituHT_CA-TP1_2003-2023.nc,Wind,0.0,4.5,ERA-Interim,mild
met_insituHT_CA-TP1_2003-2023.nc,Qair,0.0,4.4,observed,mild
met_insituHT_CA-TP1_2003-2023.nc,RH,0.0,4.4,ERA-Interim,mild
met_insituHT_CA-TP1_2003-2023.nc,CO2air,0.0,27.3,observed,heavy
met_insituHT_CA-TP2_2003-2006.nc,Tair,0.0,0.0,observed,mild
met_insituHT_CA-TP2_2003-2006.nc,SWdown,0.0,0.0,observed,mild
met_insituHT_CA-TP2_2003-2006.nc,LWdown,0.0,100.0,ERA-Interim,complete
met_insituHT_CA-TP2_2003-2006.nc,VPD,0.0,0.0,observed,mild
met_insituHT_CA-TP2_2003-2006.nc,PSurf,0.0,63.6,ERA-Interim,complete
met_insituHT_CA-TP2_2003-2006.nc,Rainf,0.0,100.0,ERA-Interim,complete
met_insituHT_CA-TP2_2003-2006.nc,Wind,0.0,6.9,ERA-Interim,mild
met_insituHT_CA-TP2_2003-2006.nc,Qair,0.0,0.0,observed,mild
met_insituHT_CA-TP2_2003-2006.nc,RH,0.0,0.0,ERA-Interim,mild
met_insituHT_CA-TP2_2003-2006.nc,CO2air,0.0,64.2,observed,complete
met_insituHT_CA-TP3_2003-2023.nc,Tair,0.0,3.3,observed,mild
met_insituHT_CA-TP3_2003-2023.nc,SWdown,0.0,2.5,observed,mild
met_insituHT_CA-TP3_2003-2023.nc,LWdown,0.0,100.0,ERA-Interim,complete
met_insituHT_CA-TP3_2003-2023.nc,VPD,0.0,3.4,observed,mild
met_insituHT_CA-TP3_2003-2023.nc,PSurf,0.0,1.0,ERA-Interim,mild
met_insituHT_CA-TP3_2003-2023.nc,Rainf,0.0,23.8,ERA-Interim,medium
met_insituHT_CA-TP3_2003-2023.nc,Wind,0.0,2.4,ERA-Interim,mild
met_insituHT_CA-TP3_2003-2023.nc,Qair,0.0,3.4,observed,mild
met_insituHT_CA-TP3_2003-2023.nc,RH,0.0,2.9,ERA-Interim,mild
met_insituHT_CA-TP3_2003-2023.nc,CO2air,0.0,20.2,observed,medium
met_insituHT_CA-TP4_2003-2023.nc,Tair,0.0,0.8,observed,mild
met_insituHT_CA-TP4_2003-2023.nc,SWdown,0.0,0.6,observed,mild
met_insituHT_CA-TP4_2003-2023.nc,LWdown,0.0,3.5,ERA-Interim,mild
met_insituHT_CA-TP4_2003-2023.nc,VPD,0.0,3.8,observed,mild
met_insituHT_CA-TP4_2003-2023.nc,PSurf,0.0,7.4,ERA-Interim,mild
met_insituHT_CA-TP4_2003-2023.nc,Rainf,0.0,23.8,ERA-Interim,medium
met_insituHT_CA-TP4_2003-2023.nc,Wind,0.0,1.4,ERA-Interim,mild
met_insituHT_CA-TP4_2003-2023.nc,Qair,0.0,3.8,observed,mild
met_insituHT_CA-TP4_2003-2023.nc,RH,0.0,3.7,ERA-Interim,mild
met_insituHT_CA-TP4_2003-2023.nc,CO2air,0.0,7.8,observed,mild
met_insituHT_CA-TPA_2021-2023.nc,Tair,0.0,8.3,ERA-Interim,mild
met_insituHT_CA-TPA_2021-2023.nc,SWdown,0.0,0.6,ERA-Interim,mild
met_insituHT_CA-TPA_2021-2023.nc,LWdown,0.0,7.1,ERA-Interim,mild
met_insituHT_CA-TPA_2021-2023.nc,VPD,0.0,12.0,ERA-Interim,medium
met_insituHT_CA-TPA_2021-2023.nc,PSurf,0.0,13.4,ERA-Interim,medium
met_insituHT_CA-TPA_2021-2023.nc,Rainf,0.0,0.0,ERA-Interim,mild
met_insituHT_CA-TPA_2021-2023.nc,Wind,0.0,8.3,ERA-Interim,mild
met_insituHT_CA-TPA_2021-2023.nc,Qair,0.0,12.0,ERA-Interim,medium
met_insituHT_CA-TPA_2021-2023.nc,RH,0.0,12.0,ERA-Interim,medium
met_insituHT_CA-TPA_2021-2023.nc,CO2air,0.0,19.6,observed,medium
met_insituHT_CA-TPD_2012-2023.nc,Tair,0.0,3.6,observed,mild
met_insituHT_CA-TPD_2012-2023.nc,SWdown,0.0,10.6,ERA-Interim,medium
met_insituHT_CA-TPD_2012-2023.nc,LWdown,0.0,6.4,observed,mild
met_insituHT_CA-TPD_2012-2023.nc,VPD,0.0,3.6,observed,mild
met_insituHT_CA-TPD_2012-2023.nc,PSurf,0.0,1.0,ERA-Interim,mild
met_insituHT_CA-TPD_2012-2023.nc,Rainf,0.0,11.0,ERA-Interim,medium
met_insituHT_CA-TPD_2012-2023.nc,Wind,0.0,2.7,ERA-Interim,mild
met_insituHT_CA-TPD_2012-2023.nc,Qair,0.0,3.6,observed,mild
met_insituHT_CA-TPD_2012-2023.nc,RH,0.0,2.8,ERA-Interim,mild
met_insituHT_CA-TPD_2012-2023.nc,CO2air,0.0,5.5,observed,mild
met_insituHT_CA-TVC_2017-2017.nc,Tair,0.0,0.1,observed,mild
met_insituHT_CA-TVC_2017-2017.nc,SWdown,0.0,17.4,ERA-Interim,medium
met_insituHT_CA-TVC_2017-2017.nc,LWdown,0.0,19.4,ERA-Interim,medium
met_insituHT_CA-TVC_2017-2017.nc,VPD,0.0,0.1,observed,mild
met_insituHT_CA-TVC_2017-2017.nc,PSurf,0.0,0.1,ERA-Interim,mild
met_insituHT_CA-TVC_2017-2017.nc,Rainf,0.0,0.1,ERA-Interim,mild
met_insituHT_CA-TVC_2017-2017.nc,Wind,0.0,0.3,ERA-Interim,mild
met_insituHT_CA-TVC_2017-2017.nc,Qair,0.0,0.1,observed,mild
met_insituHT_CA-TVC_2017-2017.nc,RH,0.0,0.1,ERA-Interim,mild
met_insituHT_CA-TVC_2017-2017.nc,CO2air,0.0,56.8,observed,complete
met_insituHT_CD-Ygb_2021-2024.nc,Tair,0.0,23.6,ERA-Interim,medium
met_insituHT_CD-Ygb_2021-2024.nc,SWdown,0.0,11.3,ERA-Interim,medium
met_insituHT_CD-Ygb_2021-2024.nc,LWdown,0.0,38.8,ERA-Interim,heavy
met_insituHT_CD-Ygb_2021-2024.nc,VPD,0.0,99.2,ERA-Interim,complete
met_insituHT_CD-Ygb_2021-2024.nc,PSurf,0.0,9.7,ERA-Interim,mild
met_insituHT_CD-Ygb_2021-2024.nc,Rainf,0.0,9.6,ERA-Interim,mild
met_insituHT_CD-Ygb_2021-2024.nc,Wind,0.0,34.6,ERA-Interim,heavy
met_insituHT_CD-Ygb_2021-2024.nc,Qair,0.0,99.2,ERA-Interim,complete
met_insituHT_CD-Ygb_2021-2024.nc,RH,0.0,23.6,ERA-Interim,medium
met_insituHT_CD-Ygb_2021-2024.nc,CO2air,0.0,34.7,observed,heavy
met_insituHT_CG-Tch_2007-2009.nc,Tair,0.0,0.0,ERA-Interim,mild
met_insituHT_CG-Tch_2007-2009.nc,SWdown,0.0,0.2,ERA-Interim,mild
met_insituHT_CG-Tch_2007-2009.nc,LWdown,0.0,100.0,ERA-Interim,complete
met_insituHT_CG-Tch_2007-2009.nc,VPD,0.0,0.0,ERA-Interim,mild
met_insituHT_CG-Tch_2007-2009.nc,PSurf,0.0,100.0,ERA-Interim,complete
met_insituHT_CG-Tch_2007-2009.nc,Rainf,0.0,0.0,ERA-Interim,mild
met_insituHT_CG-Tch_2007-2009.nc,Wind,0.0,0.0,ERA-Interim,mild
met_insituHT_CG-Tch_2007-2009.nc,Qair,0.0,0.0,ERA-Interim,mild
met_insituHT_CG-Tch_2007-2009.nc,RH,0.0,0.0,ERA-Interim,mild
met_insituHT_CG-Tch_2007-2009.nc,CO2air,0.0,31.3,observed,heavy
met_insituHT_CH-Aws_2007-2024.nc,Tair,0.0,25.3,ERA-Interim,heavy
met_insituHT_CH-Aws_2007-2024.nc,SWdown,0.0,25.8,ERA-Interim,heavy
met_insituHT_CH-Aws_2007-2024.nc,LWdown,0.0,32.7,ERA-Interim,heavy
met_insituHT_CH-Aws_2007-2024.nc,VPD,0.0,30.9,ERA-Interim,heavy
met_insituHT_CH-Aws_2007-2024.nc,PSurf,0.0,34.8,ERA-Interim,heavy
met_insituHT_CH-Aws_2007-2024.nc,Rainf,0.0,27.6,ERA-Interim,heavy
met_insituHT_CH-Aws_2007-2024.nc,Wind,0.0,30.6,ERA-Interim,heavy
met_insituHT_CH-Aws_2007-2024.nc,Qair,0.0,30.9,ERA-Interim,heavy
met_insituHT_CH-Aws_2007-2024.nc,RH,0.0,30.9,ERA-Interim,heavy
met_insituHT_CH-Aws_2007-2024.nc,CO2air,0.0,33.3,observed,heavy
met_insituHT_CH-Cha_2006-2024.nc,Tair,0.0,7.7,ERA-Interim,mild
met_insituHT_CH-Cha_2006-2024.nc,SWdown,0.0,6.2,ERA-Interim,mild
met_insituHT_CH-Cha_2006-2024.nc,LWdown,0.0,6.5,ERA-Interim,mild
met_insituHT_CH-Cha_2006-2024.nc,VPD,0.0,21.5,ERA-Interim,medium
met_insituHT_CH-Cha_2006-2024.nc,PSurf,0.0,23.0,ERA-Interim,medium
met_insituHT_CH-Cha_2006-2024.nc,Rainf,0.0,7.2,ERA-Interim,mild
met_insituHT_CH-Cha_2006-2024.nc,Wind,0.0,8.6,ERA-Interim,mild
met_insituHT_CH-Cha_2006-2024.nc,Qair,0.0,21.5,ERA-Interim,medium
met_insituHT_CH-Cha_2006-2024.nc,RH,0.0,16.3,ERA-Interim,medium
met_insituHT_CH-Cha_2006-2024.nc,CO2air,0.0,16.2,observed,medium
met_insituHT_CH-Crs_2015-2016.nc,Tair,0.0,6.6,observed,mild
met_insituHT_CH-Crs_2015-2016.nc,SWdown,0.0,0.0,observed,mild
met_insituHT_CH-Crs_2015-2016.nc,LWdown,0.0,100.0,ERA-Interim,complete
met_insituHT_CH-Crs_2015-2016.nc,VPD,0.0,6.9,observed,mild
met_insituHT_CH-Crs_2015-2016.nc,PSurf,0.0,2.7,ERA-Interim,mild
met_insituHT_CH-Crs_2015-2016.nc,Rainf,0.0,0.0,ERA-Interim,mild
met_insituHT_CH-Crs_2015-2016.nc,Wind,0.0,3.0,ERA-Interim,mild
met_insituHT_CH-Crs_2015-2016.nc,Qair,0.0,6.9,observed,mild
met_insituHT_CH-Crs_2015-2016.nc,RH,0.0,3.0,ERA-Interim,mild
met_insituHT_CH-Crs_2015-2016.nc,CO2air,0.0,12.2,observed,medium
met_insituHT_CH-Dav_1997-2024.nc,Tair,0.0,1.2,observed,mild
met_insituHT_CH-Dav_1997-2024.nc,SWdown,0.0,1.2,observed,mild
met_insituHT_CH-Dav_1997-2024.nc,LWdown,0.0,39.9,ERA-Interim,heavy
met_insituHT_CH-Dav_1997-2024.nc,VPD,0.0,1.2,observed,mild
met_insituHT_CH-Dav_1997-2024.nc,PSurf,0.0,1.2,ERA-Interim,mild
met_insituHT_CH-Dav_1997-2024.nc,Rainf,0.0,0.3,ERA-Interim,mild
met_insituHT_CH-Dav_1997-2024.nc,Wind,0.0,2.9,ERA-Interim,mild
met_insituHT_CH-Dav_1997-2024.nc,Qair,0.0,1.2,observed,mild
met_insituHT_CH-Dav_1997-2024.nc,RH,0.0,1.2,ERA-Interim,mild
met_insituHT_CH-Dav_1997-2024.nc,CO2air,0.0,8.2,observed,mild
met_insituHT_CH-For_2024-2024.nc,Tair,0.0,20.5,ERA-Interim,medium
met_insituHT_CH-For_2024-2024.nc,SWdown,0.0,20.1,ERA-Interim,medium
met_insituHT_CH-For_2024-2024.nc,LWdown,0.0,43.3,ERA-Interim,heavy
met_insituHT_CH-For_2024-2024.nc,VPD,0.0,20.5,ERA-Interim,medium
met_insituHT_CH-For_2024-2024.nc,PSurf,0.0,22.4,ERA-Interim,medium
met_insituHT_CH-For_2024-2024.nc,Rainf,0.0,20.1,ERA-Interim,medium
met_insituHT_CH-For_2024-2024.nc,Wind,0.0,19.9,ERA-Interim,medium
met_insituHT_CH-For_2024-2024.nc,Qair,0.0,20.5,ERA-Interim,medium
met_insituHT_CH-For_2024-2024.nc,RH,0.0,20.5,ERA-Interim,medium
met_insituHT_CH-For_2024-2024.nc,CO2air,0.0,25.7,observed,heavy
met_insituHT_CH-Frk_2013-2014.nc,Tair,0.0,0.8,observed,mild
met_insituHT_CH-Frk_2013-2014.nc,SWdown,0.0,1.0,observed,mild
met_insituHT_CH-Frk_2013-2014.nc,LWdown,0.0,100.0,ERA-Interim,complete
met_insituHT_CH-Frk_2013-2014.nc,VPD,0.0,0.8,observed,mild
met_insituHT_CH-Frk_2013-2014.nc,PSurf,0.0,40.5,ERA-Interim,heavy
met_insituHT_CH-Frk_2013-2014.nc,Rainf,0.0,0.0,ERA-Interim,mild
met_insituHT_CH-Frk_2013-2014.nc,Wind,0.0,46.4,ERA-Interim,heavy
met_insituHT_CH-Frk_2013-2014.nc,Qair,0.0,0.8,observed,mild
met_insituHT_CH-Frk_2013-2014.nc,RH,0.0,0.8,ERA-Interim,mild
met_insituHT_CH-Frk_2013-2014.nc,CO2air,0.0,47.1,observed,heavy
met_insituHT_CH-Fru_2006-2024.nc,Tair,0.0,1.3,ERA-Interim,mild
met_insituHT_CH-Fru_2006-2024.nc,SWdown,0.0,1.2,ERA-Interim,mild
met_insituHT_CH-Fru_2006-2024.nc,LWdown,0.0,1.7,ERA-Interim,mild
met_insituHT_CH-Fru_2006-2024.nc,VPD,0.0,12.7,ERA-Interim,medium
met_insituHT_CH-Fru_2006-2024.nc,PSurf,0.0,100.0,ERA-Interim,complete
met_insituHT_CH-Fru_2006-2024.nc,Rainf,0.0,3.5,ERA-Interim,mild
met_insituHT_CH-Fru_2006-2024.nc,Wind,0.0,4.3,ERA-Interim,mild
met_insituHT_CH-Fru_2006-2024.nc,Qair,0.0,12.7,ERA-Interim,medium
met_insituHT_CH-Fru_2006-2024.nc,RH,0.0,12.6,ERA-Interim,medium
met_insituHT_CH-Fru_2006-2024.nc,CO2air,0.0,10.5,observed,medium
met_insituHT_CH-Lae_2005-2024.nc,Tair,0.0,0.9,ERA-Interim,mild
met_insituHT_CH-Lae_2005-2024.nc,SWdown,0.0,0.9,ERA-Interim,mild
met_insituHT_CH-Lae_2005-2024.nc,LWdown,0.0,4.4,ERA-Interim,mild
met_insituHT_CH-Lae_2005-2024.nc,VPD,0.0,1.0,ERA-Interim,mild
met_insituHT_CH-Lae_2005-2024.nc,PSurf,0.0,4.3,ERA-Interim,mild
met_insituHT_CH-Lae_2005-2024.nc,Rainf,0.0,0.3,ERA-Interim,mild
met_insituHT_CH-Lae_2005-2024.nc,Wind,0.0,3.6,ERA-Interim,mild
met_insituHT_CH-Lae_2005-2024.nc,Qair,0.0,1.0,ERA-Interim,mild
met_insituHT_CH-Lae_2005-2024.nc,RH,0.0,0.9,ERA-Interim,mild
met_insituHT_CH-Lae_2005-2024.nc,CO2air,0.0,13.1,observed,medium
met_insituHT_CH-Oe1_2003-2011.nc,Tair,0.0,0.6,observed,mild
met_insituHT_CH-Oe1_2003-2011.nc,SWdown,0.0,0.2,observed,mild
met_insituHT_CH-Oe1_2003-2011.nc,LWdown,0.0,5.4,ERA-Interim,mild
met_insituHT_CH-Oe1_2003-2011.nc,VPD,0.0,0.6,observed,mild
met_insituHT_CH-Oe1_2003-2011.nc,PSurf,0.0,0.1,ERA-Interim,mild
met_insituHT_CH-Oe1_2003-2011.nc,Rainf,0.0,0.0,observed,mild
met_insituHT_CH-Oe1_2003-2011.nc,Wind,0.0,5.2,ERA-Interim,mild
met_insituHT_CH-Oe1_2003-2011.nc,Qair,0.0,0.6,observed,mild
met_insituHT_CH-Oe1_2003-2011.nc,RH,0.0,0.6,ERA-Interim,mild
met_insituHT_CH-Oe1_2003-2011.nc,CO2air,0.0,19.1,observed,medium
met_insituHT_CH-Oe2_2004-2024.nc,Tair,0.0,3.3,observed,mild
met_insituHT_CH-Oe2_2004-2024.nc,SWdown,0.0,2.7,observed,mild
met_insituHT_CH-Oe2_2004-2024.nc,LWdown,0.0,3.5,observed,mild
met_insituHT_CH-Oe2_2004-2024.nc,VPD,0.0,26.5,ERA-Interim,heavy
met_insituHT_CH-Oe2_2004-2024.nc,PSurf,0.0,63.9,ERA-Interim,complete
met_insituHT_CH-Oe2_2004-2024.nc,Rainf,0.0,20.5,ERA-Interim,medium
met_insituHT_CH-Oe2_2004-2024.nc,Wind,0.0,3.6,ERA-Interim,mild
met_insituHT_CH-Oe2_2004-2024.nc,Qair,0.0,26.5,ERA-Interim,heavy
met_insituHT_CH-Oe2_2004-2024.nc,RH,0.0,26.5,ERA-Interim,heavy
met_insituHT_CH-Oe2_2004-2024.nc,CO2air,0.0,8.2,observed,mild
met_insituHT_CH-Oe3_2003-2011.nc,Tair,0.0,0.0,ERA-Interim,mild
met_insituHT_CH-Oe3_2003-2011.nc,SWdown,0.0,0.1,ERA-Interim,mild
met_insituHT_CH-Oe3_2003-2011.nc,LWdown,0.0,5.4,ERA-Interim,mild
met_insituHT_CH-Oe3_2003-2011.nc,VPD,0.0,0.0,ERA-Interim,mild
met_insituHT_CH-Oe3_2003-2011.nc,PSurf,0.0,0.0,ERA-Interim,mild
met_insituHT_CH-Oe3_2003-2011.nc,Rainf,0.0,0.0,ERA-Interim,mild
met_insituHT_CH-Oe3_2003-2011.nc,Wind,0.0,0.0,ERA-Interim,mild
met_insituHT_CH-Oe3_2003-2011.nc,Qair,0.0,0.0,ERA-Interim,mild
met_insituHT_CH-Oe3_2003-2011.nc,RH,0.0,0.0,ERA-Interim,mild
met_insituHT_CH-Oe3_2003-2011.nc,CO2air,0.0,21.2,observed,medium
met_insituHT_CH-Rh1_2019-2021.nc,Tair,0.0,0.0,ERA-Interim,mild
met_insituHT_CH-Rh1_2019-2021.nc,SWdown,0.0,0.0,ERA-Interim,mild
met_insituHT_CH-Rh1_2019-2021.nc,LWdown,0.0,100.0,ERA-Interim,complete
met_insituHT_CH-Rh1_2019-2021.nc,VPD,0.0,0.0,ERA-Interim,mild
met_insituHT_CH-Rh1_2019-2021.nc,PSurf,0.0,0.0,ERA-Interim,mild
met_insituHT_CH-Rh1_2019-2021.nc,Rainf,0.0,0.0,ERA-Interim,mild
met_insituHT_CH-Rh1_2019-2021.nc,Wind,0.0,10.3,ERA-Interim,medium
met_insituHT_CH-Rh1_2019-2021.nc,Qair,0.0,0.0,ERA-Interim,mild
met_insituHT_CH-Rh1_2019-2021.nc,RH,0.0,0.0,ERA-Interim,mild
met_insituHT_CH-Rh1_2019-2021.nc,CO2air,0.0,15.8,observed,medium
met_insituHT_CH-Rh2_2019-2021.nc,Tair,0.0,0.0,ERA-Interim,mild
met_insituHT_CH-Rh2_2019-2021.nc,SWdown,0.0,0.0,ERA-Interim,mild
met_insituHT_CH-Rh2_2019-2021.nc,LWdown,0.0,100.0,ERA-Interim,complete
met_insituHT_CH-Rh2_2019-2021.nc,VPD,0.0,0.0,ERA-Interim,mild
met_insituHT_CH-Rh2_2019-2021.nc,PSurf,0.0,0.0,ERA-Interim,mild
met_insituHT_CH-Rh2_2019-2021.nc,Rainf,0.0,0.0,ERA-Interim,mild
met_insituHT_CH-Rh2_2019-2021.nc,Wind,0.0,12.1,ERA-Interim,medium
met_insituHT_CH-Rh2_2019-2021.nc,Qair,0.0,0.0,ERA-Interim,mild
met_insituHT_CH-Rh2_2019-2021.nc,RH,0.0,0.0,ERA-Interim,mild
met_insituHT_CH-Rh2_2019-2021.nc,CO2air,0.0,12.6,observed,medium
met_insituHT_CH-Rtb_2010-2022.nc,Tair,0.0,0.0,observed,mild
met_insituHT_CH-Rtb_2010-2022.nc,SWdown,0.0,0.3,observed,mild
met_insituHT_CH-Rtb_2010-2022.nc,LWdown,0.0,0.2,observed,mild
met_insituHT_CH-Rtb_2010-2022.nc,VPD,0.0,0.3,observed,mild
met_insituHT_CH-Rtb_2010-2022.nc,PSurf,0.0,100.0,ERA-Interim,complete
met_insituHT_CH-Rtb_2010-2022.nc,Rainf,0.0,0.0,observed,mild
met_insituHT_CH-Rtb_2010-2022.nc,Wind,0.0,16.9,ERA-Interim,medium
met_insituHT_CH-Rtb_2010-2022.nc,Qair,0.0,0.3,observed,mild
met_insituHT_CH-Rtb_2010-2022.nc,RH,0.0,0.3,ERA-Interim,mild
met_insituHT_CH-Rtb_2010-2022.nc,CO2air,0.0,28.2,observed,heavy
met_insituHT_CH-Tnk_2024-2024.nc,Tair,0.0,6.0,observed,mild
met_insituHT_CH-Tnk_2024-2024.nc,SWdown,0.0,7.2,observed,mild
met_insituHT_CH-Tnk_2024-2024.nc,LWdown,0.0,6.6,observed,mild
met_insituHT_CH-Tnk_2024-2024.nc,VPD,0.0,6.0,observed,mild
met_insituHT_CH-Tnk_2024-2024.nc,PSurf,0.0,6.0,ERA-Interim,mild
met_insituHT_CH-Tnk_2024-2024.nc,Rainf,0.0,6.0,ERA-Interim,mild
met_insituHT_CH-Tnk_2024-2024.nc,Wind,0.0,2.2,ERA-Interim,mild
met_insituHT_CH-Tnk_2024-2024.nc,Qair,0.0,6.0,observed,mild
met_insituHT_CH-Tnk_2024-2024.nc,RH,0.0,6.0,ERA-Interim,mild
met_insituHT_CH-Tnk_2024-2024.nc,CO2air,0.0,4.7,observed,mild
met_insituHT_CL-ACF_2019-2020.nc,Tair,0.0,0.0,ERA-Interim,mild
met_insituHT_CL-ACF_2019-2020.nc,SWdown,0.0,0.3,ERA-Interim,mild
met_insituHT_CL-ACF_2019-2020.nc,LWdown,0.0,100.0,ERA-Interim,complete
met_insituHT_CL-ACF_2019-2020.nc,VPD,0.0,0.0,ERA-Interim,mild
met_insituHT_CL-ACF_2019-2020.nc,PSurf,0.0,0.0,ERA-Interim,mild
met_insituHT_CL-ACF_2019-2020.nc,Rainf,0.0,0.0,ERA-Interim,mild
met_insituHT_CL-ACF_2019-2020.nc,Wind,0.0,39.4,ERA-Interim,heavy
met_insituHT_CL-ACF_2019-2020.nc,Qair,0.0,0.0,ERA-Interim,mild
met_insituHT_CL-ACF_2019-2020.nc,RH,0.0,0.0,ERA-Interim,mild
met_insituHT_CL-ACF_2019-2020.nc,CO2air,0.0,43.2,observed,heavy
met_insituHT_CL-SDF_2014-2021.nc,Tair,0.0,26.4,observed,heavy
met_insituHT_CL-SDF_2014-2021.nc,SWdown,0.0,20.9,ERA-Interim,medium
met_insituHT_CL-SDF_2014-2021.nc,LWdown,0.0,21.0,ERA-Interim,medium
met_insituHT_CL-SDF_2014-2021.nc,VPD,0.0,48.8,observed,heavy
met_insituHT_CL-SDF_2014-2021.nc,PSurf,0.0,29.5,ERA-Interim,heavy
met_insituHT_CL-SDF_2014-2021.nc,Rainf,0.0,40.2,ERA-Interim,heavy
met_insituHT_CL-SDF_2014-2021.nc,Wind,0.0,43.3,ERA-Interim,heavy
met_insituHT_CL-SDF_2014-2021.nc,Qair,0.0,48.8,observed,heavy
met_insituHT_CL-SDF_2014-2021.nc,RH,0.0,47.1,ERA-Interim,heavy
met_insituHT_CL-SDF_2014-2021.nc,CO2air,0.0,45.7,observed,heavy
met_insituHT_CL-SDP_2014-2021.nc,Tair,0.0,19.8,observed,medium
met_insituHT_CL-SDP_2014-2021.nc,SWdown,0.0,19.7,ERA-Interim,medium
met_insituHT_CL-SDP_2014-2021.nc,LWdown,0.0,25.5,ERA-Interim,heavy
met_insituHT_CL-SDP_2014-2021.nc,VPD,0.0,38.1,observed,heavy
met_insituHT_CL-SDP_2014-2021.nc,PSurf,0.0,17.4,ERA-Interim,medium
met_insituHT_CL-SDP_2014-2021.nc,Rainf,0.0,11.7,ERA-Interim,medium
met_insituHT_CL-SDP_2014-2021.nc,Wind,0.0,26.8,ERA-Interim,heavy
met_insituHT_CL-SDP_2014-2021.nc,Qair,0.0,38.1,observed,heavy
met_insituHT_CL-SDP_2014-2021.nc,RH,0.0,35.2,ERA-Interim,heavy
met_insituHT_CL-SDP_2014-2021.nc,CO2air,0.0,28.8,observed,heavy
met_insituHT_CN-Aro_2013-2024.nc,Tair,0.0,4.5,observed,mild
met_insituHT_CN-Aro_2013-2024.nc,SWdown,0.0,5.2,observed,mild
met_insituHT_CN-Aro_2013-2024.nc,LWdown,0.0,5.0,observed,mild
met_insituHT_CN-Aro_2013-2024.nc,VPD,0.0,4.5,observed,mild
met_insituHT_CN-Aro_2013-2024.nc,PSurf,0.0,4.5,ERA-Interim,mild
met_insituHT_CN-Aro_2013-2024.nc,Rainf,0.0,100.0,ERA-Interim,complete
met_insituHT_CN-Aro_2013-2024.nc,Wind,0.0,12.1,ERA-Interim,medium
met_insituHT_CN-Aro_2013-2024.nc,Qair,0.0,4.5,observed,mild
met_insituHT_CN-Aro_2013-2024.nc,RH,0.0,4.5,ERA-Interim,mild
met_insituHT_CN-Aro_2013-2024.nc,CO2air,0.0,19.1,observed,medium
met_insituHT_CN-Ash_2009-2018.nc,Tair,0.0,3.0,observed,mild
met_insituHT_CN-Ash_2009-2018.nc,SWdown,0.0,2.5,observed,mild
met_insituHT_CN-Ash_2009-2018.nc,LWdown,0.0,5.1,ERA-Interim,mild
met_insituHT_CN-Ash_2009-2018.nc,VPD,0.0,3.1,observed,mild
met_insituHT_CN-Ash_2009-2018.nc,PSurf,0.0,55.5,ERA-Interim,complete
met_insituHT_CN-Ash_2009-2018.nc,Rainf,0.0,1.3,ERA-Interim,mild
met_insituHT_CN-Ash_2009-2018.nc,Wind,0.0,20.7,ERA-Interim,medium
met_insituHT_CN-Ash_2009-2018.nc,Qair,0.0,3.1,observed,mild
met_insituHT_CN-Ash_2009-2018.nc,RH,0.0,3.1,ERA-Interim,mild
met_insituHT_CN-Ash_2009-2018.nc,CO2air,0.0,10.3,observed,medium
met_insituHT_CN-BeO_2012-2020.nc,Tair,0.0,2.7,observed,mild
met_insituHT_CN-BeO_2012-2020.nc,SWdown,0.0,4.2,observed,mild
met_insituHT_CN-BeO_2012-2020.nc,LWdown,0.0,2.7,observed,mild
met_insituHT_CN-BeO_2012-2020.nc,VPD,0.0,2.7,observed,mild
met_insituHT_CN-BeO_2012-2020.nc,PSurf,0.0,100.0,ERA-Interim,complete
met_insituHT_CN-BeO_2012-2020.nc,Rainf,0.0,2.6,ERA-Interim,mild
met_insituHT_CN-BeO_2012-2020.nc,Wind,0.0,3.0,ERA-Interim,mild
met_insituHT_CN-BeO_2012-2020.nc,Qair,0.0,2.7,observed,mild
met_insituHT_CN-BeO_2012-2020.nc,RH,0.0,2.7,ERA-Interim,mild
met_insituHT_CN-BeO_2012-2020.nc,CO2air,0.0,6.4,observed,mild
met_insituHT_CN-DaW_2011-2019.nc,Tair,0.0,44.5,observed,heavy
met_insituHT_CN-DaW_2011-2019.nc,SWdown,0.0,44.5,observed,heavy
met_insituHT_CN-DaW_2011-2019.nc,LWdown,0.0,46.4,observed,heavy
met_insituHT_CN-DaW_2011-2019.nc,VPD,0.0,45.3,observed,heavy
met_insituHT_CN-DaW_2011-2019.nc,PSurf,0.0,100.0,ERA-Interim,complete
met_insituHT_CN-DaW_2011-2019.nc,Rainf,0.0,53.9,ERA-Interim,complete
met_insituHT_CN-DaW_2011-2019.nc,Wind,0.0,65.1,ERA-Interim,complete
met_insituHT_CN-DaW_2011-2019.nc,Qair,0.0,45.3,observed,heavy
met_insituHT_CN-DaW_2011-2019.nc,RH,0.0,45.3,ERA-Interim,heavy
met_insituHT_CN-DaW_2011-2019.nc,CO2air,0.0,100.0,observed,complete
met_insituHT_CN-Dan_2011-2019.nc,Tair,0.0,44.5,observed,heavy
met_insituHT_CN-Dan_2011-2019.nc,SWdown,0.0,44.5,observed,heavy
met_insituHT_CN-Dan_2011-2019.nc,LWdown,0.0,46.4,observed,heavy
met_insituHT_CN-Dan_2011-2019.nc,VPD,0.0,44.5,observed,heavy
met_insituHT_CN-Dan_2011-2019.nc,PSurf,0.0,100.0,ERA-Interim,complete
met_insituHT_CN-Dan_2011-2019.nc,Rainf,0.0,57.1,ERA-Interim,complete
met_insituHT_CN-Dan_2011-2019.nc,Wind,0.0,59.9,ERA-Interim,complete
met_insituHT_CN-Dan_2011-2019.nc,Qair,0.0,44.5,observed,heavy
met_insituHT_CN-Dan_2011-2019.nc,RH,0.0,44.5,ERA-Interim,heavy
met_insituHT_CN-Dan_2011-2019.nc,CO2air,0.0,51.0,observed,complete
met_insituHT_CN-Dda_2011-2014.nc,Tair,0.0,29.7,ERA-Interim,heavy
met_insituHT_CN-Dda_2011-2014.nc,SWdown,0.0,29.7,ERA-Interim,heavy
met_insituHT_CN-Dda_2011-2014.nc,LWdown,0.0,29.7,ERA-Interim,heavy
met_insituHT_CN-Dda_2011-2014.nc,VPD,0.0,29.7,ERA-Interim,heavy
met_insituHT_CN-Dda_2011-2014.nc,PSurf,0.0,100.0,ERA-Interim,complete
met_insituHT_CN-Dda_2011-2014.nc,Rainf,0.0,100.0,ERA-Interim,complete
met_insituHT_CN-Dda_2011-2014.nc,Wind,0.0,29.7,ERA-Interim,heavy
met_insituHT_CN-Dda_2011-2014.nc,Qair,0.0,29.7,ERA-Interim,heavy
met_insituHT_CN-Dda_2011-2014.nc,RH,0.0,29.7,ERA-Interim,heavy
met_insituHT_CN-Dda_2011-2014.nc,CO2air,0.0,100.0,observed,complete
met_insituHT_CN-Din_2010-2020.nc,Tair,0.0,28.7,observed,heavy
met_insituHT_CN-Din_2010-2020.nc,SWdown,0.0,34.0,observed,heavy
met_insituHT_CN-Din_2010-2020.nc,LWdown,0.0,38.2,observed,heavy
met_insituHT_CN-Din_2010-2020.nc,VPD,0.0,41.9,observed,heavy
met_insituHT_CN-Din_2010-2020.nc,PSurf,0.0,51.6,ERA-Interim,complete
met_insituHT_CN-Din_2010-2020.nc,Rainf,0.0,32.9,ERA-Interim,heavy
met_insituHT_CN-Din_2010-2020.nc,Wind,0.0,81.9,ERA-Interim,complete
met_insituHT_CN-Din_2010-2020.nc,Qair,0.0,41.9,observed,heavy
met_insituHT_CN-Din_2010-2020.nc,RH,0.0,41.4,ERA-Interim,heavy
met_insituHT_CN-Din_2010-2020.nc,CO2air,0.0,38.7,observed,heavy
met_insituHT_CN-Dmn_2013-2024.nc,Tair,0.0,2.4,ERA-Interim,mild
met_insituHT_CN-Dmn_2013-2024.nc,SWdown,0.0,2.9,ERA-Interim,mild
met_insituHT_CN-Dmn_2013-2024.nc,LWdown,0.0,2.3,ERA-Interim,mild
met_insituHT_CN-Dmn_2013-2024.nc,VPD,0.0,3.5,ERA-Interim,mild
met_insituHT_CN-Dmn_2013-2024.nc,PSurf,0.0,2.3,ERA-Interim,mild
met_insituHT_CN-Dmn_2013-2024.nc,Rainf,0.0,100.0,ERA-Interim,complete
met_insituHT_CN-Dmn_2013-2024.nc,Wind,0.0,8.8,ERA-Interim,mild
met_insituHT_CN-Dmn_2013-2024.nc,Qair,0.0,3.5,ERA-Interim,mild
met_insituHT_CN-Dmn_2013-2024.nc,RH,0.0,3.4,ERA-Interim,mild
met_insituHT_CN-Dmn_2013-2024.nc,CO2air,0.0,8.5,observed,mild
met_insituHT_CN-Dsh_2014-2024.nc,Tair,0.0,38.2,ERA-Interim,heavy
met_insituHT_CN-Dsh_2014-2024.nc,SWdown,0.0,22.2,ERA-Interim,medium
met_insituHT_CN-Dsh_2014-2024.nc,LWdown,0.0,39.2,ERA-Interim,heavy
met_insituHT_CN-Dsh_2014-2024.nc,VPD,0.0,38.3,ERA-Interim,heavy
met_insituHT_CN-Dsh_2014-2024.nc,PSurf,0.0,100.0,ERA-Interim,complete
met_insituHT_CN-Dsh_2014-2024.nc,Rainf,0.0,100.0,ERA-Interim,complete
met_insituHT_CN-Dsh_2014-2024.nc,Wind,0.0,44.7,ERA-Interim,heavy
met_insituHT_CN-Dsh_2014-2024.nc,Qair,0.0,38.3,ERA-Interim,heavy
met_insituHT_CN-Dsh_2014-2024.nc,RH,0.0,38.3,ERA-Interim,heavy
met_insituHT_CN-Dsh_2014-2024.nc,CO2air,0.0,53.5,observed,complete
met_insituHT_CN-Du2_2011-2019.nc,Tair,0.0,18.9,observed,medium
met_insituHT_CN-Du2_2011-2019.nc,SWdown,0.0,19.4,observed,medium
met_insituHT_CN-Du2_2011-2019.nc,LWdown,0.0,19.2,observed,medium
met_insituHT_CN-Du2_2011-2019.nc,VPD,0.0,18.9,observed,medium
met_insituHT_CN-Du2_2011-2019.nc,PSurf,0.0,18.9,ERA-Interim,medium
met_insituHT_CN-Du2_2011-2019.nc,Rainf,0.0,17.1,ERA-Interim,medium
met_insituHT_CN-Du2_2011-2019.nc,Wind,0.0,81.1,ERA-Interim,complete
met_insituHT_CN-Du2_2011-2019.nc,Qair,0.0,18.9,observed,medium
met_insituHT_CN-Du2_2011-2019.nc,RH,0.0,18.9,ERA-Interim,medium
met_insituHT_CN-Du2_2011-2019.nc,CO2air,0.0,24.0,observed,medium
met_insituHT_CN-Dzo_2010-2020.nc,Tair,0.0,22.0,observed,medium
met_insituHT_CN-Dzo_2010-2020.nc,SWdown,0.0,26.5,observed,heavy
met_insituHT_CN-Dzo_2010-2020.nc,LWdown,0.0,26.3,observed,heavy
met_insituHT_CN-Dzo_2010-2020.nc,VPD,0.0,34.4,observed,heavy
met_insituHT_CN-Dzo_2010-2020.nc,PSurf,0.0,24.6,ERA-Interim,medium
met_insituHT_CN-Dzo_2010-2020.nc,Rainf,0.0,38.7,ERA-Interim,heavy
met_insituHT_CN-Dzo_2010-2020.nc,Wind,0.0,45.0,ERA-Interim,heavy
met_insituHT_CN-Dzo_2010-2020.nc,Qair,0.0,34.4,observed,heavy
met_insituHT_CN-Dzo_2010-2020.nc,RH,0.0,34.2,ERA-Interim,heavy
met_insituHT_CN-Dzo_2010-2020.nc,CO2air,0.0,32.9,observed,heavy
met_insituHT_CN-Erg_2016-2019.nc,Tair,0.0,25.4,observed,heavy
met_insituHT_CN-Erg_2016-2019.nc,SWdown,0.0,26.0,observed,heavy
met_insituHT_CN-Erg_2016-2019.nc,LWdown,0.0,25.4,observed,heavy
met_insituHT_CN-Erg_2016-2019.nc,VPD,0.0,25.6,observed,heavy
met_insituHT_CN-Erg_2016-2019.nc,PSurf,0.0,100.0,ERA-Interim,complete
met_insituHT_CN-Erg_2016-2019.nc,Rainf,0.0,25.1,ERA-Interim,heavy
met_insituHT_CN-Erg_2016-2019.nc,Wind,0.0,100.0,ERA-Interim,complete
met_insituHT_CN-Erg_2016-2019.nc,Qair,0.0,25.6,observed,heavy
met_insituHT_CN-Erg_2016-2019.nc,RH,0.0,25.6,ERA-Interim,heavy
met_insituHT_CN-Erg_2016-2019.nc,CO2air,0.0,38.6,observed,heavy
met_insituHT_CN-GuT_2015-2017.nc,Tair,0.0,0.1,observed,mild
met_insituHT_CN-GuT_2015-2017.nc,SWdown,0.0,7.6,observed,mild
met_insituHT_CN-GuT_2015-2017.nc,LWdown,0.0,8.2,observed,mild
met_insituHT_CN-GuT_2015-2017.nc,VPD,0.0,0.8,observed,mild
met_insituHT_CN-GuT_2015-2017.nc,PSurf,0.0,100.0,ERA-Interim,complete
met_insituHT_CN-GuT_2015-2017.nc,Rainf,0.0,46.7,ERA-Interim,heavy
met_insituHT_CN-GuT_2015-2017.nc,Wind,0.0,8.1,ERA-Interim,mild
met_insituHT_CN-GuT_2015-2017.nc,Qair,0.0,0.8,observed,mild
met_insituHT_CN-GuT_2015-2017.nc,RH,0.0,0.8,ERA-Interim,mild
met_insituHT_CN-GuT_2015-2017.nc,CO2air,0.0,100.0,observed,complete
met_insituHT_CN-Ha2_2011-2019.nc,Tair,0.0,10.1,observed,medium
met_insituHT_CN-Ha2_2011-2019.nc,SWdown,0.0,7.3,observed,mild
met_insituHT_CN-Ha2_2011-2019.nc,LWdown,0.0,14.5,observed,medium
met_insituHT_CN-Ha2_2011-2019.nc,VPD,0.0,10.7,observed,medium
met_insituHT_CN-Ha2_2011-2019.nc,PSurf,0.0,100.0,ERA-Interim,complete
met_insituHT_CN-Ha2_2011-2019.nc,Rainf,0.0,21.6,ERA-Interim,medium
met_insituHT_CN-Ha2_2011-2019.nc,Wind,0.0,14.8,ERA-Interim,medium
met_insituHT_CN-Ha2_2011-2019.nc,Qair,0.0,10.7,observed,medium
met_insituHT_CN-Ha2_2011-2019.nc,RH,0.0,9.2,ERA-Interim,mild
met_insituHT_CN-Ha2_2011-2019.nc,CO2air,0.0,48.6,observed,heavy
met_insituHT_CN-HaM_2002-2014.nc,Tair,0.0,0.7,ERA-Interim,mild
met_insituHT_CN-HaM_2002-2014.nc,SWdown,0.0,2.1,ERA-Interim,mild
met_insituHT_CN-HaM_2002-2014.nc,LWdown,0.0,4.2,ERA-Interim,mild
met_insituHT_CN-HaM_2002-2014.nc,VPD,0.0,0.7,ERA-Interim,mild
met_insituHT_CN-HaM_2002-2014.nc,PSurf,0.0,92.4,ERA-Interim,complete
met_insituHT_CN-HaM_2002-2014.nc,Rainf,0.0,100.0,ERA-Interim,complete
met_insituHT_CN-HaM_2002-2014.nc,Wind,0.0,4.6,ERA-Interim,mild
met_insituHT_CN-HaM_2002-2014.nc,Qair,0.0,0.7,ERA-Interim,mild
met_insituHT_CN-HaM_2002-2014.nc,RH,0.0,0.7,ERA-Interim,mild
met_insituHT_CN-HaM_2002-2014.nc,CO2air,0.0,41.3,observed,heavy
met_insituHT_CN-HaW_2011-2018.nc,Tair,0.0,26.6,ERA-Interim,heavy
met_insituHT_CN-HaW_2011-2018.nc,SWdown,0.0,26.5,ERA-Interim,heavy
met_insituHT_CN-HaW_2011-2018.nc,LWdown,0.0,34.9,ERA-Interim,heavy
met_insituHT_CN-HaW_2011-2018.nc,VPD,0.0,28.2,ERA-Interim,heavy
met_insituHT_CN-HaW_2011-2018.nc,PSurf,0.0,40.5,ERA-Interim,heavy
met_insituHT_CN-HaW_2011-2018.nc,Rainf,0.0,32.4,ERA-Interim,heavy
met_insituHT_CN-HaW_2011-2018.nc,Wind,0.0,51.5,ERA-Interim,complete
met_insituHT_CN-HaW_2011-2018.nc,Qair,0.0,28.2,ERA-Interim,heavy
met_insituHT_CN-HaW_2011-2018.nc,RH,0.0,28.2,ERA-Interim,heavy
met_insituHT_CN-HaW_2011-2018.nc,CO2air,0.0,100.0,observed,complete
met_insituHT_CN-HeD_2020-2023.nc,Tair,0.0,0.6,ERA-Interim,mild
met_insituHT_CN-HeD_2020-2023.nc,SWdown,0.0,0.9,ERA-Interim,mild
met_insituHT_CN-HeD_2020-2023.nc,LWdown,0.0,0.6,ERA-Interim,mild
met_insituHT_CN-HeD_2020-2023.nc,VPD,0.0,0.6,ERA-Interim,mild
met_insituHT_CN-HeD_2020-2023.nc,PSurf,0.0,0.6,ERA-Interim,mild
met_insituHT_CN-HeD_2020-2023.nc,Rainf,0.0,100.0,ERA-Interim,complete
met_insituHT_CN-HeD_2020-2023.nc,Wind,0.0,0.7,ERA-Interim,mild
met_insituHT_CN-HeD_2020-2023.nc,Qair,0.0,0.6,ERA-Interim,mild
met_insituHT_CN-HeD_2020-2023.nc,RH,0.0,0.6,ERA-Interim,mild
met_insituHT_CN-HeD_2020-2023.nc,CO2air,0.0,14.0,observed,medium
met_insituHT_CN-HeM_2014-2024.nc,Tair,0.0,34.3,ERA-Interim,heavy
met_insituHT_CN-HeM_2014-2024.nc,SWdown,0.0,18.0,ERA-Interim,medium
met_insituHT_CN-HeM_2014-2024.nc,LWdown,0.0,34.3,ERA-Interim,heavy
met_insituHT_CN-HeM_2014-2024.nc,VPD,0.0,35.5,ERA-Interim,heavy
met_insituHT_CN-HeM_2014-2024.nc,PSurf,0.0,34.3,ERA-Interim,heavy
met_insituHT_CN-HeM_2014-2024.nc,Rainf,0.0,100.0,ERA-Interim,complete
met_insituHT_CN-HeM_2014-2024.nc,Wind,0.0,39.1,ERA-Interim,heavy
met_insituHT_CN-HeM_2014-2024.nc,Qair,0.0,35.5,ERA-Interim,heavy
met_insituHT_CN-HeM_2014-2024.nc,RH,0.0,35.5,ERA-Interim,heavy
met_insituHT_CN-HeM_2014-2024.nc,CO2air,0.0,43.2,observed,heavy
met_insituHT_CN-Huz_2016-2023.nc,Tair,0.0,34.9,ERA-Interim,heavy
met_insituHT_CN-Huz_2016-2023.nc,SWdown,0.0,19.3,ERA-Interim,medium
met_insituHT_CN-Huz_2016-2023.nc,LWdown,0.0,38.4,ERA-Interim,heavy
met_insituHT_CN-Huz_2016-2023.nc,VPD,0.0,34.9,ERA-Interim,heavy
met_insituHT_CN-Huz_2016-2023.nc,PSurf,0.0,34.9,ERA-Interim,heavy
met_insituHT_CN-Huz_2016-2023.nc,Rainf,0.0,100.0,ERA-Interim,complete
met_insituHT_CN-Huz_2016-2023.nc,Wind,0.0,34.7,ERA-Interim,heavy
met_insituHT_CN-Huz_2016-2023.nc,Qair,0.0,34.9,ERA-Interim,heavy
met_insituHT_CN-Huz_2016-2023.nc,RH,0.0,34.9,ERA-Interim,heavy
met_insituHT_CN-Huz_2016-2023.nc,CO2air,0.0,42.0,observed,heavy
met_insituHT_CN-Jng_2019-2024.nc,Tair,0.0,36.0,ERA-Interim,heavy
met_insituHT_CN-Jng_2019-2024.nc,SWdown,0.0,21.1,ERA-Interim,medium
met_insituHT_CN-Jng_2019-2024.nc,LWdown,0.0,39.1,ERA-Interim,heavy
met_insituHT_CN-Jng_2019-2024.nc,VPD,0.0,36.0,ERA-Interim,heavy
met_insituHT_CN-Jng_2019-2024.nc,PSurf,0.0,100.0,ERA-Interim,complete
met_insituHT_CN-Jng_2019-2024.nc,Rainf,0.0,100.0,ERA-Interim,complete
met_insituHT_CN-Jng_2019-2024.nc,Wind,0.0,43.5,ERA-Interim,heavy
met_insituHT_CN-Jng_2019-2024.nc,Qair,0.0,36.0,ERA-Interim,heavy
met_insituHT_CN-Jng_2019-2024.nc,RH,0.0,36.0,ERA-Interim,heavy
met_insituHT_CN-Jng_2019-2024.nc,CO2air,0.0,52.7,observed,complete
met_insituHT_CN-Jzh_2016-2016.nc,Tair,0.0,13.7,observed,medium
met_insituHT_CN-Jzh_2016-2016.nc,SWdown,0.0,15.6,observed,medium
met_insituHT_CN-Jzh_2016-2016.nc,LWdown,0.0,13.7,observed,medium
met_insituHT_CN-Jzh_2016-2016.nc,VPD,0.0,13.7,observed,medium
met_insituHT_CN-Jzh_2016-2016.nc,PSurf,0.0,100.0,ERA-Interim,complete
met_insituHT_CN-Jzh_2016-2016.nc,Rainf,0.0,13.7,ERA-Interim,medium
met_insituHT_CN-Jzh_2016-2016.nc,Wind,0.0,21.3,ERA-Interim,medium
met_insituHT_CN-Jzh_2016-2016.nc,Qair,0.0,13.7,observed,medium
met_insituHT_CN-Jzh_2016-2016.nc,RH,0.0,13.7,ERA-Interim,medium
met_insituHT_CN-Jzh_2016-2016.nc,CO2air,0.0,23.6,observed,medium
met_insituHT_CN-Lch_2017-2020.nc,Tair,0.0,25.6,observed,heavy
met_insituHT_CN-Lch_2017-2020.nc,SWdown,0.0,28.1,observed,heavy
met_insituHT_CN-Lch_2017-2020.nc,LWdown,0.0,28.0,observed,heavy
met_insituHT_CN-Lch_2017-2020.nc,VPD,0.0,25.7,observed,heavy
met_insituHT_CN-Lch_2017-2020.nc,PSurf,0.0,100.0,ERA-Interim,complete
met_insituHT_CN-Lch_2017-2020.nc,Rainf,0.0,28.3,ERA-Interim,heavy
met_insituHT_CN-Lch_2017-2020.nc,Wind,0.0,51.5,ERA-Interim,complete
met_insituHT_CN-Lch_2017-2020.nc,Qair,0.0,25.7,observed,heavy
met_insituHT_CN-Lch_2017-2020.nc,RH,0.0,25.5,ERA-Interim,heavy
met_insituHT_CN-Lch_2017-2020.nc,CO2air,0.0,51.8,observed,complete
met_insituHT_CN-Lsh_2003-2006.nc,Tair,0.0,0.5,ERA-Interim,mild
met_insituHT_CN-Lsh_2003-2006.nc,SWdown,0.0,0.7,observed,mild
met_insituHT_CN-Lsh_2003-2006.nc,LWdown,0.0,2.1,observed,mild
met_insituHT_CN-Lsh_2003-2006.nc,VPD,0.0,2.0,ERA-Interim,mild
met_insituHT_CN-Lsh_2003-2006.nc,PSurf,0.0,1.9,ERA-Interim,mild
met_insituHT_CN-Lsh_2003-2006.nc,Rainf,0.0,1.9,ERA-Interim,mild
met_insituHT_CN-Lsh_2003-2006.nc,Wind,0.0,34.3,ERA-Interim,heavy
met_insituHT_CN-Lsh_2003-2006.nc,Qair,0.0,2.0,ERA-Interim,mild
met_insituHT_CN-Lsh_2003-2006.nc,RH,0.0,2.0,ERA-Interim,mild
met_insituHT_CN-Lsh_2003-2006.nc,CO2air,0.0,19.7,observed,medium
met_insituHT_CN-Mxn_2015-2018.nc,Tair,0.0,52.6,observed,complete
met_insituHT_CN-Mxn_2015-2018.nc,SWdown,0.0,53.1,observed,complete
met_insituHT_CN-Mxn_2015-2018.nc,LWdown,0.0,67.6,ERA-Interim,complete
met_insituHT_CN-Mxn_2015-2018.nc,VPD,0.0,52.6,observed,complete
met_insituHT_CN-Mxn_2015-2018.nc,PSurf,0.0,67.6,ERA-Interim,complete
met_insituHT_CN-Mxn_2015-2018.nc,Rainf,0.0,75.5,ERA-Interim,complete
met_insituHT_CN-Mxn_2015-2018.nc,Wind,0.0,67.6,ERA-Interim,complete
met_insituHT_CN-Mxn_2015-2018.nc,Qair,0.0,52.6,observed,complete
met_insituHT_CN-Mxn_2015-2018.nc,RH,0.0,50.2,ERA-Interim,complete
met_insituHT_CN-Mxn_2015-2018.nc,CO2air,0.0,69.3,observed,complete
met_insituHT_CN-Nmn_2015-2019.nc,Tair,0.0,3.5,observed,mild
met_insituHT_CN-Nmn_2015-2019.nc,SWdown,0.0,7.8,observed,mild
met_insituHT_CN-Nmn_2015-2019.nc,LWdown,0.0,23.2,observed,medium
met_insituHT_CN-Nmn_2015-2019.nc,VPD,0.0,5.0,observed,mild
met_insituHT_CN-Nmn_2015-2019.nc,PSurf,0.0,100.0,ERA-Interim,complete
met_insituHT_CN-Nmn_2015-2019.nc,Rainf,0.0,31.0,ERA-Interim,heavy
met_insituHT_CN-Nmn_2015-2019.nc,Wind,0.0,10.5,ERA-Interim,medium
met_insituHT_CN-Nmn_2015-2019.nc,Qair,0.0,5.0,observed,mild
met_insituHT_CN-Nmn_2015-2019.nc,RH,0.0,4.2,ERA-Interim,mild
met_insituHT_CN-Nmn_2015-2019.nc,CO2air,0.0,12.1,observed,medium
met_insituHT_CN-Qng_2023-2023.nc,Tair,0.0,30.3,ERA-Interim,heavy
met_insituHT_CN-Qng_2023-2023.nc,SWdown,0.0,8.5,ERA-Interim,mild
met_insituHT_CN-Qng_2023-2023.nc,LWdown,0.0,100.0,ERA-Interim,complete
met_insituHT_CN-Qng_2023-2023.nc,VPD,0.0,30.3,ERA-Interim,heavy
met_insituHT_CN-Qng_2023-2023.nc,PSurf,0.0,31.3,ERA-Interim,heavy
met_insituHT_CN-Qng_2023-2023.nc,Rainf,0.0,100.0,ERA-Interim,complete
met_insituHT_CN-Qng_2023-2023.nc,Wind,0.0,41.7,ERA-Interim,heavy
met_insituHT_CN-Qng_2023-2023.nc,Qair,0.0,30.3,ERA-Interim,heavy
met_insituHT_CN-Qng_2023-2023.nc,RH,0.0,30.3,ERA-Interim,heavy
met_insituHT_CN-Qng_2023-2023.nc,CO2air,0.0,75.0,observed,complete
met_insituHT_CN-Sb1_2021-2024.nc,Tair,0.0,6.1,ERA-Interim,mild
met_insituHT_CN-Sb1_2021-2024.nc,SWdown,0.0,4.3,ERA-Interim,mild
met_insituHT_CN-Sb1_2021-2024.nc,LWdown,0.0,6.1,ERA-Interim,mild
met_insituHT_CN-Sb1_2021-2024.nc,VPD,0.0,11.6,ERA-Interim,medium
met_insituHT_CN-Sb1_2021-2024.nc,PSurf,0.0,6.1,ERA-Interim,mild
met_insituHT_CN-Sb1_2021-2024.nc,Rainf,0.0,100.0,ERA-Interim,complete
met_insituHT_CN-Sb1_2021-2024.nc,Wind,0.0,6.1,ERA-Interim,mild
met_insituHT_CN-Sb1_2021-2024.nc,Qair,0.0,11.6,ERA-Interim,medium
met_insituHT_CN-Sb1_2021-2024.nc,RH,0.0,11.6,ERA-Interim,medium
met_insituHT_CN-Sb1_2021-2024.nc,CO2air,0.0,6.2,observed,mild
met_insituHT_CN-Sb2_2021-2024.nc,Tair,0.0,7.5,ERA-Interim,mild
met_insituHT_CN-Sb2_2021-2024.nc,SWdown,0.0,5.9,ERA-Interim,mild
met_insituHT_CN-Sb2_2021-2024.nc,LWdown,0.0,7.5,ERA-Interim,mild
met_insituHT_CN-Sb2_2021-2024.nc,VPD,0.0,12.5,ERA-Interim,medium
met_insituHT_CN-Sb2_2021-2024.nc,PSurf,0.0,7.5,ERA-Interim,mild
met_insituHT_CN-Sb2_2021-2024.nc,Rainf,0.0,100.0,ERA-Interim,complete
met_insituHT_CN-Sb2_2021-2024.nc,Wind,0.0,7.5,ERA-Interim,mild
met_insituHT_CN-Sb2_2021-2024.nc,Qair,0.0,12.5,ERA-Interim,medium
met_insituHT_CN-Sb2_2021-2024.nc,RH,0.0,7.5,ERA-Interim,mild
met_insituHT_CN-Sb2_2021-2024.nc,CO2air,0.0,7.7,observed,mild
met_insituHT_CN-Sdq_2014-2024.nc,Tair,0.0,11.1,ERA-Interim,medium
met_insituHT_CN-Sdq_2014-2024.nc,SWdown,0.0,11.5,ERA-Interim,medium
met_insituHT_CN-Sdq_2014-2024.nc,LWdown,0.0,11.1,ERA-Interim,medium
met_insituHT_CN-Sdq_2014-2024.nc,VPD,0.0,11.1,ERA-Interim,medium
met_insituHT_CN-Sdq_2014-2024.nc,PSurf,0.0,14.4,ERA-Interim,medium
met_insituHT_CN-Sdq_2014-2024.nc,Rainf,0.0,100.0,ERA-Interim,complete
met_insituHT_CN-Sdq_2014-2024.nc,Wind,0.0,11.1,ERA-Interim,medium
met_insituHT_CN-Sdq_2014-2024.nc,Qair,0.0,11.1,ERA-Interim,medium
met_insituHT_CN-Sdq_2014-2024.nc,RH,0.0,11.1,ERA-Interim,medium
met_insituHT_CN-Sdq_2014-2024.nc,CO2air,0.0,10.4,observed,medium
met_insituHT_CN-SnB_2021-2021.nc,Tair,0.0,27.8,observed,heavy
met_insituHT_CN-SnB_2021-2021.nc,SWdown,0.0,17.0,observed,medium
met_insituHT_CN-SnB_2021-2021.nc,LWdown,0.0,100.0,ERA-Interim,complete
met_insituHT_CN-SnB_2021-2021.nc,VPD,0.0,30.3,observed,heavy
met_insituHT_CN-SnB_2021-2021.nc,PSurf,0.0,80.5,ERA-Interim,complete
met_insituHT_CN-SnB_2021-2021.nc,Rainf,0.0,23.5,ERA-Interim,medium
met_insituHT_CN-SnB_2021-2021.nc,Wind,0.0,57.5,ERA-Interim,complete
met_insituHT_CN-SnB_2021-2021.nc,Qair,0.0,30.3,observed,heavy
met_insituHT_CN-SnB_2021-2021.nc,RH,0.0,42.3,ERA-Interim,heavy
met_insituHT_CN-SnB_2021-2021.nc,CO2air,0.0,100.0,observed,complete
met_insituHT_CN-Wnb_2021-2021.nc,Tair,0.0,0.0,observed,mild
met_insituHT_CN-Wnb_2021-2021.nc,SWdown,0.0,0.8,observed,mild
met_insituHT_CN-Wnb_2021-2021.nc,LWdown,0.0,0.3,observed,mild
met_insituHT_CN-Wnb_2021-2021.nc,VPD,0.0,0.0,observed,mild
met_insituHT_CN-Wnb_2021-2021.nc,PSurf,0.0,100.0,ERA-Interim,complete
met_insituHT_CN-Wnb_2021-2021.nc,Rainf,0.0,0.0,observed,mild
met_insituHT_CN-Wnb_2021-2021.nc,Wind,0.0,9.7,ERA-Interim,mild
met_insituHT_CN-Wnb_2021-2021.nc,Qair,0.0,0.0,observed,mild
met_insituHT_CN-Wnb_2021-2021.nc,RH,0.0,0.0,ERA-Interim,mild
met_insituHT_CN-Wnb_2021-2021.nc,CO2air,0.0,11.6,observed,medium
met_insituHT_CN-Xi2_2011-2020.nc,Tair,0.0,20.8,observed,medium
met_insituHT_CN-Xi2_2011-2020.nc,SWdown,0.0,25.3,observed,heavy
met_insituHT_CN-Xi2_2011-2020.nc,LWdown,0.0,24.8,observed,medium
met_insituHT_CN-Xi2_2011-2020.nc,VPD,0.0,30.8,ERA-Interim,heavy
met_insituHT_CN-Xi2_2011-2020.nc,PSurf,0.0,26.5,ERA-Interim,heavy
met_insituHT_CN-Xi2_2011-2020.nc,Rainf,0.0,31.8,ERA-Interim,heavy
met_insituHT_CN-Xi2_2011-2020.nc,Wind,0.0,65.0,ERA-Interim,complete
met_insituHT_CN-Xi2_2011-2020.nc,Qair,0.0,30.8,ERA-Interim,heavy
met_insituHT_CN-Xi2_2011-2020.nc,RH,0.0,30.8,ERA-Interim,heavy
met_insituHT_CN-Xi2_2011-2020.nc,CO2air,0.0,100.0,observed,complete
met_insituHT_CN-YaS_2012-2020.nc,Tair,0.0,6.7,ERA-Interim,mild
met_insituHT_CN-YaS_2012-2020.nc,SWdown,0.0,7.1,ERA-Interim,mild
met_insituHT_CN-YaS_2012-2020.nc,LWdown,0.0,6.6,ERA-Interim,mild
met_insituHT_CN-YaS_2012-2020.nc,VPD,0.0,6.7,ERA-Interim,mild
met_insituHT_CN-YaS_2012-2020.nc,PSurf,0.0,5.9,ERA-Interim,mild
met_insituHT_CN-YaS_2012-2020.nc,Rainf,0.0,6.2,ERA-Interim,mild
met_insituHT_CN-YaS_2012-2020.nc,Wind,0.0,6.3,ERA-Interim,mild
met_insituHT_CN-YaS_2012-2020.nc,Qair,0.0,6.7,ERA-Interim,mild
met_insituHT_CN-YaS_2012-2020.nc,RH,0.0,6.7,ERA-Interim,mild
met_insituHT_CN-YaS_2012-2020.nc,CO2air,0.0,7.3,observed,mild
met_insituHT_CN-Yan_2016-2018.nc,Tair,0.0,20.0,ERA-Interim,medium
met_insituHT_CN-Yan_2016-2018.nc,SWdown,0.0,18.1,ERA-Interim,medium
met_insituHT_CN-Yan_2016-2018.nc,LWdown,0.0,24.4,ERA-Interim,medium
met_insituHT_CN-Yan_2016-2018.nc,VPD,0.0,20.0,ERA-Interim,medium
met_insituHT_CN-Yan_2016-2018.nc,PSurf,0.0,100.0,ERA-Interim,complete
met_insituHT_CN-Yan_2016-2018.nc,Rainf,0.0,33.5,ERA-Interim,heavy
met_insituHT_CN-Yan_2016-2018.nc,Wind,0.0,24.9,ERA-Interim,medium
met_insituHT_CN-Yan_2016-2018.nc,Qair,0.0,20.0,ERA-Interim,medium
met_insituHT_CN-Yan_2016-2018.nc,RH,0.0,20.0,ERA-Interim,medium
met_insituHT_CN-Yan_2016-2018.nc,CO2air,0.0,24.8,observed,medium
met_insituHT_CN-You_2015-2024.nc,Tair,0.0,38.6,observed,heavy
met_insituHT_CN-You_2015-2024.nc,SWdown,0.0,26.0,observed,heavy
met_insituHT_CN-You_2015-2024.nc,LWdown,0.0,41.0,observed,heavy
met_insituHT_CN-You_2015-2024.nc,VPD,0.0,38.6,observed,heavy
met_insituHT_CN-You_2015-2024.nc,PSurf,0.0,100.0,ERA-Interim,complete
met_insituHT_CN-You_2015-2024.nc,Rainf,0.0,100.0,ERA-Interim,complete
met_insituHT_CN-You_2015-2024.nc,Wind,0.0,43.3,ERA-Interim,heavy
met_insituHT_CN-You_2015-2024.nc,Qair,0.0,38.6,observed,heavy
met_insituHT_CN-You_2015-2024.nc,RH,0.0,38.6,ERA-Interim,heavy
met_insituHT_CN-You_2015-2024.nc,CO2air,0.0,57.5,observed,complete
met_insituHT_CN-Yuc_2015-2020.nc,Tair,0.0,16.8,observed,medium
met_insituHT_CN-Yuc_2015-2020.nc,SWdown,0.0,32.4,observed,heavy
met_insituHT_CN-Yuc_2015-2020.nc,LWdown,0.0,38.9,observed,heavy
met_insituHT_CN-Yuc_2015-2020.nc,VPD,0.0,16.8,observed,medium
met_insituHT_CN-Yuc_2015-2020.nc,PSurf,0.0,100.0,ERA-Interim,complete
met_insituHT_CN-Yuc_2015-2020.nc,Rainf,0.0,16.7,ERA-Interim,medium
met_insituHT_CN-Yuc_2015-2020.nc,Wind,0.0,40.2,ERA-Interim,heavy
met_insituHT_CN-Yuc_2015-2020.nc,Qair,0.0,16.8,observed,medium
met_insituHT_CN-Yuc_2015-2020.nc,RH,0.0,16.7,ERA-Interim,medium
met_insituHT_CN-Yuc_2015-2020.nc,CO2air,0.0,37.8,observed,heavy
met_insituHT_CN-Zha_2013-2024.nc,Tair,0.0,3.9,ERA-Interim,mild
met_insituHT_CN-Zha_2013-2024.nc,SWdown,0.0,1.5,ERA-Interim,mild
met_insituHT_CN-Zha_2013-2024.nc,LWdown,0.0,3.9,ERA-Interim,mild
met_insituHT_CN-Zha_2013-2024.nc,VPD,0.0,3.9,ERA-Interim,mild
met_insituHT_CN-Zha_2013-2024.nc,PSurf,0.0,4.0,ERA-Interim,mild
met_insituHT_CN-Zha_2013-2024.nc,Rainf,0.0,100.0,ERA-Interim,complete
met_insituHT_CN-Zha_2013-2024.nc,Wind,0.0,0.3,ERA-Interim,mild
met_insituHT_CN-Zha_2013-2024.nc,Qair,0.0,3.9,ERA-Interim,mild
met_insituHT_CN-Zha_2013-2024.nc,RH,0.0,3.9,ERA-Interim,mild
met_insituHT_CN-Zha_2013-2024.nc,CO2air,0.0,11.7,observed,medium
met_insituHT_CR-AqC_2010-2016.nc,Tair,0.0,0.0,observed,mild
met_insituHT_CR-AqC_2010-2016.nc,SWdown,0.0,0.0,observed,mild
met_insituHT_CR-AqC_2010-2016.nc,LWdown,0.0,100.0,ERA-Interim,complete
met_insituHT_CR-AqC_2010-2016.nc,VPD,0.0,0.0,observed,mild
met_insituHT_CR-AqC_2010-2016.nc,PSurf,0.0,12.3,ERA-Interim,medium
met_insituHT_CR-AqC_2010-2016.nc,Rainf,0.0,0.0,observed,mild
met_insituHT_CR-AqC_2010-2016.nc,Wind,0.0,15.3,ERA-Interim,medium
met_insituHT_CR-AqC_2010-2016.nc,Qair,0.0,0.0,observed,mild
met_insituHT_CR-AqC_2010-2016.nc,RH,0.0,0.0,observed,mild
met_insituHT_CR-AqC_2010-2016.nc,CO2air,0.0,63.8,observed,complete
met_insituHT_CR-Fsc_2015-2018.nc,Tair,0.0,0.0,observed,mild
met_insituHT_CR-Fsc_2015-2018.nc,SWdown,0.0,3.9,observed,mild
met_insituHT_CR-Fsc_2015-2018.nc,LWdown,0.0,73.0,ERA-Interim,complete
met_insituHT_CR-Fsc_2015-2018.nc,VPD,0.0,16.0,observed,medium
met_insituHT_CR-Fsc_2015-2018.nc,PSurf,0.0,16.0,ERA-Interim,medium
met_insituHT_CR-Fsc_2015-2018.nc,Rainf,0.0,3.4,ERA-Interim,mild
met_insituHT_CR-Fsc_2015-2018.nc,Wind,0.0,15.9,ERA-Interim,medium
met_insituHT_CR-Fsc_2015-2018.nc,Qair,0.0,16.0,observed,medium
met_insituHT_CR-Fsc_2015-2018.nc,RH,0.0,16.0,ERA-Interim,medium
met_insituHT_CR-Fsc_2015-2018.nc,CO2air,0.0,17.4,observed,medium
met_insituHT_CZ-BK1_2004-2025.nc,Tair,0.0,14.0,ERA-Interim,medium
met_insituHT_CZ-BK1_2004-2025.nc,SWdown,0.0,12.3,ERA-Interim,medium
met_insituHT_CZ-BK1_2004-2025.nc,LWdown,0.0,17.1,ERA-Interim,medium
met_insituHT_CZ-BK1_2004-2025.nc,VPD,0.0,17.3,ERA-Interim,medium
met_insituHT_CZ-BK1_2004-2025.nc,PSurf,0.0,46.9,ERA-Interim,heavy
met_insituHT_CZ-BK1_2004-2025.nc,Rainf,0.0,6.5,ERA-Interim,mild
met_insituHT_CZ-BK1_2004-2025.nc,Wind,0.0,7.4,ERA-Interim,mild
met_insituHT_CZ-BK1_2004-2025.nc,Qair,0.0,17.3,ERA-Interim,medium
met_insituHT_CZ-BK1_2004-2025.nc,RH,0.0,14.9,ERA-Interim,medium
met_insituHT_CZ-BK1_2004-2025.nc,CO2air,0.0,10.7,observed,medium
met_insituHT_CZ-BK2_2006-2012.nc,Tair,0.0,21.2,ERA-Interim,medium
met_insituHT_CZ-BK2_2006-2012.nc,SWdown,0.0,25.1,ERA-Interim,heavy
met_insituHT_CZ-BK2_2006-2012.nc,LWdown,0.0,35.6,ERA-Interim,heavy
met_insituHT_CZ-BK2_2006-2012.nc,VPD,0.0,21.5,ERA-Interim,medium
met_insituHT_CZ-BK2_2006-2012.nc,PSurf,0.0,64.6,ERA-Interim,complete
met_insituHT_CZ-BK2_2006-2012.nc,Rainf,0.0,49.4,ERA-Interim,heavy
met_insituHT_CZ-BK2_2006-2012.nc,Wind,0.0,24.5,ERA-Interim,medium
met_insituHT_CZ-BK2_2006-2012.nc,Qair,0.0,21.5,ERA-Interim,medium
met_insituHT_CZ-BK2_2006-2012.nc,RH,0.0,19.5,ERA-Interim,medium
met_insituHT_CZ-BK2_2006-2012.nc,CO2air,0.0,26.2,observed,heavy
met_insituHT_CZ-KrP_2014-2023.nc,Tair,0.0,0.8,observed,mild
met_insituHT_CZ-KrP_2014-2023.nc,SWdown,0.0,0.9,observed,mild
met_insituHT_CZ-KrP_2014-2023.nc,LWdown,0.0,1.1,observed,mild
met_insituHT_CZ-KrP_2014-2023.nc,VPD,0.0,4.0,observed,mild
met_insituHT_CZ-KrP_2014-2023.nc,PSurf,0.0,0.9,ERA-Interim,mild
met_insituHT_CZ-KrP_2014-2023.nc,Rainf,0.0,4.6,ERA-Interim,mild
met_insituHT_CZ-KrP_2014-2023.nc,Wind,0.0,2.7,ERA-Interim,mild
met_insituHT_CZ-KrP_2014-2023.nc,Qair,0.0,4.0,observed,mild
met_insituHT_CZ-KrP_2014-2023.nc,RH,0.0,3.8,ERA-Interim,mild
met_insituHT_CZ-KrP_2014-2023.nc,CO2air,0.0,2.0,observed,mild
met_insituHT_CZ-LnG_2020-2024.nc,Tair,0.0,0.6,ERA-Interim,mild
met_insituHT_CZ-LnG_2020-2024.nc,SWdown,0.0,0.9,ERA-Interim,mild
met_insituHT_CZ-LnG_2020-2024.nc,LWdown,0.0,1.1,ERA-Interim,mild
met_insituHT_CZ-LnG_2020-2024.nc,VPD,0.0,5.2,ERA-Interim,mild
met_insituHT_CZ-LnG_2020-2024.nc,PSurf,0.0,100.0,ERA-Interim,complete
met_insituHT_CZ-LnG_2020-2024.nc,Rainf,0.0,2.2,ERA-Interim,mild
met_insituHT_CZ-LnG_2020-2024.nc,Wind,0.0,2.8,ERA-Interim,mild
met_insituHT_CZ-LnG_2020-2024.nc,Qair,0.0,5.2,ERA-Interim,mild
met_insituHT_CZ-LnG_2020-2024.nc,RH,0.0,5.2,ERA-Interim,mild
met_insituHT_CZ-LnG_2020-2024.nc,CO2air,0.0,2.6,observed,mild
met_insituHT_CZ-Lnz_2015-2025.nc,Tair,0.0,10.2,observed,medium
met_insituHT_CZ-Lnz_2015-2025.nc,SWdown,0.0,6.1,observed,mild
met_insituHT_CZ-Lnz_2015-2025.nc,LWdown,0.0,6.3,observed,mild
met_insituHT_CZ-Lnz_2015-2025.nc,VPD,0.0,11.0,observed,medium
met_insituHT_CZ-Lnz_2015-2025.nc,PSurf,0.0,5.8,ERA-Interim,mild
met_insituHT_CZ-Lnz_2015-2025.nc,Rainf,0.0,9.9,ERA-Interim,mild
met_insituHT_CZ-Lnz_2015-2025.nc,Wind,0.0,7.5,ERA-Interim,mild
met_insituHT_CZ-Lnz_2015-2025.nc,Qair,0.0,11.0,observed,medium
met_insituHT_CZ-Lnz_2015-2025.nc,RH,0.0,10.9,ERA-Interim,medium
met_insituHT_CZ-Lnz_2015-2025.nc,CO2air,0.0,8.2,observed,mild
met_insituHT_CZ-RAJ_2012-2024.nc,Tair,0.0,0.0,observed,mild
met_insituHT_CZ-RAJ_2012-2024.nc,SWdown,0.0,0.3,observed,mild
met_insituHT_CZ-RAJ_2012-2024.nc,LWdown,0.0,0.0,observed,mild
met_insituHT_CZ-RAJ_2012-2024.nc,VPD,0.0,0.0,observed,mild
met_insituHT_CZ-RAJ_2012-2024.nc,PSurf,0.0,0.0,observed,mild
met_insituHT_CZ-RAJ_2012-2024.nc,Rainf,0.0,0.0,observed,mild
met_insituHT_CZ-RAJ_2012-2024.nc,Wind,0.0,3.9,ERA-Interim,mild
met_insituHT_CZ-RAJ_2012-2024.nc,Qair,0.0,0.0,observed,mild
met_insituHT_CZ-RAJ_2012-2024.nc,RH,0.0,0.0,observed,mild
met_insituHT_CZ-RAJ_2012-2024.nc,CO2air,0.0,5.4,observed,mild
met_insituHT_CZ-Stn_2010-2024.nc,Tair,0.0,2.2,observed,mild
met_insituHT_CZ-Stn_2010-2024.nc,SWdown,0.0,0.4,observed,mild
met_insituHT_CZ-Stn_2010-2024.nc,LWdown,0.0,2.2,observed,mild
met_insituHT_CZ-Stn_2010-2024.nc,VPD,0.0,2.4,observed,mild
met_insituHT_CZ-Stn_2010-2024.nc,PSurf,0.0,22.6,ERA-Interim,medium
met_insituHT_CZ-Stn_2010-2024.nc,Rainf,0.0,5.6,ERA-Interim,mild
met_insituHT_CZ-Stn_2010-2024.nc,Wind,0.0,4.6,ERA-Interim,mild
met_insituHT_CZ-Stn_2010-2024.nc,Qair,0.0,2.4,observed,mild
met_insituHT_CZ-Stn_2010-2024.nc,RH,0.0,0.7,ERA-Interim,mild
met_insituHT_CZ-Stn_2010-2024.nc,CO2air,0.0,5.2,observed,mild
met_insituHT_CZ-wet_2007-2025.nc,Tair,0.0,2.4,ERA-Interim,mild
met_insituHT_CZ-wet_2007-2025.nc,SWdown,0.0,0.6,ERA-Interim,mild
met_insituHT_CZ-wet_2007-2025.nc,LWdown,0.0,8.3,ERA-Interim,mild
met_insituHT_CZ-wet_2007-2025.nc,VPD,0.0,7.9,ERA-Interim,mild
met_insituHT_CZ-wet_2007-2025.nc,PSurf,0.0,18.3,ERA-Interim,medium
met_insituHT_CZ-wet_2007-2025.nc,Rainf,0.0,1.0,ERA-Interim,mild
met_insituHT_CZ-wet_2007-2025.nc,Wind,0.0,3.5,ERA-Interim,mild
met_insituHT_CZ-wet_2007-2025.nc,Qair,0.0,7.9,ERA-Interim,mild
met_insituHT_CZ-wet_2007-2025.nc,RH,0.0,7.9,ERA-Interim,mild
met_insituHT_CZ-wet_2007-2025.nc,CO2air,0.0,14.2,observed,medium
met_insituHT_DE-Akm_2010-2024.nc,Tair,0.0,22.9,ERA-Interim,medium
met_insituHT_DE-Akm_2010-2024.nc,SWdown,0.0,18.9,ERA-Interim,medium
met_insituHT_DE-Akm_2010-2024.nc,LWdown,0.0,21.0,ERA-Interim,medium
met_insituHT_DE-Akm_2010-2024.nc,VPD,0.0,23.8,ERA-Interim,medium
met_insituHT_DE-Akm_2010-2024.nc,PSurf,0.0,78.6,ERA-Interim,complete
met_insituHT_DE-Akm_2010-2024.nc,Rainf,0.0,100.0,ERA-Interim,complete
met_insituHT_DE-Akm_2010-2024.nc,Wind,0.0,52.4,ERA-Interim,complete
met_insituHT_DE-Akm_2010-2024.nc,Qair,0.0,23.8,ERA-Interim,medium
met_insituHT_DE-Akm_2010-2024.nc,RH,0.0,23.8,ERA-Interim,medium
met_insituHT_DE-Akm_2010-2024.nc,CO2air,0.0,57.0,observed,complete
met_insituHT_DE-Amv_2023-2025.nc,Tair,0.0,11.8,observed,medium
met_insituHT_DE-Amv_2023-2025.nc,SWdown,0.0,10.9,observed,medium
met_insituHT_DE-Amv_2023-2025.nc,LWdown,0.0,11.5,observed,medium
met_insituHT_DE-Amv_2023-2025.nc,VPD,0.0,11.8,observed,medium
met_insituHT_DE-Amv_2023-2025.nc,PSurf,0.0,100.0,ERA-Interim,complete
met_insituHT_DE-Amv_2023-2025.nc,Rainf,0.0,10.4,ERA-Interim,medium
met_insituHT_DE-Amv_2023-2025.nc,Wind,0.0,10.9,ERA-Interim,medium
met_insituHT_DE-Amv_2023-2025.nc,Qair,0.0,11.8,observed,medium
met_insituHT_DE-Amv_2023-2025.nc,RH,0.0,10.4,ERA-Interim,medium
met_insituHT_DE-Amv_2023-2025.nc,CO2air,0.0,11.4,observed,medium
met_insituHT_DE-Brs_2024-2025.nc,Tair,0.0,0.3,ERA-Interim,mild
met_insituHT_DE-Brs_2024-2025.nc,SWdown,0.0,0.5,ERA-Interim,mild
met_insituHT_DE-Brs_2024-2025.nc,LWdown,0.0,0.3,ERA-Interim,mild
met_insituHT_DE-Brs_2024-2025.nc,VPD,0.0,0.3,ERA-Interim,mild
met_insituHT_DE-Brs_2024-2025.nc,PSurf,0.0,0.3,ERA-Interim,mild
met_insituHT_DE-Brs_2024-2025.nc,Rainf,0.0,0.0,ERA-Interim,mild
met_insituHT_DE-Brs_2024-2025.nc,Wind,0.0,2.4,ERA-Interim,mild
met_insituHT_DE-Brs_2024-2025.nc,Qair,0.0,0.3,ERA-Interim,mild
met_insituHT_DE-Brs_2024-2025.nc,RH,0.0,0.3,ERA-Interim,mild
met_insituHT_DE-Brs_2024-2025.nc,CO2air,0.0,2.4,observed,mild
met_insituHT_DE-Etn_2024-2024.nc,Tair,0.0,37.5,ERA-Interim,heavy
met_insituHT_DE-Etn_2024-2024.nc,SWdown,0.0,36.9,ERA-Interim,heavy
met_insituHT_DE-Etn_2024-2024.nc,LWdown,0.0,37.5,ERA-Interim,heavy
met_insituHT_DE-Etn_2024-2024.nc,VPD,0.0,37.5,ERA-Interim,heavy
met_insituHT_DE-Etn_2024-2024.nc,PSurf,0.0,100.0,ERA-Interim,complete
met_insituHT_DE-Etn_2024-2024.nc,Rainf,0.0,100.0,ERA-Interim,complete
met_insituHT_DE-Etn_2024-2024.nc,Wind,0.0,100.0,ERA-Interim,complete
met_insituHT_DE-Etn_2024-2024.nc,Qair,0.0,37.5,ERA-Interim,heavy
met_insituHT_DE-Etn_2024-2024.nc,RH,0.0,37.5,ERA-Interim,heavy
met_insituHT_DE-Etn_2024-2024.nc,CO2air,0.0,46.7,observed,heavy
met_insituHT_DE-Fen_2024-2024.nc,Tair,0.0,0.0,ERA-Interim,mild
met_insituHT_DE-Fen_2024-2024.nc,SWdown,0.0,0.5,ERA-Interim,mild
met_insituHT_DE-Fen_2024-2024.nc,LWdown,0.0,100.0,ERA-Interim,complete
met_insituHT_DE-Fen_2024-2024.nc,VPD,0.0,0.0,ERA-Interim,mild
met_insituHT_DE-Fen_2024-2024.nc,PSurf,0.0,0.0,ERA-Interim,mild
met_insituHT_DE-Fen_2024-2024.nc,Rainf,0.0,0.1,ERA-Interim,mild
met_insituHT_DE-Fen_2024-2024.nc,Wind,0.0,20.5,ERA-Interim,medium
met_insituHT_DE-Fen_2024-2024.nc,Qair,0.0,0.0,ERA-Interim,mild
met_insituHT_DE-Fen_2024-2024.nc,RH,0.0,0.0,ERA-Interim,mild
met_insituHT_DE-Fen_2024-2024.nc,CO2air,0.0,41.9,observed,heavy
met_insituHT_DE-Geb_2021-2024.nc,Tair,0.0,3.2,ERA-Interim,mild
met_insituHT_DE-Geb_2021-2024.nc,SWdown,0.0,3.2,ERA-Interim,mild
met_insituHT_DE-Geb_2021-2024.nc,LWdown,0.0,4.2,ERA-Interim,mild
met_insituHT_DE-Geb_2021-2024.nc,VPD,0.0,4.1,ERA-Interim,mild
met_insituHT_DE-Geb_2021-2024.nc,PSurf,0.0,3.2,ERA-Interim,mild
met_insituHT_DE-Geb_2021-2024.nc,Rainf,0.0,6.1,ERA-Interim,mild
met_insituHT_DE-Geb_2021-2024.nc,Wind,0.0,10.9,ERA-Interim,medium
met_insituHT_DE-Geb_2021-2024.nc,Qair,0.0,4.1,ERA-Interim,mild
met_insituHT_DE-Geb_2021-2024.nc,RH,0.0,3.6,ERA-Interim,mild
met_insituHT_DE-Geb_2021-2024.nc,CO2air,0.0,11.9,observed,medium
met_insituHT_DE-Gri_2004-2024.nc,Tair,0.0,1.7,observed,mild
met_insituHT_DE-Gri_2004-2024.nc,SWdown,0.0,1.7,observed,mild
met_insituHT_DE-Gri_2004-2024.nc,LWdown,0.0,14.6,ERA-Interim,medium
met_insituHT_DE-Gri_2004-2024.nc,VPD,0.0,1.8,observed,mild
met_insituHT_DE-Gri_2004-2024.nc,PSurf,0.0,95.3,ERA-Interim,complete
met_insituHT_DE-Gri_2004-2024.nc,Rainf,0.0,3.4,ERA-Interim,mild
met_insituHT_DE-Gri_2004-2024.nc,Wind,0.0,4.5,ERA-Interim,mild
met_insituHT_DE-Gri_2004-2024.nc,Qair,0.0,1.8,observed,mild
met_insituHT_DE-Gri_2004-2024.nc,RH,0.0,1.7,ERA-Interim,mild
met_insituHT_DE-Gri_2004-2024.nc,CO2air,0.0,9.6,observed,mild
met_insituHT_DE-GsB_2015-2023.nc,Tair,0.0,0.5,observed,mild
met_insituHT_DE-GsB_2015-2023.nc,SWdown,0.0,0.4,observed,mild
met_insituHT_DE-GsB_2015-2023.nc,LWdown,0.0,0.5,observed,mild
met_insituHT_DE-GsB_2015-2023.nc,VPD,0.0,1.5,observed,mild
met_insituHT_DE-GsB_2015-2023.nc,PSurf,0.0,1.3,ERA-Interim,mild
met_insituHT_DE-GsB_2015-2023.nc,Rainf,0.0,1.2,ERA-Interim,mild
met_insituHT_DE-GsB_2015-2023.nc,Wind,0.0,2.4,ERA-Interim,mild
met_insituHT_DE-GsB_2015-2023.nc,Qair,0.0,1.5,observed,mild
met_insituHT_DE-GsB_2015-2023.nc,RH,0.0,1.5,ERA-Interim,mild
met_insituHT_DE-GsB_2015-2023.nc,CO2air,0.0,18.7,observed,medium
met_insituHT_DE-Gwg_2024-2024.nc,Tair,0.0,0.0,ERA-Interim,mild
met_insituHT_DE-Gwg_2024-2024.nc,SWdown,0.0,2.0,ERA-Interim,mild
met_insituHT_DE-Gwg_2024-2024.nc,LWdown,0.0,100.0,ERA-Interim,complete
met_insituHT_DE-Gwg_2024-2024.nc,VPD,0.0,0.0,ERA-Interim,mild
met_insituHT_DE-Gwg_2024-2024.nc,PSurf,0.0,0.0,ERA-Interim,mild
met_insituHT_DE-Gwg_2024-2024.nc,Rainf,0.0,0.1,ERA-Interim,mild
met_insituHT_DE-Gwg_2024-2024.nc,Wind,0.0,17.1,ERA-Interim,medium
met_insituHT_DE-Gwg_2024-2024.nc,Qair,0.0,0.0,ERA-Interim,mild
met_insituHT_DE-Gwg_2024-2024.nc,RH,0.0,0.0,ERA-Interim,mild
met_insituHT_DE-Gwg_2024-2024.nc,CO2air,0.0,47.0,observed,heavy
met_insituHT_DE-Hai_2000-2024.nc,Tair,0.0,5.8,observed,mild
met_insituHT_DE-Hai_2000-2024.nc,SWdown,0.0,4.1,observed,mild
met_insituHT_DE-Hai_2000-2024.nc,LWdown,0.0,4.7,observed,mild
met_insituHT_DE-Hai_2000-2024.nc,VPD,0.0,9.2,observed,mild
met_insituHT_DE-Hai_2000-2024.nc,PSurf,0.0,4.9,ERA-Interim,mild
met_insituHT_DE-Hai_2000-2024.nc,Rainf,0.0,7.1,ERA-Interim,mild
met_insituHT_DE-Hai_2000-2024.nc,Wind,0.0,16.1,ERA-Interim,medium
met_insituHT_DE-Hai_2000-2024.nc,Qair,0.0,9.2,observed,mild
met_insituHT_DE-Hai_2000-2024.nc,RH,0.0,7.3,ERA-Interim,mild
met_insituHT_DE-Hai_2000-2024.nc,CO2air,0.0,17.1,observed,medium
met_insituHT_DE-Har_2020-2024.nc,Tair,0.0,2.9,observed,mild
met_insituHT_DE-Har_2020-2024.nc,SWdown,0.0,1.5,observed,mild
met_insituHT_DE-Har_2020-2024.nc,LWdown,0.0,2.8,observed,mild
met_insituHT_DE-Har_2020-2024.nc,VPD,0.0,2.9,observed,mild
met_insituHT_DE-Har_2020-2024.nc,PSurf,0.0,0.0,ERA-Interim,mild
met_insituHT_DE-Har_2020-2024.nc,Rainf,0.0,0.9,ERA-Interim,mild
met_insituHT_DE-Har_2020-2024.nc,Wind,0.0,12.7,ERA-Interim,medium
met_insituHT_DE-Har_2020-2024.nc,Qair,0.0,2.9,observed,mild
met_insituHT_DE-Har_2020-2024.nc,RH,0.0,2.6,ERA-Interim,mild
met_insituHT_DE-Har_2020-2024.nc,CO2air,0.0,12.7,observed,medium
met_insituHT_DE-Hdn_2021-2022.nc,Tair,0.0,0.3,ERA-Interim,mild
met_insituHT_DE-Hdn_2021-2022.nc,SWdown,0.0,0.7,ERA-Interim,mild
met_insituHT_DE-Hdn_2021-2022.nc,LWdown,0.0,0.4,ERA-Interim,mild
met_insituHT_DE-Hdn_2021-2022.nc,VPD,0.0,0.3,ERA-Interim,mild
met_insituHT_DE-Hdn_2021-2022.nc,PSurf,0.0,0.3,ERA-Interim,mild
met_insituHT_DE-Hdn_2021-2022.nc,Rainf,0.0,100.0,ERA-Interim,complete
met_insituHT_DE-Hdn_2021-2022.nc,Wind,0.0,1.0,ERA-Interim,mild
met_insituHT_DE-Hdn_2021-2022.nc,Qair,0.0,0.3,ERA-Interim,mild
met_insituHT_DE-Hdn_2021-2022.nc,RH,0.0,0.3,ERA-Interim,mild
met_insituHT_DE-Hdn_2021-2022.nc,CO2air,0.0,2.8,observed,mild
met_insituHT_DE-HoH_2015-2025.nc,Tair,0.0,4.2,observed,mild
met_insituHT_DE-HoH_2015-2025.nc,SWdown,0.0,2.4,observed,mild
met_insituHT_DE-HoH_2015-2025.nc,LWdown,0.0,3.2,observed,mild
met_insituHT_DE-HoH_2015-2025.nc,VPD,0.0,4.6,observed,mild
met_insituHT_DE-HoH_2015-2025.nc,PSurf,0.0,4.5,ERA-Interim,mild
met_insituHT_DE-HoH_2015-2025.nc,Rainf,0.0,5.9,ERA-Interim,mild
met_insituHT_DE-HoH_2015-2025.nc,Wind,0.0,11.8,ERA-Interim,medium
met_insituHT_DE-HoH_2015-2025.nc,Qair,0.0,4.6,observed,mild
met_insituHT_DE-HoH_2015-2025.nc,RH,0.0,4.0,ERA-Interim,mild
met_insituHT_DE-HoH_2015-2025.nc,CO2air,0.0,18.6,observed,medium
met_insituHT_DE-Hte_2009-2017.nc,Tair,0.0,2.1,observed,mild
met_insituHT_DE-Hte_2009-2017.nc,SWdown,0.0,0.5,observed,mild
met_insituHT_DE-Hte_2009-2017.nc,LWdown,0.0,100.0,ERA-Interim,complete
met_insituHT_DE-Hte_2009-2017.nc,VPD,0.0,2.1,observed,mild
met_insituHT_DE-Hte_2009-2017.nc,PSurf,0.0,31.9,ERA-Interim,heavy
met_insituHT_DE-Hte_2009-2017.nc,Rainf,0.0,2.1,ERA-Interim,mild
met_insituHT_DE-Hte_2009-2017.nc,Wind,0.0,22.6,ERA-Interim,medium
met_insituHT_DE-Hte_2009-2017.nc,Qair,0.0,2.1,observed,mild
met_insituHT_DE-Hte_2009-2017.nc,RH,0.0,2.1,ERA-Interim,mild
met_insituHT_DE-Hte_2009-2017.nc,CO2air,0.0,31.5,observed,heavy
met_insituHT_DE-Hzd_2022-2024.nc,Tair,0.0,13.6,observed,medium
met_insituHT_DE-Hzd_2022-2024.nc,SWdown,0.0,10.3,observed,medium
met_insituHT_DE-Hzd_2022-2024.nc,LWdown,0.0,13.6,observed,medium
met_insituHT_DE-Hzd_2022-2024.nc,VPD,0.0,13.8,observed,medium
met_insituHT_DE-Hzd_2022-2024.nc,PSurf,0.0,100.0,ERA-Interim,complete
met_insituHT_DE-Hzd_2022-2024.nc,Rainf,0.0,100.0,ERA-Interim,complete
met_insituHT_DE-Hzd_2022-2024.nc,Wind,0.0,20.1,ERA-Interim,medium
met_insituHT_DE-Hzd_2022-2024.nc,Qair,0.0,13.8,observed,medium
met_insituHT_DE-Hzd_2022-2024.nc,RH,0.0,13.8,ERA-Interim,medium
met_insituHT_DE-Hzd_2022-2024.nc,CO2air,0.0,28.5,observed,heavy
met_insituHT_DE-Kli_2018-2024.nc,Tair,0.0,2.0,observed,mild
met_insituHT_DE-Kli_2018-2024.nc,SWdown,0.0,1.8,observed,mild
met_insituHT_DE-Kli_2018-2024.nc,LWdown,0.0,2.0,observed,mild
met_insituHT_DE-Kli_2018-2024.nc,VPD,0.0,2.2,observed,mild
met_insituHT_DE-Kli_2018-2024.nc,PSurf,0.0,100.0,ERA-Interim,complete
met_insituHT_DE-Kli_2018-2024.nc,Rainf,0.0,6.8,ERA-Interim,mild
met_insituHT_DE-Kli_2018-2024.nc,Wind,0.0,5.7,ERA-Interim,mild
met_insituHT_DE-Kli_2018-2024.nc,Qair,0.0,2.2,observed,mild
met_insituHT_DE-Kli_2018-2024.nc,RH,0.0,2.2,ERA-Interim,mild
met_insituHT_DE-Kli_2018-2024.nc,CO2air,0.0,3.8,observed,mild
met_insituHT_DE-Lkb_2010-2013.nc,Tair,0.0,9.9,ERA-Interim,mild
met_insituHT_DE-Lkb_2010-2013.nc,SWdown,0.0,10.4,ERA-Interim,medium
met_insituHT_DE-Lkb_2010-2013.nc,LWdown,0.0,26.3,ERA-Interim,heavy
met_insituHT_DE-Lkb_2010-2013.nc,VPD,0.0,9.9,ERA-Interim,mild
met_insituHT_DE-Lkb_2010-2013.nc,PSurf,0.0,9.9,ERA-Interim,mild
met_insituHT_DE-Lkb_2010-2013.nc,Rainf,0.0,100.0,ERA-Interim,complete
met_insituHT_DE-Lkb_2010-2013.nc,Wind,0.0,66.0,ERA-Interim,complete
met_insituHT_DE-Lkb_2010-2013.nc,Qair,0.0,9.9,ERA-Interim,mild
met_insituHT_DE-Lkb_2010-2013.nc,RH,0.0,9.9,ERA-Interim,mild
met_insituHT_DE-Lkb_2010-2013.nc,CO2air,0.0,63.2,observed,complete
met_insituHT_DE-Lnf_2003-2024.nc,Tair,0.0,19.4,ERA-Interim,medium
met_insituHT_DE-Lnf_2003-2024.nc,SWdown,0.0,19.3,ERA-Interim,medium
met_insituHT_DE-Lnf_2003-2024.nc,LWdown,0.0,19.4,ERA-Interim,medium
met_insituHT_DE-Lnf_2003-2024.nc,VPD,0.0,28.3,ERA-Interim,heavy
met_insituHT_DE-Lnf_2003-2024.nc,PSurf,0.0,27.5,ERA-Interim,heavy
met_insituHT_DE-Lnf_2003-2024.nc,Rainf,0.0,20.9,ERA-Interim,medium
met_insituHT_DE-Lnf_2003-2024.nc,Wind,0.0,22.1,ERA-Interim,medium
met_insituHT_DE-Lnf_2003-2024.nc,Qair,0.0,28.3,ERA-Interim,heavy
met_insituHT_DE-Lnf_2003-2024.nc,RH,0.0,28.3,ERA-Interim,heavy
met_insituHT_DE-Lnf_2003-2024.nc,CO2air,0.0,27.5,observed,heavy
met_insituHT_DE-Msr_2021-2024.nc,Tair,0.0,5.9,ERA-Interim,mild
met_insituHT_DE-Msr_2021-2024.nc,SWdown,0.0,27.2,ERA-Interim,heavy
met_insituHT_DE-Msr_2021-2024.nc,LWdown,0.0,51.7,ERA-Interim,complete
met_insituHT_DE-Msr_2021-2024.nc,VPD,0.0,5.9,ERA-Interim,mild
met_insituHT_DE-Msr_2021-2024.nc,PSurf,0.0,26.8,ERA-Interim,heavy
met_insituHT_DE-Msr_2021-2024.nc,Rainf,0.0,40.7,ERA-Interim,heavy
met_insituHT_DE-Msr_2021-2024.nc,Wind,0.0,26.8,ERA-Interim,heavy
met_insituHT_DE-Msr_2021-2024.nc,Qair,0.0,5.9,ERA-Interim,mild
met_insituHT_DE-Msr_2021-2024.nc,RH,0.0,5.8,ERA-Interim,mild
met_insituHT_DE-Msr_2021-2024.nc,CO2air,0.0,29.0,observed,heavy
met_insituHT_DE-Obe_2009-2024.nc,Tair,0.0,1.3,observed,mild
met_insituHT_DE-Obe_2009-2024.nc,SWdown,0.0,1.4,observed,mild
met_insituHT_DE-Obe_2009-2024.nc,LWdown,0.0,1.3,observed,mild
met_insituHT_DE-Obe_2009-2024.nc,VPD,0.0,4.4,observed,mild
met_insituHT_DE-Obe_2009-2024.nc,PSurf,0.0,50.1,ERA-Interim,complete
met_insituHT_DE-Obe_2009-2024.nc,Rainf,0.0,3.9,ERA-Interim,mild
met_insituHT_DE-Obe_2009-2024.nc,Wind,0.0,7.9,ERA-Interim,mild
met_insituHT_DE-Obe_2009-2024.nc,Qair,0.0,4.4,observed,mild
met_insituHT_DE-Obe_2009-2024.nc,RH,0.0,4.3,ERA-Interim,mild
met_insituHT_DE-Obe_2009-2024.nc,CO2air,0.0,8.9,observed,mild
met_insituHT_DE-Rns_2022-2024.nc,Tair,0.0,2.6,ERA-Interim,mild
met_insituHT_DE-Rns_2022-2024.nc,SWdown,0.0,2.4,ERA-Interim,mild
met_insituHT_DE-Rns_2022-2024.nc,LWdown,0.0,2.8,ERA-Interim,mild
met_insituHT_DE-Rns_2022-2024.nc,VPD,0.0,2.6,ERA-Interim,mild
met_insituHT_DE-Rns_2022-2024.nc,PSurf,0.0,2.9,ERA-Interim,mild
met_insituHT_DE-Rns_2022-2024.nc,Rainf,0.0,0.3,ERA-Interim,mild
met_insituHT_DE-Rns_2022-2024.nc,Wind,0.0,4.1,ERA-Interim,mild
met_insituHT_DE-Rns_2022-2024.nc,Qair,0.0,2.6,ERA-Interim,mild
met_insituHT_DE-Rns_2022-2024.nc,RH,0.0,2.6,ERA-Interim,mild
met_insituHT_DE-Rns_2022-2024.nc,CO2air,0.0,10.1,observed,medium
met_insituHT_DE-RuC_2014-2024.nc,Tair,0.0,4.2,ERA-Interim,mild
met_insituHT_DE-RuC_2014-2024.nc,SWdown,0.0,2.4,ERA-Interim,mild
met_insituHT_DE-RuC_2014-2024.nc,LWdown,0.0,3.5,ERA-Interim,mild
met_insituHT_DE-RuC_2014-2024.nc,VPD,0.0,10.2,ERA-Interim,medium
met_insituHT_DE-RuC_2014-2024.nc,PSurf,0.0,2.8,ERA-Interim,mild
met_insituHT_DE-RuC_2014-2024.nc,Rainf,0.0,2.7,ERA-Interim,mild
met_insituHT_DE-RuC_2014-2024.nc,Wind,0.0,22.2,ERA-Interim,medium
met_insituHT_DE-RuC_2014-2024.nc,Qair,0.0,10.2,ERA-Interim,medium
met_insituHT_DE-RuC_2014-2024.nc,RH,0.0,8.7,ERA-Interim,mild
met_insituHT_DE-RuC_2014-2024.nc,CO2air,0.0,37.0,observed,heavy
met_insituHT_DE-RuM_2012-2018.nc,Tair,0.0,6.7,ERA-Interim,mild
met_insituHT_DE-RuM_2012-2018.nc,SWdown,0.0,7.0,ERA-Interim,mild
met_insituHT_DE-RuM_2012-2018.nc,LWdown,0.0,31.0,ERA-Interim,heavy
met_insituHT_DE-RuM_2012-2018.nc,VPD,0.0,7.6,ERA-Interim,mild
met_insituHT_DE-RuM_2012-2018.nc,PSurf,0.0,39.7,ERA-Interim,heavy
met_insituHT_DE-RuM_2012-2018.nc,Rainf,0.0,13.6,ERA-Interim,medium
met_insituHT_DE-RuM_2012-2018.nc,Wind,0.0,12.3,ERA-Interim,medium
met_insituHT_DE-RuM_2012-2018.nc,Qair,0.0,7.6,ERA-Interim,mild
met_insituHT_DE-RuM_2012-2018.nc,RH,0.0,7.2,ERA-Interim,mild
met_insituHT_DE-RuM_2012-2018.nc,CO2air,0.0,25.6,observed,heavy
met_insituHT_DE-RuR_2012-2024.nc,Tair,0.0,0.4,ERA-Interim,mild
met_insituHT_DE-RuR_2012-2024.nc,SWdown,0.0,0.9,ERA-Interim,mild
met_insituHT_DE-RuR_2012-2024.nc,LWdown,0.0,1.3,ERA-Interim,mild
met_insituHT_DE-RuR_2012-2024.nc,VPD,0.0,0.6,ERA-Interim,mild
met_insituHT_DE-RuR_2012-2024.nc,PSurf,0.0,0.4,ERA-Interim,mild
met_insituHT_DE-RuR_2012-2024.nc,Rainf,0.0,0.4,ERA-Interim,mild
met_insituHT_DE-RuR_2012-2024.nc,Wind,0.0,10.5,ERA-Interim,medium
met_insituHT_DE-RuR_2012-2024.nc,Qair,0.0,0.6,ERA-Interim,mild
met_insituHT_DE-RuR_2012-2024.nc,RH,0.0,0.5,ERA-Interim,mild
met_insituHT_DE-RuR_2012-2024.nc,CO2air,0.0,30.9,observed,heavy
met_insituHT_DE-RuS_2012-2024.nc,Tair,0.0,8.2,ERA-Interim,mild
met_insituHT_DE-RuS_2012-2024.nc,SWdown,0.0,8.2,ERA-Interim,mild
met_insituHT_DE-RuS_2012-2024.nc,LWdown,0.0,10.0,ERA-Interim,mild
met_insituHT_DE-RuS_2012-2024.nc,VPD,0.0,10.2,ERA-Interim,medium
met_insituHT_DE-RuS_2012-2024.nc,PSurf,0.0,8.2,ERA-Interim,mild
met_insituHT_DE-RuS_2012-2024.nc,Rainf,0.0,9.2,ERA-Interim,mild
met_insituHT_DE-RuS_2012-2024.nc,Wind,0.0,10.8,ERA-Interim,medium
met_insituHT_DE-RuS_2012-2024.nc,Qair,0.0,10.2,ERA-Interim,medium
met_insituHT_DE-RuS_2012-2024.nc,RH,0.0,9.5,ERA-Interim,mild
met_insituHT_DE-RuS_2012-2024.nc,CO2air,0.0,25.0,observed,medium
met_insituHT_DE-RuW_2012-2024.nc,Tair,0.0,11.3,ERA-Interim,medium
met_insituHT_DE-RuW_2012-2024.nc,SWdown,0.0,21.8,observed,medium
met_insituHT_DE-RuW_2012-2024.nc,LWdown,0.0,8.0,ERA-Interim,mild
met_insituHT_DE-RuW_2012-2024.nc,VPD,0.0,16.9,ERA-Interim,medium
met_insituHT_DE-RuW_2012-2024.nc,PSurf,0.0,4.2,ERA-Interim,mild
met_insituHT_DE-RuW_2012-2024.nc,Rainf,0.0,2.7,ERA-Interim,mild
met_insituHT_DE-RuW_2012-2024.nc,Wind,0.0,27.7,ERA-Interim,heavy
met_insituHT_DE-RuW_2012-2024.nc,Qair,0.0,16.9,ERA-Interim,medium
met_insituHT_DE-RuW_2012-2024.nc,RH,0.0,12.8,ERA-Interim,medium
met_insituHT_DE-RuW_2012-2024.nc,CO2air,0.0,37.7,observed,heavy
met_insituHT_DE-SbM_2023-2024.nc,Tair,0.0,30.8,ERA-Interim,heavy
met_insituHT_DE-SbM_2023-2024.nc,SWdown,0.0,19.6,observed,medium
met_insituHT_DE-SbM_2023-2024.nc,LWdown,0.0,27.0,observed,heavy
met_insituHT_DE-SbM_2023-2024.nc,VPD,0.0,38.2,ERA-Interim,heavy
met_insituHT_DE-SbM_2023-2024.nc,PSurf,0.0,32.9,ERA-Interim,heavy
met_insituHT_DE-SbM_2023-2024.nc,Rainf,0.0,100.0,ERA-Interim,complete
met_insituHT_DE-SbM_2023-2024.nc,Wind,0.0,25.8,ERA-Interim,heavy
met_insituHT_DE-SbM_2023-2024.nc,Qair,0.0,38.2,ERA-Interim,heavy
met_insituHT_DE-SbM_2023-2024.nc,RH,0.0,38.2,ERA-Interim,heavy
met_insituHT_DE-SbM_2023-2024.nc,CO2air,0.0,32.2,observed,heavy
met_insituHT_DE-Seh_2008-2009.nc,Tair,0.0,3.3,ERA-Interim,mild
met_insituHT_DE-Seh_2008-2009.nc,SWdown,0.0,3.0,ERA-Interim,mild
met_insituHT_DE-Seh_2008-2009.nc,LWdown,0.0,100.0,ERA-Interim,complete
met_insituHT_DE-Seh_2008-2009.nc,VPD,0.0,3.3,ERA-Interim,mild
met_insituHT_DE-Seh_2008-2009.nc,PSurf,0.0,3.4,ERA-Interim,mild
met_insituHT_DE-Seh_2008-2009.nc,Rainf,0.0,3.3,ERA-Interim,mild
met_insituHT_DE-Seh_2008-2009.nc,Wind,0.0,9.9,ERA-Interim,mild
met_insituHT_DE-Seh_2008-2009.nc,Qair,0.0,3.3,ERA-Interim,mild
met_insituHT_DE-Seh_2008-2009.nc,RH,0.0,3.3,ERA-Interim,mild
met_insituHT_DE-Seh_2008-2009.nc,CO2air,0.0,24.2,observed,medium
met_insituHT_DE-SfS_2011-2019.nc,Tair,0.0,0.8,ERA-Interim,mild
met_insituHT_DE-SfS_2011-2019.nc,SWdown,0.0,0.1,ERA-Interim,mild
met_insituHT_DE-SfS_2011-2019.nc,LWdown,0.0,100.0,ERA-Interim,complete
met_insituHT_DE-SfS_2011-2019.nc,VPD,0.0,30.8,ERA-Interim,heavy
met_insituHT_DE-SfS_2011-2019.nc,PSurf,0.0,21.5,ERA-Interim,medium
met_insituHT_DE-SfS_2011-2019.nc,Rainf,0.0,100.0,ERA-Interim,complete
met_insituHT_DE-SfS_2011-2019.nc,Wind,0.0,12.3,ERA-Interim,medium
met_insituHT_DE-SfS_2011-2019.nc,Qair,0.0,30.8,ERA-Interim,heavy
met_insituHT_DE-SfS_2011-2019.nc,RH,0.0,30.8,ERA-Interim,heavy
met_insituHT_DE-SfS_2011-2019.nc,CO2air,0.0,21.3,observed,medium
met_insituHT_DE-Spw_2011-2014.nc,Tair,0.0,6.0,ERA-Interim,mild
met_insituHT_DE-Spw_2011-2014.nc,SWdown,0.0,6.0,ERA-Interim,mild
met_insituHT_DE-Spw_2011-2014.nc,LWdown,0.0,6.0,ERA-Interim,mild
met_insituHT_DE-Spw_2011-2014.nc,VPD,0.0,6.0,ERA-Interim,mild
met_insituHT_DE-Spw_2011-2014.nc,PSurf,0.0,87.9,ERA-Interim,complete
met_insituHT_DE-Spw_2011-2014.nc,Rainf,0.0,100.0,ERA-Interim,complete
met_insituHT_DE-Spw_2011-2014.nc,Wind,0.0,9.1,ERA-Interim,mild
met_insituHT_DE-Spw_2011-2014.nc,Qair,0.0,6.0,ERA-Interim,mild
met_insituHT_DE-Spw_2011-2014.nc,RH,0.0,6.0,ERA-Interim,mild
met_insituHT_DE-Spw_2011-2014.nc,CO2air,0.0,14.7,observed,medium
met_insituHT_DE-Tha_1997-2024.nc,Tair,0.0,1.5,observed,mild
met_insituHT_DE-Tha_1997-2024.nc,SWdown,0.0,1.1,observed,mild
met_insituHT_DE-Tha_1997-2024.nc,LWdown,0.0,27.1,ERA-Interim,heavy
met_insituHT_DE-Tha_1997-2024.nc,VPD,0.0,4.4,observed,mild
met_insituHT_DE-Tha_1997-2024.nc,PSurf,0.0,23.3,ERA-Interim,medium
met_insituHT_DE-Tha_1997-2024.nc,Rainf,0.0,4.6,ERA-Interim,mild
met_insituHT_DE-Tha_1997-2024.nc,Wind,0.0,3.3,ERA-Interim,mild
met_insituHT_DE-Tha_1997-2024.nc,Qair,0.0,4.4,observed,mild
met_insituHT_DE-Tha_1997-2024.nc,RH,0.0,4.1,ERA-Interim,mild
met_insituHT_DE-Tha_1997-2024.nc,CO2air,0.0,5.7,observed,mild
met_insituHT_DK-Gds_2021-2022.nc,Tair,0.0,15.0,ERA-Interim,medium
met_insituHT_DK-Gds_2021-2022.nc,SWdown,0.0,5.3,ERA-Interim,mild
met_insituHT_DK-Gds_2021-2022.nc,LWdown,0.0,100.0,ERA-Interim,complete
met_insituHT_DK-Gds_2021-2022.nc,VPD,0.0,15.0,ERA-Interim,medium
met_insituHT_DK-Gds_2021-2022.nc,PSurf,0.0,19.2,ERA-Interim,medium
met_insituHT_DK-Gds_2021-2022.nc,Rainf,0.0,17.0,ERA-Interim,medium
met_insituHT_DK-Gds_2021-2022.nc,Wind,0.0,19.2,ERA-Interim,medium
met_insituHT_DK-Gds_2021-2022.nc,Qair,0.0,15.0,ERA-Interim,medium
met_insituHT_DK-Gds_2021-2022.nc,RH,0.0,15.0,ERA-Interim,medium
met_insituHT_DK-Gds_2021-2022.nc,CO2air,0.0,31.9,observed,heavy
met_insituHT_DK-RCW_2023-2024.nc,Tair,0.0,0.0,observed,mild
met_insituHT_DK-RCW_2023-2024.nc,SWdown,0.0,0.5,observed,mild
met_insituHT_DK-RCW_2023-2024.nc,LWdown,0.0,0.0,observed,mild
met_insituHT_DK-RCW_2023-2024.nc,VPD,0.0,0.0,observed,mild
met_insituHT_DK-RCW_2023-2024.nc,PSurf,0.0,3.6,ERA-Interim,mild
met_insituHT_DK-RCW_2023-2024.nc,Rainf,0.0,0.0,observed,mild
met_insituHT_DK-RCW_2023-2024.nc,Wind,0.0,17.4,ERA-Interim,medium
met_insituHT_DK-RCW_2023-2024.nc,Qair,0.0,0.0,observed,mild
met_insituHT_DK-RCW_2023-2024.nc,RH,0.0,0.0,observed,mild
met_insituHT_DK-RCW_2023-2024.nc,CO2air,0.0,4.4,observed,mild
met_insituHT_DK-Skj_2021-2022.nc,Tair,0.0,5.8,ERA-Interim,mild
met_insituHT_DK-Skj_2021-2022.nc,SWdown,0.0,5.4,ERA-Interim,mild
met_insituHT_DK-Skj_2021-2022.nc,LWdown,0.0,100.0,ERA-Interim,complete
met_insituHT_DK-Skj_2021-2022.nc,VPD,0.0,5.8,ERA-Interim,mild
met_insituHT_DK-Skj_2021-2022.nc,PSurf,0.0,12.6,ERA-Interim,medium
met_insituHT_DK-Skj_2021-2022.nc,Rainf,0.0,12.0,ERA-Interim,medium
met_insituHT_DK-Skj_2021-2022.nc,Wind,0.0,12.6,ERA-Interim,medium
met_insituHT_DK-Skj_2021-2022.nc,Qair,0.0,5.8,ERA-Interim,mild
met_insituHT_DK-Skj_2021-2022.nc,RH,0.0,5.8,ERA-Interim,mild
met_insituHT_DK-Skj_2021-2022.nc,CO2air,0.0,25.8,observed,heavy
met_insituHT_DK-Sor_1997-2024.nc,Tair,0.0,4.9,ERA-Interim,mild
met_insituHT_DK-Sor_1997-2024.nc,SWdown,0.0,4.4,ERA-Interim,mild
met_insituHT_DK-Sor_1997-2024.nc,LWdown,0.0,45.1,ERA-Interim,heavy
met_insituHT_DK-Sor_1997-2024.nc,VPD,0.0,5.3,ERA-Interim,mild
met_insituHT_DK-Sor_1997-2024.nc,PSurf,0.0,5.7,ERA-Interim,mild
met_insituHT_DK-Sor_1997-2024.nc,Rainf,0.0,6.8,ERA-Interim,mild
met_insituHT_DK-Sor_1997-2024.nc,Wind,0.0,8.5,ERA-Interim,mild
met_insituHT_DK-Sor_1997-2024.nc,Qair,0.0,5.3,ERA-Interim,mild
met_insituHT_DK-Sor_1997-2024.nc,RH,0.0,4.4,ERA-Interim,mild
met_insituHT_DK-Sor_1997-2024.nc,CO2air,0.0,17.0,observed,medium
met_insituHT_DK-Vng_2021-2022.nc,Tair,0.0,6.2,ERA-Interim,mild
met_insituHT_DK-Vng_2021-2022.nc,SWdown,0.0,4.0,ERA-Interim,mild
met_insituHT_DK-Vng_2021-2022.nc,LWdown,0.0,6.3,ERA-Interim,mild
met_insituHT_DK-Vng_2021-2022.nc,VPD,0.0,6.2,ERA-Interim,mild
met_insituHT_DK-Vng_2021-2022.nc,PSurf,0.0,6.2,ERA-Interim,mild
met_insituHT_DK-Vng_2021-2022.nc,Rainf,0.0,3.1,ERA-Interim,mild
met_insituHT_DK-Vng_2021-2022.nc,Wind,0.0,3.9,ERA-Interim,mild
met_insituHT_DK-Vng_2021-2022.nc,Qair,0.0,6.2,ERA-Interim,mild
met_insituHT_DK-Vng_2021-2022.nc,RH,0.0,6.2,ERA-Interim,mild
met_insituHT_DK-Vng_2021-2022.nc,CO2air,0.0,4.8,observed,mild
met_insituHT_EE-Pts_2023-2024.nc,Tair,0.0,23.6,ERA-Interim,medium
met_insituHT_EE-Pts_2023-2024.nc,SWdown,0.0,6.2,ERA-Interim,mild
met_insituHT_EE-Pts_2023-2024.nc,LWdown,0.0,6.1,ERA-Interim,mild
met_insituHT_EE-Pts_2023-2024.nc,VPD,0.0,25.9,ERA-Interim,heavy
met_insituHT_EE-Pts_2023-2024.nc,PSurf,0.0,3.2,ERA-Interim,mild
met_insituHT_EE-Pts_2023-2024.nc,Rainf,0.0,6.1,ERA-Interim,mild
met_insituHT_EE-Pts_2023-2024.nc,Wind,0.0,3.2,ERA-Interim,mild
met_insituHT_EE-Pts_2023-2024.nc,Qair,0.0,25.9,ERA-Interim,heavy
met_insituHT_EE-Pts_2023-2024.nc,RH,0.0,25.9,ERA-Interim,heavy
met_insituHT_EE-Pts_2023-2024.nc,CO2air,0.0,4.5,observed,mild
met_insituHT_EE-Rng_2024-2024.nc,Tair,0.0,10.6,ERA-Interim,medium
met_insituHT_EE-Rng_2024-2024.nc,SWdown,0.0,8.2,ERA-Interim,mild
met_insituHT_EE-Rng_2024-2024.nc,LWdown,0.0,10.6,ERA-Interim,medium
met_insituHT_EE-Rng_2024-2024.nc,VPD,0.0,10.6,ERA-Interim,medium
met_insituHT_EE-Rng_2024-2024.nc,PSurf,0.0,11.5,ERA-Interim,medium
met_insituHT_EE-Rng_2024-2024.nc,Rainf,0.0,10.6,ERA-Interim,medium
met_insituHT_EE-Rng_2024-2024.nc,Wind,0.0,6.6,ERA-Interim,mild
met_insituHT_EE-Rng_2024-2024.nc,Qair,0.0,10.6,ERA-Interim,medium
met_insituHT_EE-Rng_2024-2024.nc,RH,0.0,10.6,ERA-Interim,medium
met_insituHT_EE-Rng_2024-2024.nc,CO2air,0.0,7.8,observed,mild
met_insituHT_EE-Stg_2017-2024.nc,Tair,0.0,2.3,observed,mild
met_insituHT_EE-Stg_2017-2024.nc,SWdown,0.0,3.7,observed,mild
met_insituHT_EE-Stg_2017-2024.nc,LWdown,0.0,100.0,ERA-Interim,complete
met_insituHT_EE-Stg_2017-2024.nc,VPD,0.0,2.3,observed,mild
met_insituHT_EE-Stg_2017-2024.nc,PSurf,0.0,100.0,ERA-Interim,complete
met_insituHT_EE-Stg_2017-2024.nc,Rainf,0.0,100.0,ERA-Interim,complete
met_insituHT_EE-Stg_2017-2024.nc,Wind,0.0,7.2,ERA-Interim,mild
met_insituHT_EE-Stg_2017-2024.nc,Qair,0.0,2.3,observed,mild
met_insituHT_EE-Stg_2017-2024.nc,RH,0.0,2.3,ERA-Interim,mild
met_insituHT_EE-Stg_2017-2024.nc,CO2air,0.0,9.5,observed,mild
met_insituHT_ES-Abr_2016-2020.nc,Tair,0.0,0.3,ERA-Interim,mild
met_insituHT_ES-Abr_2016-2020.nc,SWdown,0.0,1.1,ERA-Interim,mild
met_insituHT_ES-Abr_2016-2020.nc,LWdown,0.0,0.3,ERA-Interim,mild
met_insituHT_ES-Abr_2016-2020.nc,VPD,0.0,0.3,ERA-Interim,mild
met_insituHT_ES-Abr_2016-2020.nc,PSurf,0.0,0.3,ERA-Interim,mild
met_insituHT_ES-Abr_2016-2020.nc,Rainf,0.0,0.3,ERA-Interim,mild
met_insituHT_ES-Abr_2016-2020.nc,Wind,0.0,2.6,ERA-Interim,mild
met_insituHT_ES-Abr_2016-2020.nc,Qair,0.0,0.3,ERA-Interim,mild
met_insituHT_ES-Abr_2016-2020.nc,RH,0.0,0.3,ERA-Interim,mild
met_insituHT_ES-Abr_2016-2020.nc,CO2air,0.0,3.0,observed,mild
met_insituHT_ES-Agu_2007-2024.nc,Tair,0.0,31.4,ERA-Interim,heavy
met_insituHT_ES-Agu_2007-2024.nc,SWdown,0.0,30.6,ERA-Interim,heavy
met_insituHT_ES-Agu_2007-2024.nc,LWdown,0.0,100.0,ERA-Interim,complete
met_insituHT_ES-Agu_2007-2024.nc,VPD,0.0,31.8,ERA-Interim,heavy
met_insituHT_ES-Agu_2007-2024.nc,PSurf,0.0,39.1,ERA-Interim,heavy
met_insituHT_ES-Agu_2007-2024.nc,Rainf,0.0,30.0,ERA-Interim,heavy
met_insituHT_ES-Agu_2007-2024.nc,Wind,0.0,38.4,ERA-Interim,heavy
met_insituHT_ES-Agu_2007-2024.nc,Qair,0.0,31.8,ERA-Interim,heavy
met_insituHT_ES-Agu_2007-2024.nc,RH,0.0,31.7,ERA-Interim,heavy
met_insituHT_ES-Agu_2007-2024.nc,CO2air,0.0,44.9,observed,heavy
met_insituHT_ES-Amo_2008-2019.nc,Tair,0.0,14.1,ERA-Interim,medium
met_insituHT_ES-Amo_2008-2019.nc,SWdown,0.0,16.4,ERA-Interim,medium
met_insituHT_ES-Amo_2008-2019.nc,LWdown,0.0,100.0,ERA-Interim,complete
met_insituHT_ES-Amo_2008-2019.nc,VPD,0.0,21.9,ERA-Interim,medium
met_insituHT_ES-Amo_2008-2019.nc,PSurf,0.0,21.9,ERA-Interim,medium
met_insituHT_ES-Amo_2008-2019.nc,Rainf,0.0,22.3,ERA-Interim,medium
met_insituHT_ES-Amo_2008-2019.nc,Wind,0.0,22.3,ERA-Interim,medium
met_insituHT_ES-Amo_2008-2019.nc,Qair,0.0,21.9,ERA-Interim,medium
met_insituHT_ES-Amo_2008-2019.nc,RH,0.0,21.5,ERA-Interim,medium
met_insituHT_ES-Amo_2008-2019.nc,CO2air,0.0,26.9,observed,heavy
met_insituHT_ES-Cnd_2015-2020.nc,Tair,0.0,14.8,ERA-Interim,medium
met_insituHT_ES-Cnd_2015-2020.nc,SWdown,0.0,12.7,ERA-Interim,medium
met_insituHT_ES-Cnd_2015-2020.nc,LWdown,0.0,20.0,ERA-Interim,medium
met_insituHT_ES-Cnd_2015-2020.nc,VPD,0.0,23.8,ERA-Interim,medium
met_insituHT_ES-Cnd_2015-2020.nc,PSurf,0.0,22.3,ERA-Interim,medium
met_insituHT_ES-Cnd_2015-2020.nc,Rainf,0.0,100.0,ERA-Interim,complete
met_insituHT_ES-Cnd_2015-2020.nc,Wind,0.0,19.8,ERA-Interim,medium
met_insituHT_ES-Cnd_2015-2020.nc,Qair,0.0,23.8,ERA-Interim,medium
met_insituHT_ES-Cnd_2015-2020.nc,RH,0.0,20.3,ERA-Interim,medium
met_insituHT_ES-Cnd_2015-2020.nc,CO2air,0.0,20.5,observed,medium
met_insituHT_ES-Crg_2022-2024.nc,Tair,0.0,2.9,ERA-Interim,mild
met_insituHT_ES-Crg_2022-2024.nc,SWdown,0.0,5.0,ERA-Interim,mild
met_insituHT_ES-Crg_2022-2024.nc,LWdown,0.0,51.0,ERA-Interim,complete
met_insituHT_ES-Crg_2022-2024.nc,VPD,0.0,2.9,ERA-Interim,mild
met_insituHT_ES-Crg_2022-2024.nc,PSurf,0.0,2.9,ERA-Interim,mild
met_insituHT_ES-Crg_2022-2024.nc,Rainf,0.0,4.3,ERA-Interim,mild
met_insituHT_ES-Crg_2022-2024.nc,Wind,0.0,6.2,ERA-Interim,mild
met_insituHT_ES-Crg_2022-2024.nc,Qair,0.0,2.9,ERA-Interim,mild
met_insituHT_ES-Crg_2022-2024.nc,RH,0.0,2.9,ERA-Interim,mild
met_insituHT_ES-Crg_2022-2024.nc,CO2air,0.0,10.2,observed,medium
met_insituHT_ES-Dnn_2024-2024.nc,Tair,0.0,41.6,ERA-Interim,heavy
met_insituHT_ES-Dnn_2024-2024.nc,SWdown,0.0,41.7,ERA-Interim,heavy
met_insituHT_ES-Dnn_2024-2024.nc,LWdown,0.0,41.6,ERA-Interim,heavy
met_insituHT_ES-Dnn_2024-2024.nc,VPD,0.0,60.5,ERA-Interim,complete
met_insituHT_ES-Dnn_2024-2024.nc,PSurf,0.0,41.6,ERA-Interim,heavy
met_insituHT_ES-Dnn_2024-2024.nc,Rainf,0.0,100.0,ERA-Interim,complete
met_insituHT_ES-Dnn_2024-2024.nc,Wind,0.0,41.6,ERA-Interim,heavy
met_insituHT_ES-Dnn_2024-2024.nc,Qair,0.0,60.5,ERA-Interim,complete
met_insituHT_ES-Dnn_2024-2024.nc,RH,0.0,60.5,ERA-Interim,complete
met_insituHT_ES-Dnn_2024-2024.nc,CO2air,0.0,60.4,observed,complete
met_insituHT_ES-FtD_2021-2024.nc,Tair,0.0,15.9,observed,medium
met_insituHT_ES-FtD_2021-2024.nc,SWdown,0.0,7.9,ERA-Interim,mild
met_insituHT_ES-FtD_2021-2024.nc,LWdown,0.0,100.0,ERA-Interim,complete
met_insituHT_ES-FtD_2021-2024.nc,VPD,0.0,17.8,observed,medium
met_insituHT_ES-FtD_2021-2024.nc,PSurf,0.0,7.7,ERA-Interim,mild
met_insituHT_ES-FtD_2021-2024.nc,Rainf,0.0,100.0,ERA-Interim,complete
met_insituHT_ES-FtD_2021-2024.nc,Wind,0.0,15.8,ERA-Interim,medium
met_insituHT_ES-FtD_2021-2024.nc,Qair,0.0,17.8,observed,medium
met_insituHT_ES-FtD_2021-2024.nc,RH,0.0,17.8,ERA-Interim,medium
met_insituHT_ES-FtD_2021-2024.nc,CO2air,0.0,17.6,observed,medium
met_insituHT_ES-Gdn_2015-2020.nc,Tair,0.0,34.3,ERA-Interim,heavy
met_insituHT_ES-Gdn_2015-2020.nc,SWdown,0.0,25.1,ERA-Interim,heavy
met_insituHT_ES-Gdn_2015-2020.nc,LWdown,0.0,27.5,ERA-Interim,heavy
met_insituHT_ES-Gdn_2015-2020.nc,VPD,0.0,37.2,ERA-Interim,heavy
met_insituHT_ES-Gdn_2015-2020.nc,PSurf,0.0,30.4,ERA-Interim,heavy
met_insituHT_ES-Gdn_2015-2020.nc,Rainf,0.0,100.0,ERA-Interim,complete
met_insituHT_ES-Gdn_2015-2020.nc,Wind,0.0,34.3,ERA-Interim,heavy
met_insituHT_ES-Gdn_2015-2020.nc,Qair,0.0,37.2,ERA-Interim,heavy
met_insituHT_ES-Gdn_2015-2020.nc,RH,0.0,37.2,ERA-Interim,heavy
met_insituHT_ES-Gdn_2015-2020.nc,CO2air,0.0,37.6,observed,heavy
met_insituHT_ES-HdD_2024-2024.nc,Tair,0.0,24.8,ERA-Interim,medium
met_insituHT_ES-HdD_2024-2024.nc,SWdown,0.0,26.9,ERA-Interim,heavy
met_insituHT_ES-HdD_2024-2024.nc,LWdown,0.0,24.8,ERA-Interim,medium
met_insituHT_ES-HdD_2024-2024.nc,VPD,0.0,24.8,ERA-Interim,medium
met_insituHT_ES-HdD_2024-2024.nc,PSurf,0.0,100.0,ERA-Interim,complete
met_insituHT_ES-HdD_2024-2024.nc,Rainf,0.0,24.8,ERA-Interim,medium
met_insituHT_ES-HdD_2024-2024.nc,Wind,0.0,24.8,ERA-Interim,medium
met_insituHT_ES-HdD_2024-2024.nc,Qair,0.0,24.8,ERA-Interim,medium
met_insituHT_ES-HdD_2024-2024.nc,RH,0.0,5.4,ERA-Interim,mild
met_insituHT_ES-HdD_2024-2024.nc,CO2air,0.0,24.8,observed,medium
met_insituHT_ES-HeB_2019-2024.nc,Tair,0.0,0.7,observed,mild
met_insituHT_ES-HeB_2019-2024.nc,SWdown,0.0,0.8,observed,mild
met_insituHT_ES-HeB_2019-2024.nc,LWdown,0.0,34.9,observed,heavy
met_insituHT_ES-HeB_2019-2024.nc,VPD,0.0,11.1,observed,medium
met_insituHT_ES-HeB_2019-2024.nc,PSurf,0.0,8.6,ERA-Interim,mild
met_insituHT_ES-HeB_2019-2024.nc,Rainf,0.0,8.8,ERA-Interim,mild
met_insituHT_ES-HeB_2019-2024.nc,Wind,0.0,8.6,ERA-Interim,mild
met_insituHT_ES-HeB_2019-2024.nc,Qair,0.0,11.1,observed,medium
met_insituHT_ES-HeB_2019-2024.nc,RH,0.0,11.1,ERA-Interim,medium
met_insituHT_ES-HeB_2019-2024.nc,CO2air,0.0,9.5,observed,mild
met_insituHT_ES-Hen_2019-2024.nc,Tair,0.0,1.6,observed,mild
met_insituHT_ES-Hen_2019-2024.nc,SWdown,0.0,0.9,observed,mild
met_insituHT_ES-Hen_2019-2024.nc,LWdown,0.0,23.5,observed,medium
met_insituHT_ES-Hen_2019-2024.nc,VPD,0.0,4.6,observed,mild
met_insituHT_ES-Hen_2019-2024.nc,PSurf,0.0,16.4,ERA-Interim,medium
met_insituHT_ES-Hen_2019-2024.nc,Rainf,0.0,0.5,ERA-Interim,mild
met_insituHT_ES-Hen_2019-2024.nc,Wind,0.0,16.5,ERA-Interim,medium
met_insituHT_ES-Hen_2019-2024.nc,Qair,0.0,4.6,observed,mild
met_insituHT_ES-Hen_2019-2024.nc,RH,0.0,3.2,ERA-Interim,mild
met_insituHT_ES-Hen_2019-2024.nc,CO2air,0.0,17.3,observed,medium
met_insituHT_ES-LJu_2005-2024.nc,Tair,0.0,13.9,ERA-Interim,medium
met_insituHT_ES-LJu_2005-2024.nc,SWdown,0.0,16.6,ERA-Interim,medium
met_insituHT_ES-LJu_2005-2024.nc,LWdown,0.0,100.0,ERA-Interim,complete
met_insituHT_ES-LJu_2005-2024.nc,VPD,0.0,17.0,ERA-Interim,medium
met_insituHT_ES-LJu_2005-2024.nc,PSurf,0.0,16.7,ERA-Interim,medium
met_insituHT_ES-LJu_2005-2024.nc,Rainf,0.0,16.4,ERA-Interim,medium
met_insituHT_ES-LJu_2005-2024.nc,Wind,0.0,16.5,ERA-Interim,medium
met_insituHT_ES-LJu_2005-2024.nc,Qair,0.0,17.0,ERA-Interim,medium
met_insituHT_ES-LJu_2005-2024.nc,RH,0.0,16.9,ERA-Interim,medium
met_insituHT_ES-LJu_2005-2024.nc,CO2air,0.0,27.5,observed,heavy
met_insituHT_ES-LM1_2015-2024.nc,Tair,0.0,1.7,ERA-Interim,mild
met_insituHT_ES-LM1_2015-2024.nc,SWdown,0.0,1.8,ERA-Interim,mild
met_insituHT_ES-LM1_2015-2024.nc,LWdown,0.0,1.7,ERA-Interim,mild
met_insituHT_ES-LM1_2015-2024.nc,VPD,0.0,1.7,ERA-Interim,mild
met_insituHT_ES-LM1_2015-2024.nc,PSurf,0.0,1.7,ERA-Interim,mild
met_insituHT_ES-LM1_2015-2024.nc,Rainf,0.0,0.0,ERA-Interim,mild
met_insituHT_ES-LM1_2015-2024.nc,Wind,0.0,3.2,ERA-Interim,mild
met_insituHT_ES-LM1_2015-2024.nc,Qair,0.0,1.7,ERA-Interim,mild
met_insituHT_ES-LM1_2015-2024.nc,RH,0.0,1.7,ERA-Interim,mild
met_insituHT_ES-LM1_2015-2024.nc,CO2air,0.0,8.4,observed,mild
met_insituHT_ES-LM2_2015-2024.nc,Tair,0.0,2.1,ERA-Interim,mild
met_insituHT_ES-LM2_2015-2024.nc,SWdown,0.0,2.0,ERA-Interim,mild
met_insituHT_ES-LM2_2015-2024.nc,LWdown,0.0,2.1,ERA-Interim,mild
met_insituHT_ES-LM2_2015-2024.nc,VPD,0.0,2.1,ERA-Interim,mild
met_insituHT_ES-LM2_2015-2024.nc,PSurf,0.0,2.1,ERA-Interim,mild
met_insituHT_ES-LM2_2015-2024.nc,Rainf,0.0,0.0,ERA-Interim,mild
met_insituHT_ES-LM2_2015-2024.nc,Wind,0.0,2.8,ERA-Interim,mild
met_insituHT_ES-LM2_2015-2024.nc,Qair,0.0,2.1,ERA-Interim,mild
met_insituHT_ES-LM2_2015-2024.nc,RH,0.0,2.1,ERA-Interim,mild
met_insituHT_ES-LM2_2015-2024.nc,CO2air,0.0,6.7,observed,mild
met_insituHT_ES-LMa_2020-2024.nc,Tair,0.0,1.0,observed,mild
met_insituHT_ES-LMa_2020-2024.nc,SWdown,0.0,2.7,observed,mild
met_insituHT_ES-LMa_2020-2024.nc,LWdown,0.0,1.3,observed,mild
met_insituHT_ES-LMa_2020-2024.nc,VPD,0.0,1.0,observed,mild
met_insituHT_ES-LMa_2020-2024.nc,PSurf,0.0,1.0,ERA-Interim,mild
met_insituHT_ES-LMa_2020-2024.nc,Rainf,0.0,1.0,ERA-Interim,mild
met_insituHT_ES-LMa_2020-2024.nc,Wind,0.0,8.8,ERA-Interim,mild
met_insituHT_ES-LMa_2020-2024.nc,Qair,0.0,1.0,observed,mild
met_insituHT_ES-LMa_2020-2024.nc,RH,0.0,1.0,ERA-Interim,mild
met_insituHT_ES-LMa_2020-2024.nc,CO2air,0.0,9.8,observed,mild
met_insituHT_ES-Ln2_2009-2009.nc,Tair,0.0,49.0,ERA-Interim,heavy
met_insituHT_ES-Ln2_2009-2009.nc,SWdown,0.0,48.2,ERA-Interim,heavy
met_insituHT_ES-Ln2_2009-2009.nc,LWdown,0.0,100.0,ERA-Interim,complete
met_insituHT_ES-Ln2_2009-2009.nc,VPD,0.0,49.0,ERA-Interim,heavy
met_insituHT_ES-Ln2_2009-2009.nc,PSurf,0.0,49.3,ERA-Interim,heavy
met_insituHT_ES-Ln2_2009-2009.nc,Rainf,0.0,100.0,ERA-Interim,complete
met_insituHT_ES-Ln2_2009-2009.nc,Wind,0.0,49.7,ERA-Interim,heavy
met_insituHT_ES-Ln2_2009-2009.nc,Qair,0.0,49.0,ERA-Interim,heavy
met_insituHT_ES-Ln2_2009-2009.nc,RH,0.0,49.0,ERA-Interim,heavy
met_insituHT_ES-Ln2_2009-2009.nc,CO2air,0.0,49.5,observed,heavy
met_insituHT_ES-Mcd_2019-2024.nc,Tair,0.0,5.1,ERA-Interim,mild
met_insituHT_ES-Mcd_2019-2024.nc,SWdown,0.0,5.0,ERA-Interim,mild
met_insituHT_ES-Mcd_2019-2024.nc,LWdown,0.0,5.3,ERA-Interim,mild
met_insituHT_ES-Mcd_2019-2024.nc,VPD,0.0,5.1,ERA-Interim,mild
met_insituHT_ES-Mcd_2019-2024.nc,PSurf,0.0,5.1,ERA-Interim,mild
met_insituHT_ES-Mcd_2019-2024.nc,Rainf,0.0,5.1,ERA-Interim,mild
met_insituHT_ES-Mcd_2019-2024.nc,Wind,0.0,9.3,ERA-Interim,mild
met_insituHT_ES-Mcd_2019-2024.nc,Qair,0.0,5.1,ERA-Interim,mild
met_insituHT_ES-Mcd_2019-2024.nc,RH,0.0,5.1,ERA-Interim,mild
met_insituHT_ES-Mcd_2019-2024.nc,CO2air,0.0,9.4,observed,mild
met_insituHT_ES-MtB_2022-2024.nc,Tair,0.0,1.1,ERA-Interim,mild
met_insituHT_ES-MtB_2022-2024.nc,SWdown,0.0,5.7,ERA-Interim,mild
met_insituHT_ES-MtB_2022-2024.nc,LWdown,0.0,5.2,ERA-Interim,mild
met_insituHT_ES-MtB_2022-2024.nc,VPD,0.0,2.4,ERA-Interim,mild
met_insituHT_ES-MtB_2022-2024.nc,PSurf,0.0,14.2,ERA-Interim,medium
met_insituHT_ES-MtB_2022-2024.nc,Rainf,0.0,100.0,ERA-Interim,complete
met_insituHT_ES-MtB_2022-2024.nc,Wind,0.0,1.1,ERA-Interim,mild
met_insituHT_ES-MtB_2022-2024.nc,Qair,0.0,2.4,ERA-Interim,mild
met_insituHT_ES-MtB_2022-2024.nc,RH,0.0,2.4,ERA-Interim,mild
met_insituHT_ES-MtB_2022-2024.nc,CO2air,0.0,1.7,observed,mild
met_insituHT_ES-MtN_2024-2024.nc,Tair,0.0,46.1,ERA-Interim,heavy
met_insituHT_ES-MtN_2024-2024.nc,SWdown,0.0,43.1,ERA-Interim,heavy
met_insituHT_ES-MtN_2024-2024.nc,LWdown,0.0,43.0,ERA-Interim,heavy
met_insituHT_ES-MtN_2024-2024.nc,VPD,0.0,46.5,ERA-Interim,heavy
met_insituHT_ES-MtN_2024-2024.nc,PSurf,0.0,100.0,ERA-Interim,complete
met_insituHT_ES-MtN_2024-2024.nc,Rainf,0.0,100.0,ERA-Interim,complete
met_insituHT_ES-MtN_2024-2024.nc,Wind,0.0,46.1,ERA-Interim,heavy
met_insituHT_ES-MtN_2024-2024.nc,Qair,0.0,46.5,ERA-Interim,heavy
met_insituHT_ES-MtN_2024-2024.nc,RH,0.0,46.5,ERA-Interim,heavy
met_insituHT_ES-MtN_2024-2024.nc,CO2air,0.0,46.3,observed,heavy
met_insituHT_ES-Mzn_2024-2024.nc,Tair,0.0,8.3,ERA-Interim,mild
met_insituHT_ES-Mzn_2024-2024.nc,SWdown,0.0,0.9,ERA-Interim,mild
met_insituHT_ES-Mzn_2024-2024.nc,LWdown,0.0,100.0,ERA-Interim,complete
met_insituHT_ES-Mzn_2024-2024.nc,VPD,0.0,12.4,ERA-Interim,medium
met_insituHT_ES-Mzn_2024-2024.nc,PSurf,0.0,8.3,ERA-Interim,mild
met_insituHT_ES-Mzn_2024-2024.nc,Rainf,0.0,100.0,ERA-Interim,complete
met_insituHT_ES-Mzn_2024-2024.nc,Wind,0.0,8.3,ERA-Interim,mild
met_insituHT_ES-Mzn_2024-2024.nc,Qair,0.0,12.4,ERA-Interim,medium
met_insituHT_ES-Mzn_2024-2024.nc,RH,0.0,12.4,ERA-Interim,medium
met_insituHT_ES-Mzn_2024-2024.nc,CO2air,0.0,9.1,observed,mild
met_insituHT_ES-Pdu_2014-2016.nc,Tair,0.0,6.0,ERA-Interim,mild
met_insituHT_ES-Pdu_2014-2016.nc,SWdown,0.0,5.1,ERA-Interim,mild
met_insituHT_ES-Pdu_2014-2016.nc,LWdown,0.0,100.0,ERA-Interim,complete
met_insituHT_ES-Pdu_2014-2016.nc,VPD,0.0,75.9,ERA-Interim,complete
met_insituHT_ES-Pdu_2014-2016.nc,PSurf,0.0,16.3,ERA-Interim,medium
met_insituHT_ES-Pdu_2014-2016.nc,Rainf,0.0,100.0,ERA-Interim,complete
met_insituHT_ES-Pdu_2014-2016.nc,Wind,0.0,15.1,ERA-Interim,medium
met_insituHT_ES-Pdu_2014-2016.nc,Qair,0.0,75.9,ERA-Interim,complete
met_insituHT_ES-Pdu_2014-2016.nc,RH,0.0,71.0,ERA-Interim,complete
met_insituHT_ES-Pdu_2014-2016.nc,CO2air,0.0,20.7,observed,medium
met_insituHT_ES-Pzb_2021-2024.nc,Tair,0.0,6.9,ERA-Interim,mild
met_insituHT_ES-Pzb_2021-2024.nc,SWdown,0.0,6.8,ERA-Interim,mild
met_insituHT_ES-Pzb_2021-2024.nc,LWdown,0.0,6.8,ERA-Interim,mild
met_insituHT_ES-Pzb_2021-2024.nc,VPD,0.0,7.0,ERA-Interim,mild
met_insituHT_ES-Pzb_2021-2024.nc,PSurf,0.0,100.0,ERA-Interim,complete
met_insituHT_ES-Pzb_2021-2024.nc,Rainf,0.0,6.8,ERA-Interim,mild
met_insituHT_ES-Pzb_2021-2024.nc,Wind,0.0,3.9,ERA-Interim,mild
met_insituHT_ES-Pzb_2021-2024.nc,Qair,0.0,7.0,ERA-Interim,mild
met_insituHT_ES-Pzb_2021-2024.nc,RH,0.0,7.0,ERA-Interim,mild
met_insituHT_ES-Pzb_2021-2024.nc,CO2air,0.0,3.9,observed,mild
met_insituHT_ES-Srn_2024-2024.nc,Tair,0.0,1.2,ERA-Interim,mild
met_insituHT_ES-Srn_2024-2024.nc,SWdown,0.0,0.2,ERA-Interim,mild
met_insituHT_ES-Srn_2024-2024.nc,LWdown,0.0,100.0,ERA-Interim,complete
met_insituHT_ES-Srn_2024-2024.nc,VPD,0.0,3.9,ERA-Interim,mild
met_insituHT_ES-Srn_2024-2024.nc,PSurf,0.0,1.2,ERA-Interim,mild
met_insituHT_ES-Srn_2024-2024.nc,Rainf,0.0,100.0,ERA-Interim,complete
met_insituHT_ES-Srn_2024-2024.nc,Wind,0.0,1.2,ERA-Interim,mild
met_insituHT_ES-Srn_2024-2024.nc,Qair,0.0,3.9,ERA-Interim,mild
met_insituHT_ES-Srn_2024-2024.nc,RH,0.0,3.9,ERA-Interim,mild
met_insituHT_ES-Srn_2024-2024.nc,CO2air,0.0,1.6,observed,mild
met_insituHT_ES-TzM_2021-2024.nc,Tair,0.0,42.6,ERA-Interim,heavy
met_insituHT_ES-TzM_2021-2024.nc,SWdown,0.0,42.0,ERA-Interim,heavy
met_insituHT_ES-TzM_2021-2024.nc,LWdown,0.0,62.2,ERA-Interim,complete
met_insituHT_ES-TzM_2021-2024.nc,VPD,0.0,49.2,ERA-Interim,heavy
met_insituHT_ES-TzM_2021-2024.nc,PSurf,0.0,72.0,ERA-Interim,complete
met_insituHT_ES-TzM_2021-2024.nc,Rainf,0.0,100.0,ERA-Interim,complete
met_insituHT_ES-TzM_2021-2024.nc,Wind,0.0,42.6,ERA-Interim,heavy
met_insituHT_ES-TzM_2021-2024.nc,Qair,0.0,49.2,ERA-Interim,heavy
met_insituHT_ES-TzM_2021-2024.nc,RH,0.0,44.3,ERA-Interim,heavy
met_insituHT_ES-TzM_2021-2024.nc,CO2air,0.0,43.1,observed,heavy
met_insituHT_ES-VDA_2023-2024.nc,Tair,0.0,0.0,ERA-Interim,mild
met_insituHT_ES-VDA_2023-2024.nc,SWdown,0.0,0.2,ERA-Interim,mild
met_insituHT_ES-VDA_2023-2024.nc,LWdown,0.0,0.0,ERA-Interim,mild
met_insituHT_ES-VDA_2023-2024.nc,VPD,0.0,0.1,ERA-Interim,mild
met_insituHT_ES-VDA_2023-2024.nc,PSurf,0.0,0.0,ERA-Interim,mild
met_insituHT_ES-VDA_2023-2024.nc,Rainf,0.0,0.0,ERA-Interim,mild
met_insituHT_ES-VDA_2023-2024.nc,Wind,0.0,7.1,ERA-Interim,mild
met_insituHT_ES-VDA_2023-2024.nc,Qair,0.0,0.1,ERA-Interim,mild
met_insituHT_ES-VDA_2023-2024.nc,RH,0.0,0.1,ERA-Interim,mild
met_insituHT_ES-VDA_2023-2024.nc,CO2air,0.0,9.8,observed,mild
met_insituHT_ES-Yst_2020-2024.nc,Tair,0.0,6.7,ERA-Interim,mild
met_insituHT_ES-Yst_2020-2024.nc,SWdown,0.0,6.9,ERA-Interim,mild
met_insituHT_ES-Yst_2020-2024.nc,LWdown,0.0,7.1,ERA-Interim,mild
met_insituHT_ES-Yst_2020-2024.nc,VPD,0.0,8.4,ERA-Interim,mild
met_insituHT_ES-Yst_2020-2024.nc,PSurf,0.0,26.0,ERA-Interim,heavy
met_insituHT_ES-Yst_2020-2024.nc,Rainf,0.0,6.7,ERA-Interim,mild
met_insituHT_ES-Yst_2020-2024.nc,Wind,0.0,26.0,ERA-Interim,heavy
met_insituHT_ES-Yst_2020-2024.nc,Qair,0.0,8.4,ERA-Interim,mild
met_insituHT_ES-Yst_2020-2024.nc,RH,0.0,8.4,ERA-Interim,mild
met_insituHT_ES-Yst_2020-2024.nc,CO2air,0.0,26.8,observed,heavy
met_insituHT_FI-Ant_2022-2022.nc,Tair,0.0,0.6,observed,mild
met_insituHT_FI-Ant_2022-2022.nc,SWdown,0.0,1.2,observed,mild
met_insituHT_FI-Ant_2022-2022.nc,LWdown,0.0,0.6,observed,mild
met_insituHT_FI-Ant_2022-2022.nc,VPD,0.0,0.6,observed,mild
met_insituHT_FI-Ant_2022-2022.nc,PSurf,0.0,0.6,ERA-Interim,mild
met_insituHT_FI-Ant_2022-2022.nc,Rainf,0.0,0.0,observed,mild
met_insituHT_FI-Ant_2022-2022.nc,Wind,0.0,2.0,ERA-Interim,mild
met_insituHT_FI-Ant_2022-2022.nc,Qair,0.0,0.6,observed,mild
met_insituHT_FI-Ant_2022-2022.nc,RH,0.0,0.6,ERA-Interim,mild
met_insituHT_FI-Ant_2022-2022.nc,CO2air,0.0,2.0,observed,mild
met_insituHT_FI-Hyy_1997-2025.nc,Tair,0.0,2.5,observed,mild
met_insituHT_FI-Hyy_1997-2025.nc,SWdown,0.0,1.5,observed,mild
met_insituHT_FI-Hyy_1997-2025.nc,LWdown,0.0,49.1,ERA-Interim,heavy
met_insituHT_FI-Hyy_1997-2025.nc,VPD,0.0,12.4,observed,medium
met_insituHT_FI-Hyy_1997-2025.nc,PSurf,0.0,1.9,ERA-Interim,mild
met_insituHT_FI-Hyy_1997-2025.nc,Rainf,0.0,29.8,ERA-Interim,heavy
met_insituHT_FI-Hyy_1997-2025.nc,Wind,0.0,12.4,ERA-Interim,medium
met_insituHT_FI-Hyy_1997-2025.nc,Qair,0.0,12.4,observed,medium
met_insituHT_FI-Hyy_1997-2025.nc,RH,0.0,11.7,ERA-Interim,medium
met_insituHT_FI-Hyy_1997-2025.nc,CO2air,0.0,14.8,observed,medium
met_insituHT_FI-Jok_2001-2002.nc,Tair,0.0,5.7,ERA-Interim,mild
met_insituHT_FI-Jok_2001-2002.nc,SWdown,0.0,6.2,ERA-Interim,mild
met_insituHT_FI-Jok_2001-2002.nc,LWdown,0.0,100.0,ERA-Interim,complete
met_insituHT_FI-Jok_2001-2002.nc,VPD,0.0,5.7,ERA-Interim,mild
met_insituHT_FI-Jok_2001-2002.nc,PSurf,0.0,100.0,ERA-Interim,complete
met_insituHT_FI-Jok_2001-2002.nc,Rainf,0.0,100.0,ERA-Interim,complete
met_insituHT_FI-Jok_2001-2002.nc,Wind,0.0,5.7,ERA-Interim,mild
met_insituHT_FI-Jok_2001-2002.nc,Qair,0.0,5.7,ERA-Interim,mild
met_insituHT_FI-Jok_2001-2002.nc,RH,0.0,5.7,ERA-Interim,mild
met_insituHT_FI-Jok_2001-2002.nc,CO2air,0.0,12.9,observed,medium
met_insituHT_FI-Ken_2018-2024.nc,Tair,0.0,0.7,observed,mild
met_insituHT_FI-Ken_2018-2024.nc,SWdown,0.0,0.6,observed,mild
met_insituHT_FI-Ken_2018-2024.nc,LWdown,0.0,100.0,ERA-Interim,complete
met_insituHT_FI-Ken_2018-2024.nc,VPD,0.0,0.7,observed,mild
met_insituHT_FI-Ken_2018-2024.nc,PSurf,0.0,100.0,ERA-Interim,complete
met_insituHT_FI-Ken_2018-2024.nc,Rainf,0.0,0.7,ERA-Interim,mild
met_insituHT_FI-Ken_2018-2024.nc,Wind,0.0,0.7,ERA-Interim,mild
met_insituHT_FI-Ken_2018-2024.nc,Qair,0.0,0.7,observed,mild
met_insituHT_FI-Ken_2018-2024.nc,RH,0.0,0.7,ERA-Interim,mild
met_insituHT_FI-Ken_2018-2024.nc,CO2air,0.0,31.0,observed,heavy
met_insituHT_FI-Let_2010-2024.nc,Tair,0.0,12.1,ERA-Interim,medium
met_insituHT_FI-Let_2010-2024.nc,SWdown,0.0,11.6,ERA-Interim,medium
met_insituHT_FI-Let_2010-2024.nc,LWdown,0.0,69.4,ERA-Interim,complete
met_insituHT_FI-Let_2010-2024.nc,VPD,0.0,12.2,ERA-Interim,medium
met_insituHT_FI-Let_2010-2024.nc,PSurf,0.0,41.3,ERA-Interim,heavy
met_insituHT_FI-Let_2010-2024.nc,Rainf,0.0,14.2,ERA-Interim,medium
met_insituHT_FI-Let_2010-2024.nc,Wind,0.0,16.0,ERA-Interim,medium
met_insituHT_FI-Let_2010-2024.nc,Qair,0.0,12.2,ERA-Interim,medium
met_insituHT_FI-Let_2010-2024.nc,RH,0.0,12.2,ERA-Interim,medium
met_insituHT_FI-Let_2010-2024.nc,CO2air,0.0,20.4,observed,medium
met_insituHT_FI-Nsv_2022-2024.nc,Tair,0.0,1.2,ERA-Interim,mild
met_insituHT_FI-Nsv_2022-2024.nc,SWdown,0.0,1.0,ERA-Interim,mild
met_insituHT_FI-Nsv_2022-2024.nc,LWdown,0.0,1.3,ERA-Interim,mild
met_insituHT_FI-Nsv_2022-2024.nc,VPD,0.0,6.4,ERA-Interim,mild
met_insituHT_FI-Nsv_2022-2024.nc,PSurf,0.0,100.0,ERA-Interim,complete
met_insituHT_FI-Nsv_2022-2024.nc,Rainf,0.0,100.0,ERA-Interim,complete
met_insituHT_FI-Nsv_2022-2024.nc,Wind,0.0,3.7,ERA-Interim,mild
met_insituHT_FI-Nsv_2022-2024.nc,Qair,0.0,6.4,ERA-Interim,mild
met_insituHT_FI-Nsv_2022-2024.nc,RH,0.0,6.4,ERA-Interim,mild
met_insituHT_FI-Nsv_2022-2024.nc,CO2air,0.0,5.4,observed,mild
met_insituHT_FI-Pap_2022-2022.nc,Tair,0.0,2.4,observed,mild
met_insituHT_FI-Pap_2022-2022.nc,SWdown,0.0,2.6,observed,mild
met_insituHT_FI-Pap_2022-2022.nc,LWdown,0.0,2.4,observed,mild
met_insituHT_FI-Pap_2022-2022.nc,VPD,0.0,2.4,observed,mild
met_insituHT_FI-Pap_2022-2022.nc,PSurf,0.0,2.4,ERA-Interim,mild
met_insituHT_FI-Pap_2022-2022.nc,Rainf,0.0,0.0,observed,mild
met_insituHT_FI-Pap_2022-2022.nc,Wind,0.0,4.3,ERA-Interim,mild
met_insituHT_FI-Pap_2022-2022.nc,Qair,0.0,2.4,observed,mild
met_insituHT_FI-Pap_2022-2022.nc,RH,0.0,2.4,ERA-Interim,mild
met_insituHT_FI-Pap_2022-2022.nc,CO2air,0.0,5.3,observed,mild
met_insituHT_FI-Qvd_2019-2023.nc,Tair,0.0,9.2,ERA-Interim,mild
met_insituHT_FI-Qvd_2019-2023.nc,SWdown,0.0,3.2,ERA-Interim,mild
met_insituHT_FI-Qvd_2019-2023.nc,LWdown,0.0,100.0,ERA-Interim,complete
met_insituHT_FI-Qvd_2019-2023.nc,VPD,0.0,9.3,ERA-Interim,mild
met_insituHT_FI-Qvd_2019-2023.nc,PSurf,0.0,100.0,ERA-Interim,complete
met_insituHT_FI-Qvd_2019-2023.nc,Rainf,0.0,11.1,ERA-Interim,medium
met_insituHT_FI-Qvd_2019-2023.nc,Wind,0.0,7.1,ERA-Interim,mild
met_insituHT_FI-Qvd_2019-2023.nc,Qair,0.0,9.3,ERA-Interim,mild
met_insituHT_FI-Qvd_2019-2023.nc,RH,0.0,9.2,ERA-Interim,mild
met_insituHT_FI-Qvd_2019-2023.nc,CO2air,0.0,11.2,observed,medium
met_insituHT_FI-Rk2_2020-2023.nc,Tair,0.0,1.5,observed,mild
met_insituHT_FI-Rk2_2020-2023.nc,SWdown,0.0,1.3,observed,mild
met_insituHT_FI-Rk2_2020-2023.nc,LWdown,0.0,1.5,observed,mild
met_insituHT_FI-Rk2_2020-2023.nc,VPD,0.0,1.5,observed,mild
met_insituHT_FI-Rk2_2020-2023.nc,PSurf,0.0,100.0,ERA-Interim,complete
met_insituHT_FI-Rk2_2020-2023.nc,Rainf,0.0,6.2,ERA-Interim,mild
met_insituHT_FI-Rk2_2020-2023.nc,Wind,0.0,1.6,ERA-Interim,mild
met_insituHT_FI-Rk2_2020-2023.nc,Qair,0.0,1.5,observed,mild
met_insituHT_FI-Rk2_2020-2023.nc,RH,0.0,1.5,ERA-Interim,mild
met_insituHT_FI-Rk2_2020-2023.nc,CO2air,0.0,45.2,observed,heavy
met_insituHT_FI-Ruk_2020-2023.nc,Tair,0.0,5.2,observed,mild
met_insituHT_FI-Ruk_2020-2023.nc,SWdown,0.0,0.1,observed,mild
met_insituHT_FI-Ruk_2020-2023.nc,LWdown,0.0,100.0,ERA-Interim,complete
met_insituHT_FI-Ruk_2020-2023.nc,VPD,0.0,5.2,observed,mild
met_insituHT_FI-Ruk_2020-2023.nc,PSurf,0.0,100.0,ERA-Interim,complete
met_insituHT_FI-Ruk_2020-2023.nc,Rainf,0.0,100.0,ERA-Interim,complete
met_insituHT_FI-Ruk_2020-2023.nc,Wind,0.0,0.2,ERA-Interim,mild
met_insituHT_FI-Ruk_2020-2023.nc,Qair,0.0,5.2,observed,mild
met_insituHT_FI-Ruk_2020-2023.nc,RH,0.0,5.2,ERA-Interim,mild
met_insituHT_FI-Ruk_2020-2023.nc,CO2air,0.0,0.4,observed,mild
met_insituHT_FI-Sar_2022-2022.nc,Tair,0.0,1.2,observed,mild
met_insituHT_FI-Sar_2022-2022.nc,SWdown,0.0,1.2,observed,mild
met_insituHT_FI-Sar_2022-2022.nc,LWdown,0.0,81.6,ERA-Interim,complete
met_insituHT_FI-Sar_2022-2022.nc,VPD,0.0,1.2,observed,mild
met_insituHT_FI-Sar_2022-2022.nc,PSurf,0.0,0.7,ERA-Interim,mild
met_insituHT_FI-Sar_2022-2022.nc,Rainf,0.0,0.0,observed,mild
met_insituHT_FI-Sar_2022-2022.nc,Wind,0.0,1.0,ERA-Interim,mild
met_insituHT_FI-Sar_2022-2022.nc,Qair,0.0,1.2,observed,mild
met_insituHT_FI-Sar_2022-2022.nc,RH,0.0,1.2,ERA-Interim,mild
met_insituHT_FI-Sar_2022-2022.nc,CO2air,0.0,1.8,observed,mild
met_insituHT_FI-Si2_2013-2015.nc,Tair,0.0,53.6,ERA-Interim,complete
met_insituHT_FI-Si2_2013-2015.nc,SWdown,0.0,14.0,ERA-Interim,medium
met_insituHT_FI-Si2_2013-2015.nc,LWdown,0.0,100.0,ERA-Interim,complete
met_insituHT_FI-Si2_2013-2015.nc,VPD,0.0,53.6,ERA-Interim,complete
met_insituHT_FI-Si2_2013-2015.nc,PSurf,0.0,100.0,ERA-Interim,complete
met_insituHT_FI-Si2_2013-2015.nc,Rainf,0.0,100.0,ERA-Interim,complete
met_insituHT_FI-Si2_2013-2015.nc,Wind,0.0,57.9,ERA-Interim,complete
met_insituHT_FI-Si2_2013-2015.nc,Qair,0.0,53.6,ERA-Interim,complete
met_insituHT_FI-Si2_2013-2015.nc,RH,0.0,53.6,ERA-Interim,complete
met_insituHT_FI-Si2_2013-2015.nc,CO2air,0.0,65.6,observed,complete
met_insituHT_FI-Sii_2019-2024.nc,Tair,0.0,1.9,observed,mild
met_insituHT_FI-Sii_2019-2024.nc,SWdown,0.0,1.8,observed,mild
met_insituHT_FI-Sii_2019-2024.nc,LWdown,0.0,2.0,observed,mild
met_insituHT_FI-Sii_2019-2024.nc,VPD,0.0,1.9,observed,mild
met_insituHT_FI-Sii_2019-2024.nc,PSurf,0.0,2.1,ERA-Interim,mild
met_insituHT_FI-Sii_2019-2024.nc,Rainf,0.0,1.1,ERA-Interim,mild
met_insituHT_FI-Sii_2019-2024.nc,Wind,0.0,10.4,ERA-Interim,medium
met_insituHT_FI-Sii_2019-2024.nc,Qair,0.0,1.9,observed,mild
met_insituHT_FI-Sii_2019-2024.nc,RH,0.0,1.8,ERA-Interim,mild
met_insituHT_FI-Sii_2019-2024.nc,CO2air,0.0,10.4,observed,medium
met_insituHT_FI-Sod_2024-2024.nc,Tair,0.0,3.1,ERA-Interim,mild
met_insituHT_FI-Sod_2024-2024.nc,SWdown,0.0,1.3,ERA-Interim,mild
met_insituHT_FI-Sod_2024-2024.nc,LWdown,0.0,1.9,ERA-Interim,mild
met_insituHT_FI-Sod_2024-2024.nc,VPD,0.0,3.1,ERA-Interim,mild
met_insituHT_FI-Sod_2024-2024.nc,PSurf,0.0,3.0,ERA-Interim,mild
met_insituHT_FI-Sod_2024-2024.nc,Rainf,0.0,16.6,ERA-Interim,medium
met_insituHT_FI-Sod_2024-2024.nc,Wind,0.0,12.5,ERA-Interim,medium
met_insituHT_FI-Sod_2024-2024.nc,Qair,0.0,3.1,ERA-Interim,mild
met_insituHT_FI-Sod_2024-2024.nc,RH,0.0,3.0,ERA-Interim,mild
met_insituHT_FI-Sod_2024-2024.nc,CO2air,0.0,13.6,observed,medium
met_insituHT_FI-Var_2016-2024.nc,Tair,0.0,0.5,observed,mild
met_insituHT_FI-Var_2016-2024.nc,SWdown,0.0,0.4,observed,mild
met_insituHT_FI-Var_2016-2024.nc,LWdown,0.0,100.0,ERA-Interim,complete
met_insituHT_FI-Var_2016-2024.nc,VPD,0.0,19.5,ERA-Interim,medium
met_insituHT_FI-Var_2016-2024.nc,PSurf,0.0,0.5,ERA-Interim,mild
met_insituHT_FI-Var_2016-2024.nc,Rainf,0.0,0.0,ERA-Interim,mild
met_insituHT_FI-Var_2016-2024.nc,Wind,0.0,2.2,ERA-Interim,mild
met_insituHT_FI-Var_2016-2024.nc,Qair,0.0,19.5,ERA-Interim,medium
met_insituHT_FI-Var_2016-2024.nc,RH,0.0,19.5,ERA-Interim,medium
met_insituHT_FI-Var_2016-2024.nc,CO2air,0.0,6.4,observed,mild
met_insituHT_FR-Aur_2006-2024.nc,Tair,0.0,4.3,observed,mild
met_insituHT_FR-Aur_2006-2024.nc,SWdown,0.0,1.3,observed,mild
met_insituHT_FR-Aur_2006-2024.nc,LWdown,0.0,4.8,ERA-Interim,mild
met_insituHT_FR-Aur_2006-2024.nc,VPD,0.0,16.6,ERA-Interim,medium
met_insituHT_FR-Aur_2006-2024.nc,PSurf,0.0,3.4,ERA-Interim,mild
met_insituHT_FR-Aur_2006-2024.nc,Rainf,0.0,2.0,ERA-Interim,mild
met_insituHT_FR-Aur_2006-2024.nc,Wind,0.0,4.4,ERA-Interim,mild
met_insituHT_FR-Aur_2006-2024.nc,Qair,0.0,16.6,ERA-Interim,medium
met_insituHT_FR-Aur_2006-2024.nc,RH,0.0,16.2,ERA-Interim,medium
met_insituHT_FR-Aur_2006-2024.nc,CO2air,0.0,19.9,observed,medium
met_insituHT_FR-Bil_2015-2025.nc,Tair,0.0,5.1,ERA-Interim,mild
met_insituHT_FR-Bil_2015-2025.nc,SWdown,0.0,3.5,ERA-Interim,mild
met_insituHT_FR-Bil_2015-2025.nc,LWdown,0.0,49.0,ERA-Interim,heavy
met_insituHT_FR-Bil_2015-2025.nc,VPD,0.0,6.2,ERA-Interim,mild
met_insituHT_FR-Bil_2015-2025.nc,PSurf,0.0,8.9,ERA-Interim,mild
met_insituHT_FR-Bil_2015-2025.nc,Rainf,0.0,5.1,ERA-Interim,mild
met_insituHT_FR-Bil_2015-2025.nc,Wind,0.0,8.9,ERA-Interim,mild
met_insituHT_FR-Bil_2015-2025.nc,Qair,0.0,6.2,ERA-Interim,mild
met_insituHT_FR-Bil_2015-2025.nc,RH,0.0,3.5,ERA-Interim,mild
met_insituHT_FR-Bil_2015-2025.nc,CO2air,0.0,10.5,observed,medium
met_insituHT_FR-CLt_2020-2023.nc,Tair,0.0,1.0,observed,mild
met_insituHT_FR-CLt_2020-2023.nc,SWdown,0.0,1.7,observed,mild
met_insituHT_FR-CLt_2020-2023.nc,LWdown,0.0,1.0,observed,mild
met_insituHT_FR-CLt_2020-2023.nc,VPD,0.0,1.0,observed,mild
met_insituHT_FR-CLt_2020-2023.nc,PSurf,0.0,1.0,ERA-Interim,mild
met_insituHT_FR-CLt_2020-2023.nc,Rainf,0.0,1.6,ERA-Interim,mild
met_insituHT_FR-CLt_2020-2023.nc,Wind,0.0,8.7,ERA-Interim,mild
met_insituHT_FR-CLt_2020-2023.nc,Qair,0.0,1.0,observed,mild
met_insituHT_FR-CLt_2020-2023.nc,RH,0.0,1.0,ERA-Interim,mild
met_insituHT_FR-CLt_2020-2023.nc,CO2air,0.0,13.4,observed,medium
met_insituHT_FR-EM2_2017-2024.nc,Tair,0.0,0.1,observed,mild
met_insituHT_FR-EM2_2017-2024.nc,SWdown,0.0,1.2,observed,mild
met_insituHT_FR-EM2_2017-2024.nc,LWdown,0.0,0.3,observed,mild
met_insituHT_FR-EM2_2017-2024.nc,VPD,0.0,0.1,observed,mild
met_insituHT_FR-EM2_2017-2024.nc,PSurf,0.0,0.3,ERA-Interim,mild
met_insituHT_FR-EM2_2017-2024.nc,Rainf,0.0,4.1,ERA-Interim,mild
met_insituHT_FR-EM2_2017-2024.nc,Wind,0.0,4.7,ERA-Interim,mild
met_insituHT_FR-EM2_2017-2024.nc,Qair,0.0,0.1,observed,mild
met_insituHT_FR-EM2_2017-2024.nc,RH,0.0,0.1,ERA-Interim,mild
met_insituHT_FR-EM2_2017-2024.nc,CO2air,0.0,4.8,observed,mild
met_insituHT_FR-FBn_2009-2024.nc,Tair,0.0,2.3,observed,mild
met_insituHT_FR-FBn_2009-2024.nc,SWdown,0.0,0.6,observed,mild
met_insituHT_FR-FBn_2009-2024.nc,LWdown,0.0,7.4,ERA-Interim,mild
met_insituHT_FR-FBn_2009-2024.nc,VPD,0.0,2.3,observed,mild
met_insituHT_FR-FBn_2009-2024.nc,PSurf,0.0,24.4,ERA-Interim,medium
met_insituHT_FR-FBn_2009-2024.nc,Rainf,0.0,0.8,ERA-Interim,mild
met_insituHT_FR-FBn_2009-2024.nc,Wind,0.0,4.5,ERA-Interim,mild
met_insituHT_FR-FBn_2009-2024.nc,Qair,0.0,2.3,observed,mild
met_insituHT_FR-FBn_2009-2024.nc,RH,0.0,2.3,ERA-Interim,mild
met_insituHT_FR-FBn_2009-2024.nc,CO2air,0.0,21.1,observed,medium
met_insituHT_FR-Fon_2020-2024.nc,Tair,0.0,9.4,ERA-Interim,mild
met_insituHT_FR-Fon_2020-2024.nc,SWdown,0.0,7.7,ERA-Interim,mild
met_insituHT_FR-Fon_2020-2024.nc,LWdown,0.0,9.3,ERA-Interim,mild
met_insituHT_FR-Fon_2020-2024.nc,VPD,0.0,9.4,ERA-Interim,mild
met_insituHT_FR-Fon_2020-2024.nc,PSurf,0.0,9.1,ERA-Interim,mild
met_insituHT_FR-Fon_2020-2024.nc,Rainf,0.0,11.7,ERA-Interim,medium
met_insituHT_FR-Fon_2020-2024.nc,Wind,0.0,8.3,ERA-Interim,mild
met_insituHT_FR-Fon_2020-2024.nc,Qair,0.0,9.4,ERA-Interim,mild
met_insituHT_FR-Fon_2020-2024.nc,RH,0.0,9.4,ERA-Interim,mild
met_insituHT_FR-Fon_2020-2024.nc,CO2air,0.0,9.7,observed,mild
met_insituHT_FR-Gri_2005-2025.nc,Tair,0.0,4.4,ERA-Interim,mild
met_insituHT_FR-Gri_2005-2025.nc,SWdown,0.0,2.8,ERA-Interim,mild
met_insituHT_FR-Gri_2005-2025.nc,LWdown,0.0,3.4,ERA-Interim,mild
met_insituHT_FR-Gri_2005-2025.nc,VPD,0.0,5.1,ERA-Interim,mild
met_insituHT_FR-Gri_2005-2025.nc,PSurf,0.0,1.2,ERA-Interim,mild
met_insituHT_FR-Gri_2005-2025.nc,Rainf,0.0,8.4,ERA-Interim,mild
met_insituHT_FR-Gri_2005-2025.nc,Wind,0.0,15.8,ERA-Interim,medium
met_insituHT_FR-Gri_2005-2025.nc,Qair,0.0,5.1,ERA-Interim,mild
met_insituHT_FR-Gri_2005-2025.nc,RH,0.0,5.1,ERA-Interim,mild
met_insituHT_FR-Gri_2005-2025.nc,CO2air,0.0,16.7,observed,medium
met_insituHT_FR-Hes_1998-2024.nc,Tair,0.0,21.3,observed,medium
met_insituHT_FR-Hes_1998-2024.nc,SWdown,0.0,20.5,observed,medium
met_insituHT_FR-Hes_1998-2024.nc,LWdown,0.0,64.4,ERA-Interim,complete
met_insituHT_FR-Hes_1998-2024.nc,VPD,0.0,22.5,observed,medium
met_insituHT_FR-Hes_1998-2024.nc,PSurf,0.0,28.7,ERA-Interim,heavy
met_insituHT_FR-Hes_1998-2024.nc,Rainf,0.0,19.1,ERA-Interim,medium
met_insituHT_FR-Hes_1998-2024.nc,Wind,0.0,29.8,ERA-Interim,heavy
met_insituHT_FR-Hes_1998-2024.nc,Qair,0.0,22.5,observed,medium
met_insituHT_FR-Hes_1998-2024.nc,RH,0.0,22.5,ERA-Interim,medium
met_insituHT_FR-Hes_1998-2024.nc,CO2air,0.0,25.3,observed,heavy
met_insituHT_FR-LBr_1998-2008.nc,Tair,0.0,0.8,observed,mild
met_insituHT_FR-LBr_1998-2008.nc,SWdown,0.0,1.1,observed,mild
met_insituHT_FR-LBr_1998-2008.nc,LWdown,0.0,46.6,ERA-Interim,heavy
met_insituHT_FR-LBr_1998-2008.nc,VPD,0.0,4.3,observed,mild
met_insituHT_FR-LBr_1998-2008.nc,PSurf,0.0,1.1,ERA-Interim,mild
met_insituHT_FR-LBr_1998-2008.nc,Rainf,0.0,19.7,ERA-Interim,medium
met_insituHT_FR-LBr_1998-2008.nc,Wind,0.0,0.8,ERA-Interim,mild
met_insituHT_FR-LBr_1998-2008.nc,Qair,0.0,4.3,observed,mild
met_insituHT_FR-LBr_1998-2008.nc,RH,0.0,4.3,ERA-Interim,mild
met_insituHT_FR-LBr_1998-2008.nc,CO2air,0.0,25.7,observed,heavy
met_insituHT_FR-LGt_2018-2024.nc,Tair,0.0,4.3,observed,mild
met_insituHT_FR-LGt_2018-2024.nc,SWdown,0.0,0.9,observed,mild
met_insituHT_FR-LGt_2018-2024.nc,LWdown,0.0,7.9,ERA-Interim,mild
met_insituHT_FR-LGt_2018-2024.nc,VPD,0.0,5.2,ERA-Interim,mild
met_insituHT_FR-LGt_2018-2024.nc,PSurf,0.0,1.5,ERA-Interim,mild
met_insituHT_FR-LGt_2018-2024.nc,Rainf,0.0,1.5,ERA-Interim,mild
met_insituHT_FR-LGt_2018-2024.nc,Wind,0.0,26.9,ERA-Interim,heavy
met_insituHT_FR-LGt_2018-2024.nc,Qair,0.0,5.2,ERA-Interim,mild
met_insituHT_FR-LGt_2018-2024.nc,RH,0.0,5.2,ERA-Interim,mild
met_insituHT_FR-LGt_2018-2024.nc,CO2air,0.0,32.4,observed,heavy
met_insituHT_FR-Lam_2021-2023.nc,Tair,0.0,9.4,ERA-Interim,mild
met_insituHT_FR-Lam_2021-2023.nc,SWdown,0.0,0.6,ERA-Interim,mild
met_insituHT_FR-Lam_2021-2023.nc,LWdown,0.0,13.1,ERA-Interim,medium
met_insituHT_FR-Lam_2021-2023.nc,VPD,0.0,18.0,ERA-Interim,medium
met_insituHT_FR-Lam_2021-2023.nc,PSurf,0.0,0.0,ERA-Interim,mild
met_insituHT_FR-Lam_2021-2023.nc,Rainf,0.0,0.4,ERA-Interim,mild
met_insituHT_FR-Lam_2021-2023.nc,Wind,0.0,1.4,ERA-Interim,mild
met_insituHT_FR-Lam_2021-2023.nc,Qair,0.0,18.0,ERA-Interim,medium
met_insituHT_FR-Lam_2021-2023.nc,RH,0.0,10.9,ERA-Interim,medium
met_insituHT_FR-Lam_2021-2023.nc,CO2air,0.0,2.6,observed,mild
met_insituHT_FR-Lqu_2023-2024.nc,Tair,0.0,12.1,ERA-Interim,medium
met_insituHT_FR-Lqu_2023-2024.nc,SWdown,0.0,2.4,ERA-Interim,mild
met_insituHT_FR-Lqu_2023-2024.nc,LWdown,0.0,3.1,ERA-Interim,mild
met_insituHT_FR-Lqu_2023-2024.nc,VPD,0.0,12.4,ERA-Interim,medium
met_insituHT_FR-Lqu_2023-2024.nc,PSurf,0.0,4.8,ERA-Interim,mild
met_insituHT_FR-Lqu_2023-2024.nc,Rainf,0.0,4.5,ERA-Interim,mild
met_insituHT_FR-Lqu_2023-2024.nc,Wind,0.0,7.3,ERA-Interim,mild
met_insituHT_FR-Lqu_2023-2024.nc,Qair,0.0,12.4,ERA-Interim,medium
met_insituHT_FR-Lqu_2023-2024.nc,RH,0.0,7.4,ERA-Interim,mild
met_insituHT_FR-Lqu_2023-2024.nc,CO2air,0.0,8.3,observed,mild
met_insituHT_FR-Lus_2023-2024.nc,Tair,0.0,2.7,ERA-Interim,mild
met_insituHT_FR-Lus_2023-2024.nc,SWdown,0.0,1.1,ERA-Interim,mild
met_insituHT_FR-Lus_2023-2024.nc,LWdown,0.0,1.5,ERA-Interim,mild
met_insituHT_FR-Lus_2023-2024.nc,VPD,0.0,2.8,ERA-Interim,mild
met_insituHT_FR-Lus_2023-2024.nc,PSurf,0.0,1.8,ERA-Interim,mild
met_insituHT_FR-Lus_2023-2024.nc,Rainf,0.0,5.8,ERA-Interim,mild
met_insituHT_FR-Lus_2023-2024.nc,Wind,0.0,13.0,ERA-Interim,medium
met_insituHT_FR-Lus_2023-2024.nc,Qair,0.0,2.8,ERA-Interim,mild
met_insituHT_FR-Lus_2023-2024.nc,RH,0.0,1.9,ERA-Interim,mild
met_insituHT_FR-Lus_2023-2024.nc,CO2air,0.0,13.5,observed,medium
met_insituHT_FR-Mau_2007-2010.nc,Tair,0.0,0.8,observed,mild
met_insituHT_FR-Mau_2007-2010.nc,SWdown,0.0,1.3,observed,mild
met_insituHT_FR-Mau_2007-2010.nc,LWdown,0.0,9.9,observed,mild
met_insituHT_FR-Mau_2007-2010.nc,VPD,0.0,1.0,observed,mild
met_insituHT_FR-Mau_2007-2010.nc,PSurf,0.0,0.6,ERA-Interim,mild
met_insituHT_FR-Mau_2007-2010.nc,Rainf,0.0,11.0,ERA-Interim,medium
met_insituHT_FR-Mau_2007-2010.nc,Wind,0.0,18.1,ERA-Interim,medium
met_insituHT_FR-Mau_2007-2010.nc,Qair,0.0,1.0,observed,mild
met_insituHT_FR-Mau_2007-2010.nc,RH,0.0,1.0,ERA-Interim,mild
met_insituHT_FR-Mau_2007-2010.nc,CO2air,0.0,22.6,observed,medium
met_insituHT_FR-Mej_2019-2024.nc,Tair,0.0,1.5,ERA-Interim,mild
met_insituHT_FR-Mej_2019-2024.nc,SWdown,0.0,1.8,ERA-Interim,mild
met_insituHT_FR-Mej_2019-2024.nc,LWdown,0.0,2.3,ERA-Interim,mild
met_insituHT_FR-Mej_2019-2024.nc,VPD,0.0,1.5,ERA-Interim,mild
met_insituHT_FR-Mej_2019-2024.nc,PSurf,0.0,1.5,ERA-Interim,mild
met_insituHT_FR-Mej_2019-2024.nc,Rainf,0.0,14.1,ERA-Interim,medium
met_insituHT_FR-Mej_2019-2024.nc,Wind,0.0,5.5,ERA-Interim,mild
met_insituHT_FR-Mej_2019-2024.nc,Qair,0.0,1.5,ERA-Interim,mild
met_insituHT_FR-Mej_2019-2024.nc,RH,0.0,1.5,ERA-Interim,mild
met_insituHT_FR-Mej_2019-2024.nc,CO2air,0.0,5.2,observed,mild
met_insituHT_FR-Nzn_2016-2024.nc,Tair,0.0,0.9,observed,mild
met_insituHT_FR-Nzn_2016-2024.nc,SWdown,0.0,1.2,observed,mild
met_insituHT_FR-Nzn_2016-2024.nc,LWdown,0.0,3.0,ERA-Interim,mild
met_insituHT_FR-Nzn_2016-2024.nc,VPD,0.0,0.9,observed,mild
met_insituHT_FR-Nzn_2016-2024.nc,PSurf,0.0,0.9,ERA-Interim,mild
met_insituHT_FR-Nzn_2016-2024.nc,Rainf,0.0,0.4,ERA-Interim,mild
met_insituHT_FR-Nzn_2016-2024.nc,Wind,0.0,7.0,ERA-Interim,mild
met_insituHT_FR-Nzn_2016-2024.nc,Qair,0.0,0.9,observed,mild
met_insituHT_FR-Nzn_2016-2024.nc,RH,0.0,0.9,ERA-Interim,mild
met_insituHT_FR-Nzn_2016-2024.nc,CO2air,0.0,34.8,observed,heavy
met_insituHT_FR-Pue_2001-2025.nc,Tair,0.0,1.3,observed,mild
met_insituHT_FR-Pue_2001-2025.nc,SWdown,0.0,1.2,ERA-Interim,mild
met_insituHT_FR-Pue_2001-2025.nc,LWdown,0.0,20.3,ERA-Interim,medium
met_insituHT_FR-Pue_2001-2025.nc,VPD,0.0,1.4,observed,mild
met_insituHT_FR-Pue_2001-2025.nc,PSurf,0.0,18.4,ERA-Interim,medium
met_insituHT_FR-Pue_2001-2025.nc,Rainf,0.0,1.0,ERA-Interim,mild
met_insituHT_FR-Pue_2001-2025.nc,Wind,0.0,59.0,ERA-Interim,complete
met_insituHT_FR-Pue_2001-2025.nc,Qair,0.0,1.4,observed,mild
met_insituHT_FR-Pue_2001-2025.nc,RH,0.0,1.4,ERA-Interim,mild
met_insituHT_FR-Pue_2001-2025.nc,CO2air,0.0,10.5,observed,medium
met_insituHT_FR-Tou_2018-2024.nc,Tair,0.0,0.1,observed,mild
met_insituHT_FR-Tou_2018-2024.nc,SWdown,0.0,1.2,observed,mild
met_insituHT_FR-Tou_2018-2024.nc,LWdown,0.0,0.1,observed,mild
met_insituHT_FR-Tou_2018-2024.nc,VPD,0.0,0.7,observed,mild
met_insituHT_FR-Tou_2018-2024.nc,PSurf,0.0,0.1,ERA-Interim,mild
met_insituHT_FR-Tou_2018-2024.nc,Rainf,0.0,0.1,ERA-Interim,mild
met_insituHT_FR-Tou_2018-2024.nc,Wind,0.0,0.7,ERA-Interim,mild
met_insituHT_FR-Tou_2018-2024.nc,Qair,0.0,0.7,observed,mild
met_insituHT_FR-Tou_2018-2024.nc,RH,0.0,0.7,ERA-Interim,mild
met_insituHT_FR-Tou_2018-2024.nc,CO2air,0.0,15.4,observed,medium
met_insituHT_GF-Guy_2017-2023.nc,Tair,0.0,1.3,observed,mild
met_insituHT_GF-Guy_2017-2023.nc,SWdown,0.0,2.8,observed,mild
met_insituHT_GF-Guy_2017-2023.nc,LWdown,0.0,3.5,observed,mild
met_insituHT_GF-Guy_2017-2023.nc,VPD,0.0,1.4,observed,mild
met_insituHT_GF-Guy_2017-2023.nc,PSurf,0.0,14.8,ERA-Interim,medium
met_insituHT_GF-Guy_2017-2023.nc,Rainf,0.0,0.0,ERA-Interim,mild
met_insituHT_GF-Guy_2017-2023.nc,Wind,0.0,5.5,ERA-Interim,mild
met_insituHT_GF-Guy_2017-2023.nc,Qair,0.0,1.4,observed,mild
met_insituHT_GF-Guy_2017-2023.nc,RH,0.0,1.3,ERA-Interim,mild
met_insituHT_GF-Guy_2017-2023.nc,CO2air,0.0,13.6,observed,medium
met_insituHT_GH-Ank_2012-2013.nc,Tair,0.0,69.7,observed,complete
met_insituHT_GH-Ank_2012-2013.nc,SWdown,0.0,64.0,observed,complete
met_insituHT_GH-Ank_2012-2013.nc,LWdown,0.0,76.2,ERA-Interim,complete
met_insituHT_GH-Ank_2012-2013.nc,VPD,0.0,69.9,observed,complete
met_insituHT_GH-Ank_2012-2013.nc,PSurf,0.0,88.1,ERA-Interim,complete
met_insituHT_GH-Ank_2012-2013.nc,Rainf,0.0,59.3,ERA-Interim,complete
met_insituHT_GH-Ank_2012-2013.nc,Wind,0.0,71.2,ERA-Interim,complete
met_insituHT_GH-Ank_2012-2013.nc,Qair,0.0,69.9,observed,complete
met_insituHT_GH-Ank_2012-2013.nc,RH,0.0,69.9,ERA-Interim,complete
met_insituHT_GH-Ank_2012-2013.nc,CO2air,0.0,74.2,observed,complete
met_insituHT_GL-Dsk_2020-2024.nc,Tair,0.0,1.9,observed,mild
met_insituHT_GL-Dsk_2020-2024.nc,SWdown,0.0,2.0,observed,mild
met_insituHT_GL-Dsk_2020-2024.nc,LWdown,0.0,1.9,observed,mild
met_insituHT_GL-Dsk_2020-2024.nc,VPD,0.0,1.9,observed,mild
met_insituHT_GL-Dsk_2020-2024.nc,PSurf,0.0,1.9,ERA-Interim,mild
met_insituHT_GL-Dsk_2020-2024.nc,Rainf,0.0,100.0,ERA-Interim,complete
met_insituHT_GL-Dsk_2020-2024.nc,Wind,0.0,24.3,ERA-Interim,medium
met_insituHT_GL-Dsk_2020-2024.nc,Qair,0.0,1.9,observed,mild
met_insituHT_GL-Dsk_2020-2024.nc,RH,0.0,1.9,ERA-Interim,mild
met_insituHT_GL-Dsk_2020-2024.nc,CO2air,0.0,24.4,observed,medium
met_insituHT_GL-NuF_2020-2023.nc,Tair,0.0,21.9,ERA-Interim,medium
met_insituHT_GL-NuF_2020-2023.nc,SWdown,0.0,17.4,ERA-Interim,medium
met_insituHT_GL-NuF_2020-2023.nc,LWdown,0.0,21.9,ERA-Interim,medium
met_insituHT_GL-NuF_2020-2023.nc,VPD,0.0,21.9,ERA-Interim,medium
met_insituHT_GL-NuF_2020-2023.nc,PSurf,0.0,37.6,ERA-Interim,heavy
met_insituHT_GL-NuF_2020-2023.nc,Rainf,0.0,18.2,ERA-Interim,medium
met_insituHT_GL-NuF_2020-2023.nc,Wind,0.0,85.6,ERA-Interim,complete
met_insituHT_GL-NuF_2020-2023.nc,Qair,0.0,21.9,ERA-Interim,medium
met_insituHT_GL-NuF_2020-2023.nc,RH,0.0,21.9,ERA-Interim,medium
met_insituHT_GL-NuF_2020-2023.nc,CO2air,0.0,85.6,observed,complete
met_insituHT_GL-ZaF_2023-2024.nc,Tair,0.0,36.0,ERA-Interim,heavy
met_insituHT_GL-ZaF_2023-2024.nc,SWdown,0.0,17.1,ERA-Interim,medium
met_insituHT_GL-ZaF_2023-2024.nc,LWdown,0.0,17.0,ERA-Interim,medium
met_insituHT_GL-ZaF_2023-2024.nc,VPD,0.0,36.0,ERA-Interim,heavy
met_insituHT_GL-ZaF_2023-2024.nc,PSurf,0.0,16.9,ERA-Interim,medium
met_insituHT_GL-ZaF_2023-2024.nc,Rainf,0.0,28.9,ERA-Interim,heavy
met_insituHT_GL-ZaF_2023-2024.nc,Wind,0.0,48.5,ERA-Interim,heavy
met_insituHT_GL-ZaF_2023-2024.nc,Qair,0.0,36.0,ERA-Interim,heavy
met_insituHT_GL-ZaF_2023-2024.nc,RH,0.0,36.0,ERA-Interim,heavy
met_insituHT_GL-ZaF_2023-2024.nc,CO2air,0.0,48.6,observed,heavy
met_insituHT_GL-ZaH_2021-2023.nc,Tair,0.0,31.2,ERA-Interim,heavy
met_insituHT_GL-ZaH_2021-2023.nc,SWdown,0.0,31.0,ERA-Interim,heavy
met_insituHT_GL-ZaH_2021-2023.nc,LWdown,0.0,31.2,ERA-Interim,heavy
met_insituHT_GL-ZaH_2021-2023.nc,VPD,0.0,31.2,ERA-Interim,heavy
met_insituHT_GL-ZaH_2021-2023.nc,PSurf,0.0,57.8,ERA-Interim,complete
met_insituHT_GL-ZaH_2021-2023.nc,Rainf,0.0,25.6,ERA-Interim,heavy
met_insituHT_GL-ZaH_2021-2023.nc,Wind,0.0,69.9,ERA-Interim,complete
met_insituHT_GL-ZaH_2021-2023.nc,Qair,0.0,31.2,ERA-Interim,heavy
met_insituHT_GL-ZaH_2021-2023.nc,RH,0.0,31.2,ERA-Interim,heavy
met_insituHT_GL-ZaH_2021-2023.nc,CO2air,0.0,69.9,observed,complete
met_insituHT_HK-MPM_2017-2018.nc,Tair,0.0,7.3,ERA-Interim,mild
met_insituHT_HK-MPM_2017-2018.nc,SWdown,0.0,12.6,ERA-Interim,medium
met_insituHT_HK-MPM_2017-2018.nc,LWdown,0.0,100.0,ERA-Interim,complete
met_insituHT_HK-MPM_2017-2018.nc,VPD,0.0,19.1,ERA-Interim,medium
met_insituHT_HK-MPM_2017-2018.nc,PSurf,0.0,15.4,ERA-Interim,medium
met_insituHT_HK-MPM_2017-2018.nc,Rainf,0.0,16.1,ERA-Interim,medium
met_insituHT_HK-MPM_2017-2018.nc,Wind,0.0,23.3,ERA-Interim,medium
met_insituHT_HK-MPM_2017-2018.nc,Qair,0.0,19.1,ERA-Interim,medium
met_insituHT_HK-MPM_2017-2018.nc,RH,0.0,19.0,ERA-Interim,medium
met_insituHT_HK-MPM_2017-2018.nc,CO2air,0.0,11.5,observed,medium
met_insituHT_ID-JOP_2015-2023.nc,Tair,0.0,17.3,ERA-Interim,medium
met_insituHT_ID-JOP_2015-2023.nc,SWdown,0.0,7.4,ERA-Interim,mild
met_insituHT_ID-JOP_2015-2023.nc,LWdown,0.0,17.5,ERA-Interim,medium
met_insituHT_ID-JOP_2015-2023.nc,VPD,0.0,32.1,ERA-Interim,heavy
met_insituHT_ID-JOP_2015-2023.nc,PSurf,0.0,6.9,ERA-Interim,mild
met_insituHT_ID-JOP_2015-2023.nc,Rainf,0.0,38.8,ERA-Interim,heavy
met_insituHT_ID-JOP_2015-2023.nc,Wind,0.0,18.4,ERA-Interim,medium
met_insituHT_ID-JOP_2015-2023.nc,Qair,0.0,32.1,ERA-Interim,heavy
met_insituHT_ID-JOP_2015-2023.nc,RH,0.0,24.5,ERA-Interim,medium
met_insituHT_ID-JOP_2015-2023.nc,CO2air,0.0,45.2,observed,heavy
met_insituHT_ID-PaB_2004-2016.nc,Tair,0.0,3.8,ERA-Interim,mild
met_insituHT_ID-PaB_2004-2016.nc,SWdown,0.0,3.8,ERA-Interim,mild
met_insituHT_ID-PaB_2004-2016.nc,LWdown,0.0,100.0,ERA-Interim,complete
met_insituHT_ID-PaB_2004-2016.nc,VPD,0.0,2.2,ERA-Interim,mild
met_insituHT_ID-PaB_2004-2016.nc,PSurf,0.0,100.0,ERA-Interim,complete
met_insituHT_ID-PaB_2004-2016.nc,Rainf,0.0,2.2,ERA-Interim,mild
met_insituHT_ID-PaB_2004-2016.nc,Wind,0.0,32.0,ERA-Interim,heavy
met_insituHT_ID-PaB_2004-2016.nc,Qair,0.0,2.2,ERA-Interim,mild
met_insituHT_ID-PaB_2004-2016.nc,RH,0.0,4.1,ERA-Interim,mild
met_insituHT_ID-PaB_2004-2016.nc,CO2air,0.0,100.0,observed,complete
met_insituHT_ID-PaD_2001-2017.nc,Tair,0.0,6.5,ERA-Interim,mild
met_insituHT_ID-PaD_2001-2017.nc,SWdown,0.0,6.8,ERA-Interim,mild
met_insituHT_ID-PaD_2001-2017.nc,LWdown,0.0,100.0,ERA-Interim,complete
met_insituHT_ID-PaD_2001-2017.nc,VPD,0.0,6.5,ERA-Interim,mild
met_insituHT_ID-PaD_2001-2017.nc,PSurf,0.0,100.0,ERA-Interim,complete
met_insituHT_ID-PaD_2001-2017.nc,Rainf,0.0,6.5,ERA-Interim,mild
met_insituHT_ID-PaD_2001-2017.nc,Wind,0.0,10.7,ERA-Interim,medium
met_insituHT_ID-PaD_2001-2017.nc,Qair,0.0,6.5,ERA-Interim,mild
met_insituHT_ID-PaD_2001-2017.nc,RH,0.0,6.5,ERA-Interim,mild
met_insituHT_ID-PaD_2001-2017.nc,CO2air,0.0,100.0,observed,complete
met_insituHT_ID-Pag_2004-2018.nc,Tair,0.0,10.2,ERA-Interim,medium
met_insituHT_ID-Pag_2004-2018.nc,SWdown,0.0,12.2,ERA-Interim,medium
met_insituHT_ID-Pag_2004-2018.nc,LWdown,0.0,100.0,ERA-Interim,complete
met_insituHT_ID-Pag_2004-2018.nc,VPD,0.0,10.2,ERA-Interim,medium
met_insituHT_ID-Pag_2004-2018.nc,PSurf,0.0,100.0,ERA-Interim,complete
met_insituHT_ID-Pag_2004-2018.nc,Rainf,0.0,10.2,ERA-Interim,medium
met_insituHT_ID-Pag_2004-2018.nc,Wind,0.0,31.4,ERA-Interim,heavy
met_insituHT_ID-Pag_2004-2018.nc,Qair,0.0,10.2,ERA-Interim,medium
met_insituHT_ID-Pag_2004-2018.nc,RH,0.0,10.2,ERA-Interim,medium
met_insituHT_ID-Pag_2004-2018.nc,CO2air,0.0,100.0,observed,complete
met_insituHT_IE-CaC_2004-2006.nc,Tair,0.0,12.1,ERA-Interim,medium
met_insituHT_IE-CaC_2004-2006.nc,SWdown,0.0,11.8,ERA-Interim,medium
met_insituHT_IE-CaC_2004-2006.nc,LWdown,0.0,100.0,ERA-Interim,complete
met_insituHT_IE-CaC_2004-2006.nc,VPD,0.0,16.0,ERA-Interim,medium
met_insituHT_IE-CaC_2004-2006.nc,PSurf,0.0,100.0,ERA-Interim,complete
met_insituHT_IE-CaC_2004-2006.nc,Rainf,0.0,15.8,ERA-Interim,medium
met_insituHT_IE-CaC_2004-2006.nc,Wind,0.0,15.8,ERA-Interim,medium
met_insituHT_IE-CaC_2004-2006.nc,Qair,0.0,16.0,ERA-Interim,medium
met_insituHT_IE-CaC_2004-2006.nc,RH,0.0,16.0,ERA-Interim,medium
met_insituHT_IE-CaC_2004-2006.nc,CO2air,0.0,62.9,observed,complete
met_insituHT_IE-CaN_2004-2006.nc,Tair,0.0,12.1,ERA-Interim,medium
met_insituHT_IE-CaN_2004-2006.nc,SWdown,0.0,11.8,ERA-Interim,medium
met_insituHT_IE-CaN_2004-2006.nc,LWdown,0.0,100.0,ERA-Interim,complete
met_insituHT_IE-CaN_2004-2006.nc,VPD,0.0,16.0,ERA-Interim,medium
met_insituHT_IE-CaN_2004-2006.nc,PSurf,0.0,100.0,ERA-Interim,complete
met_insituHT_IE-CaN_2004-2006.nc,Rainf,0.0,15.8,ERA-Interim,medium
met_insituHT_IE-CaN_2004-2006.nc,Wind,0.0,15.8,ERA-Interim,medium
met_insituHT_IE-CaN_2004-2006.nc,Qair,0.0,16.0,ERA-Interim,medium
met_insituHT_IE-CaN_2004-2006.nc,RH,0.0,16.0,ERA-Interim,medium
met_insituHT_IE-CaN_2004-2006.nc,CO2air,0.0,66.4,observed,complete
met_insituHT_IE-Cra_2020-2024.nc,Tair,0.0,60.9,observed,complete
met_insituHT_IE-Cra_2020-2024.nc,SWdown,0.0,60.9,observed,complete
met_insituHT_IE-Cra_2020-2024.nc,LWdown,0.0,100.0,ERA-Interim,complete
met_insituHT_IE-Cra_2020-2024.nc,VPD,0.0,60.9,observed,complete
met_insituHT_IE-Cra_2020-2024.nc,PSurf,0.0,100.0,ERA-Interim,complete
met_insituHT_IE-Cra_2020-2024.nc,Rainf,0.0,100.0,ERA-Interim,complete
met_insituHT_IE-Cra_2020-2024.nc,Wind,0.0,60.9,ERA-Interim,complete
met_insituHT_IE-Cra_2020-2024.nc,Qair,0.0,60.9,observed,complete
met_insituHT_IE-Cra_2020-2024.nc,RH,0.0,60.9,ERA-Interim,complete
met_insituHT_IE-Cra_2020-2024.nc,CO2air,0.0,62.3,observed,complete
met_insituHT_IE-Gwr_2016-2016.nc,Tair,0.0,63.4,ERA-Interim,complete
met_insituHT_IE-Gwr_2016-2016.nc,SWdown,0.0,72.5,ERA-Interim,complete
met_insituHT_IE-Gwr_2016-2016.nc,LWdown,0.0,100.0,ERA-Interim,complete
met_insituHT_IE-Gwr_2016-2016.nc,VPD,0.0,63.9,ERA-Interim,complete
met_insituHT_IE-Gwr_2016-2016.nc,PSurf,0.0,58.5,ERA-Interim,complete
met_insituHT_IE-Gwr_2016-2016.nc,Rainf,0.0,100.0,ERA-Interim,complete
met_insituHT_IE-Gwr_2016-2016.nc,Wind,0.0,62.3,ERA-Interim,complete
met_insituHT_IE-Gwr_2016-2016.nc,Qair,0.0,63.9,ERA-Interim,complete
met_insituHT_IE-Gwr_2016-2016.nc,RH,0.0,58.5,ERA-Interim,complete
met_insituHT_IE-Gwr_2016-2016.nc,CO2air,0.0,65.9,observed,complete
met_insituHT_IL-RmH_2016-2019.nc,Tair,0.0,55.0,ERA-Interim,complete
met_insituHT_IL-RmH_2016-2019.nc,SWdown,0.0,58.7,ERA-Interim,complete
met_insituHT_IL-RmH_2016-2019.nc,LWdown,0.0,60.1,ERA-Interim,complete
met_insituHT_IL-RmH_2016-2019.nc,VPD,0.0,55.0,ERA-Interim,complete
met_insituHT_IL-RmH_2016-2019.nc,PSurf,0.0,30.8,ERA-Interim,heavy
met_insituHT_IL-RmH_2016-2019.nc,Rainf,0.0,28.7,ERA-Interim,heavy
met_insituHT_IL-RmH_2016-2019.nc,Wind,0.0,30.8,ERA-Interim,heavy
met_insituHT_IL-RmH_2016-2019.nc,Qair,0.0,55.0,ERA-Interim,complete
met_insituHT_IL-RmH_2016-2019.nc,RH,0.0,30.8,ERA-Interim,heavy
met_insituHT_IL-RmH_2016-2019.nc,CO2air,0.0,71.7,observed,complete
met_insituHT_IL-Yat_2001-2024.nc,Tair,0.0,8.5,ERA-Interim,mild
met_insituHT_IL-Yat_2001-2024.nc,SWdown,0.0,5.2,ERA-Interim,mild
met_insituHT_IL-Yat_2001-2024.nc,LWdown,0.0,19.6,ERA-Interim,medium
met_insituHT_IL-Yat_2001-2024.nc,VPD,0.0,20.0,ERA-Interim,medium
met_insituHT_IL-Yat_2001-2024.nc,PSurf,0.0,10.5,ERA-Interim,medium
met_insituHT_IL-Yat_2001-2024.nc,Rainf,0.0,16.0,ERA-Interim,medium
met_insituHT_IL-Yat_2001-2024.nc,Wind,0.0,10.6,ERA-Interim,medium
met_insituHT_IL-Yat_2001-2024.nc,Qair,0.0,20.0,ERA-Interim,medium
met_insituHT_IL-Yat_2001-2024.nc,RH,0.0,16.0,ERA-Interim,medium
met_insituHT_IL-Yat_2001-2024.nc,CO2air,0.0,20.4,observed,medium
met_insituHT_IT-Arz_2017-2023.nc,Tair,0.0,4.4,ERA-Interim,mild
met_insituHT_IT-Arz_2017-2023.nc,SWdown,0.0,4.2,ERA-Interim,mild
met_insituHT_IT-Arz_2017-2023.nc,LWdown,0.0,5.0,ERA-Interim,mild
met_insituHT_IT-Arz_2017-2023.nc,VPD,0.0,4.4,ERA-Interim,mild
met_insituHT_IT-Arz_2017-2023.nc,PSurf,0.0,5.1,ERA-Interim,mild
met_insituHT_IT-Arz_2017-2023.nc,Rainf,0.0,100.0,ERA-Interim,complete
met_insituHT_IT-Arz_2017-2023.nc,Wind,0.0,4.5,ERA-Interim,mild
met_insituHT_IT-Arz_2017-2023.nc,Qair,0.0,4.4,ERA-Interim,mild
met_insituHT_IT-Arz_2017-2023.nc,RH,0.0,4.4,ERA-Interim,mild
met_insituHT_IT-Arz_2017-2023.nc,CO2air,0.0,20.0,observed,medium
met_insituHT_IT-BCi_2005-2025.nc,Tair,0.0,19.6,ERA-Interim,medium
met_insituHT_IT-BCi_2005-2025.nc,SWdown,0.0,21.2,ERA-Interim,medium
met_insituHT_IT-BCi_2005-2025.nc,LWdown,0.0,48.7,ERA-Interim,heavy
met_insituHT_IT-BCi_2005-2025.nc,VPD,0.0,25.1,ERA-Interim,heavy
met_insituHT_IT-BCi_2005-2025.nc,PSurf,0.0,52.9,ERA-Interim,complete
met_insituHT_IT-BCi_2005-2025.nc,Rainf,0.0,33.8,ERA-Interim,heavy
met_insituHT_IT-BCi_2005-2025.nc,Wind,0.0,24.4,ERA-Interim,medium
met_insituHT_IT-BCi_2005-2025.nc,Qair,0.0,25.1,ERA-Interim,heavy
met_insituHT_IT-BCi_2005-2025.nc,RH,0.0,24.4,ERA-Interim,medium
met_insituHT_IT-BCi_2005-2025.nc,CO2air,0.0,29.2,observed,heavy
met_insituHT_IT-BFt_2019-2024.nc,Tair,0.0,16.7,observed,medium
met_insituHT_IT-BFt_2019-2024.nc,SWdown,0.0,16.8,observed,medium
met_insituHT_IT-BFt_2019-2024.nc,LWdown,0.0,83.5,ERA-Interim,complete
met_insituHT_IT-BFt_2019-2024.nc,VPD,0.0,16.7,observed,medium
met_insituHT_IT-BFt_2019-2024.nc,PSurf,0.0,16.7,ERA-Interim,medium
met_insituHT_IT-BFt_2019-2024.nc,Rainf,0.0,16.7,ERA-Interim,medium
met_insituHT_IT-BFt_2019-2024.nc,Wind,0.0,18.9,ERA-Interim,medium
met_insituHT_IT-BFt_2019-2024.nc,Qair,0.0,16.7,observed,medium
met_insituHT_IT-BFt_2019-2024.nc,RH,0.0,0.0,observed,mild
met_insituHT_IT-BFt_2019-2024.nc,CO2air,0.0,30.9,observed,heavy
met_insituHT_IT-BsB_2022-2024.nc,Tair,0.0,3.1,ERA-Interim,mild
met_insituHT_IT-BsB_2022-2024.nc,SWdown,0.0,0.6,ERA-Interim,mild
met_insituHT_IT-BsB_2022-2024.nc,LWdown,0.0,0.9,ERA-Interim,mild
met_insituHT_IT-BsB_2022-2024.nc,VPD,0.0,3.1,ERA-Interim,mild
met_insituHT_IT-BsB_2022-2024.nc,PSurf,0.0,100.0,ERA-Interim,complete
met_insituHT_IT-BsB_2022-2024.nc,Rainf,0.0,0.0,ERA-Interim,mild
met_insituHT_IT-BsB_2022-2024.nc,Wind,0.0,17.3,ERA-Interim,medium
met_insituHT_IT-BsB_2022-2024.nc,Qair,0.0,3.1,ERA-Interim,mild
met_insituHT_IT-BsB_2022-2024.nc,RH,0.0,3.1,ERA-Interim,mild
met_insituHT_IT-BsB_2022-2024.nc,CO2air,0.0,26.3,observed,heavy
met_insituHT_IT-Bsn_2020-2021.nc,Tair,0.0,37.7,ERA-Interim,heavy
met_insituHT_IT-Bsn_2020-2021.nc,SWdown,0.0,34.7,ERA-Interim,heavy
met_insituHT_IT-Bsn_2020-2021.nc,LWdown,0.0,35.9,ERA-Interim,heavy
met_insituHT_IT-Bsn_2020-2021.nc,VPD,0.0,37.9,ERA-Interim,heavy
met_insituHT_IT-Bsn_2020-2021.nc,PSurf,0.0,100.0,ERA-Interim,complete
met_insituHT_IT-Bsn_2020-2021.nc,Rainf,0.0,23.1,ERA-Interim,medium
met_insituHT_IT-Bsn_2020-2021.nc,Wind,0.0,39.0,ERA-Interim,heavy
met_insituHT_IT-Bsn_2020-2021.nc,Qair,0.0,37.9,ERA-Interim,heavy
met_insituHT_IT-Bsn_2020-2021.nc,RH,0.0,37.7,ERA-Interim,heavy
met_insituHT_IT-Bsn_2020-2021.nc,CO2air,0.0,54.9,observed,complete
met_insituHT_IT-CA1_2012-2014.nc,Tair,0.0,12.8,ERA-Interim,medium
met_insituHT_IT-CA1_2012-2014.nc,SWdown,0.0,3.2,ERA-Interim,mild
met_insituHT_IT-CA1_2012-2014.nc,LWdown,0.0,2.9,ERA-Interim,mild
met_insituHT_IT-CA1_2012-2014.nc,VPD,0.0,15.3,ERA-Interim,medium
met_insituHT_IT-CA1_2012-2014.nc,PSurf,0.0,17.0,ERA-Interim,medium
met_insituHT_IT-CA1_2012-2014.nc,Rainf,0.0,25.8,ERA-Interim,heavy
met_insituHT_IT-CA1_2012-2014.nc,Wind,0.0,13.0,ERA-Interim,medium
met_insituHT_IT-CA1_2012-2014.nc,Qair,0.0,15.3,ERA-Interim,medium
met_insituHT_IT-CA1_2012-2014.nc,RH,0.0,14.9,ERA-Interim,medium
met_insituHT_IT-CA1_2012-2014.nc,CO2air,0.0,23.1,observed,medium
met_insituHT_IT-CA2_2012-2014.nc,Tair,0.0,28.6,ERA-Interim,heavy
met_insituHT_IT-CA2_2012-2014.nc,SWdown,0.0,3.2,ERA-Interim,mild
met_insituHT_IT-CA2_2012-2014.nc,LWdown,0.0,14.2,ERA-Interim,medium
met_insituHT_IT-CA2_2012-2014.nc,VPD,0.0,29.8,ERA-Interim,heavy
met_insituHT_IT-CA2_2012-2014.nc,PSurf,0.0,18.6,ERA-Interim,medium
met_insituHT_IT-CA2_2012-2014.nc,Rainf,0.0,24.5,ERA-Interim,medium
met_insituHT_IT-CA2_2012-2014.nc,Wind,0.0,23.2,ERA-Interim,medium
met_insituHT_IT-CA2_2012-2014.nc,Qair,0.0,29.8,ERA-Interim,heavy
met_insituHT_IT-CA2_2012-2014.nc,RH,0.0,19.7,ERA-Interim,medium
met_insituHT_IT-CA2_2012-2014.nc,CO2air,0.0,28.7,observed,heavy
met_insituHT_IT-CA3_2012-2014.nc,Tair,0.0,11.0,ERA-Interim,medium
met_insituHT_IT-CA3_2012-2014.nc,SWdown,0.0,2.8,ERA-Interim,mild
met_insituHT_IT-CA3_2012-2014.nc,LWdown,0.0,3.9,ERA-Interim,mild
met_insituHT_IT-CA3_2012-2014.nc,VPD,0.0,11.7,ERA-Interim,medium
met_insituHT_IT-CA3_2012-2014.nc,PSurf,0.0,12.0,ERA-Interim,medium
met_insituHT_IT-CA3_2012-2014.nc,Rainf,0.0,25.1,ERA-Interim,heavy
met_insituHT_IT-CA3_2012-2014.nc,Wind,0.0,37.5,ERA-Interim,heavy
met_insituHT_IT-CA3_2012-2014.nc,Qair,0.0,11.7,ERA-Interim,medium
met_insituHT_IT-CA3_2012-2014.nc,RH,0.0,11.3,ERA-Interim,medium
met_insituHT_IT-CA3_2012-2014.nc,CO2air,0.0,29.4,observed,heavy
met_insituHT_IT-Cp2_2013-2025.nc,Tair,0.0,25.2,ERA-Interim,heavy
met_insituHT_IT-Cp2_2013-2025.nc,SWdown,0.0,11.8,ERA-Interim,medium
met_insituHT_IT-Cp2_2013-2025.nc,LWdown,0.0,59.2,ERA-Interim,complete
met_insituHT_IT-Cp2_2013-2025.nc,VPD,0.0,26.6,ERA-Interim,heavy
met_insituHT_IT-Cp2_2013-2025.nc,PSurf,0.0,12.6,ERA-Interim,medium
met_insituHT_IT-Cp2_2013-2025.nc,Rainf,0.0,28.4,ERA-Interim,heavy
met_insituHT_IT-Cp2_2013-2025.nc,Wind,0.0,14.6,ERA-Interim,medium
met_insituHT_IT-Cp2_2013-2025.nc,Qair,0.0,26.6,ERA-Interim,heavy
met_insituHT_IT-Cp2_2013-2025.nc,RH,0.0,19.3,ERA-Interim,medium
met_insituHT_IT-Cp2_2013-2025.nc,CO2air,0.0,32.4,observed,heavy
met_insituHT_IT-Cpz_2001-2008.nc,Tair,0.0,4.9,observed,mild
met_insituHT_IT-Cpz_2001-2008.nc,SWdown,0.0,8.0,observed,mild
met_insituHT_IT-Cpz_2001-2008.nc,LWdown,0.0,100.0,ERA-Interim,complete
met_insituHT_IT-Cpz_2001-2008.nc,VPD,0.0,15.6,observed,medium
met_insituHT_IT-Cpz_2001-2008.nc,PSurf,0.0,18.2,ERA-Interim,medium
met_insituHT_IT-Cpz_2001-2008.nc,Rainf,0.0,3.2,ERA-Interim,mild
met_insituHT_IT-Cpz_2001-2008.nc,Wind,0.0,20.5,ERA-Interim,medium
met_insituHT_IT-Cpz_2001-2008.nc,Qair,0.0,15.6,observed,medium
met_insituHT_IT-Cpz_2001-2008.nc,RH,0.0,12.2,ERA-Interim,medium
met_insituHT_IT-Cpz_2001-2008.nc,CO2air,0.0,23.1,observed,medium
met_insituHT_IT-Lav_2003-2020.nc,Tair,0.0,4.0,observed,mild
met_insituHT_IT-Lav_2003-2020.nc,SWdown,0.0,2.5,observed,mild
met_insituHT_IT-Lav_2003-2020.nc,LWdown,0.0,4.0,observed,mild
met_insituHT_IT-Lav_2003-2020.nc,VPD,0.0,4.0,observed,mild
met_insituHT_IT-Lav_2003-2020.nc,PSurf,0.0,22.1,ERA-Interim,medium
met_insituHT_IT-Lav_2003-2020.nc,Rainf,0.0,17.7,ERA-Interim,medium
met_insituHT_IT-Lav_2003-2020.nc,Wind,0.0,12.1,ERA-Interim,medium
met_insituHT_IT-Lav_2003-2020.nc,Qair,0.0,4.0,observed,mild
met_insituHT_IT-Lav_2003-2020.nc,RH,0.0,3.8,ERA-Interim,mild
met_insituHT_IT-Lav_2003-2020.nc,CO2air,0.0,37.5,observed,heavy
met_insituHT_IT-Lsn_2016-2024.nc,Tair,0.0,0.0,observed,mild
met_insituHT_IT-Lsn_2016-2024.nc,SWdown,0.0,3.2,observed,mild
met_insituHT_IT-Lsn_2016-2024.nc,LWdown,0.0,2.7,observed,mild
met_insituHT_IT-Lsn_2016-2024.nc,VPD,0.0,0.1,observed,mild
met_insituHT_IT-Lsn_2016-2024.nc,PSurf,0.0,0.0,ERA-Interim,mild
met_insituHT_IT-Lsn_2016-2024.nc,Rainf,0.0,10.2,ERA-Interim,medium
met_insituHT_IT-Lsn_2016-2024.nc,Wind,0.0,20.7,ERA-Interim,medium
met_insituHT_IT-Lsn_2016-2024.nc,Qair,0.0,0.1,observed,mild
met_insituHT_IT-Lsn_2016-2024.nc,RH,0.0,0.1,ERA-Interim,mild
met_insituHT_IT-Lsn_2016-2024.nc,CO2air,0.0,22.0,observed,medium
met_insituHT_IT-MBo_2003-2024.nc,Tair,0.0,16.3,ERA-Interim,medium
met_insituHT_IT-MBo_2003-2024.nc,SWdown,0.0,17.0,ERA-Interim,medium
met_insituHT_IT-MBo_2003-2024.nc,LWdown,0.0,20.8,ERA-Interim,medium
met_insituHT_IT-MBo_2003-2024.nc,VPD,0.0,16.8,ERA-Interim,medium
met_insituHT_IT-MBo_2003-2024.nc,PSurf,0.0,17.5,ERA-Interim,medium
met_insituHT_IT-MBo_2003-2024.nc,Rainf,0.0,14.5,ERA-Interim,medium
met_insituHT_IT-MBo_2003-2024.nc,Wind,0.0,21.1,ERA-Interim,medium
met_insituHT_IT-MBo_2003-2024.nc,Qair,0.0,16.8,ERA-Interim,medium
met_insituHT_IT-MBo_2003-2024.nc,RH,0.0,16.0,ERA-Interim,medium
met_insituHT_IT-MBo_2003-2024.nc,CO2air,0.0,30.1,observed,heavy
met_insituHT_IT-MtM_2014-2019.nc,Tair,0.0,10.9,observed,medium
met_insituHT_IT-MtM_2014-2019.nc,SWdown,0.0,2.4,observed,mild
met_insituHT_IT-MtM_2014-2019.nc,LWdown,0.0,4.9,ERA-Interim,mild
met_insituHT_IT-MtM_2014-2019.nc,VPD,0.0,10.9,observed,medium
met_insituHT_IT-MtM_2014-2019.nc,PSurf,0.0,23.2,ERA-Interim,medium
met_insituHT_IT-MtM_2014-2019.nc,Rainf,0.0,2.6,ERA-Interim,mild
met_insituHT_IT-MtM_2014-2019.nc,Wind,0.0,27.3,ERA-Interim,heavy
met_insituHT_IT-MtM_2014-2019.nc,Qair,0.0,10.9,observed,medium
met_insituHT_IT-MtM_2014-2019.nc,RH,0.0,3.9,ERA-Interim,mild
met_insituHT_IT-MtM_2014-2019.nc,CO2air,0.0,30.3,observed,heavy
met_insituHT_IT-MtP_2015-2018.nc,Tair,0.0,4.6,ERA-Interim,mild
met_insituHT_IT-MtP_2015-2018.nc,SWdown,0.0,1.9,ERA-Interim,mild
met_insituHT_IT-MtP_2015-2018.nc,LWdown,0.0,7.4,ERA-Interim,mild
met_insituHT_IT-MtP_2015-2018.nc,VPD,0.0,4.6,ERA-Interim,mild
met_insituHT_IT-MtP_2015-2018.nc,PSurf,0.0,10.3,ERA-Interim,medium
met_insituHT_IT-MtP_2015-2018.nc,Rainf,0.0,0.0,ERA-Interim,mild
met_insituHT_IT-MtP_2015-2018.nc,Wind,0.0,18.6,ERA-Interim,medium
met_insituHT_IT-MtP_2015-2018.nc,Qair,0.0,4.6,ERA-Interim,mild
met_insituHT_IT-MtP_2015-2018.nc,RH,0.0,2.3,ERA-Interim,mild
met_insituHT_IT-MtP_2015-2018.nc,CO2air,0.0,21.5,observed,medium
met_insituHT_IT-NiG_2020-2024.nc,Tair,0.0,8.9,observed,mild
met_insituHT_IT-NiG_2020-2024.nc,SWdown,0.0,15.6,ERA-Interim,medium
met_insituHT_IT-NiG_2020-2024.nc,LWdown,0.0,27.7,ERA-Interim,heavy
met_insituHT_IT-NiG_2020-2024.nc,VPD,0.0,19.9,ERA-Interim,medium
met_insituHT_IT-NiG_2020-2024.nc,PSurf,0.0,22.6,ERA-Interim,medium
met_insituHT_IT-NiG_2020-2024.nc,Rainf,0.0,81.8,ERA-Interim,complete
met_insituHT_IT-NiG_2020-2024.nc,Wind,0.0,22.3,ERA-Interim,medium
met_insituHT_IT-NiG_2020-2024.nc,Qair,0.0,19.9,ERA-Interim,medium
met_insituHT_IT-NiG_2020-2024.nc,RH,0.0,19.8,ERA-Interim,medium
met_insituHT_IT-NiG_2020-2024.nc,CO2air,0.0,28.2,observed,heavy
met_insituHT_IT-Niv_2020-2023.nc,Tair,0.0,69.7,ERA-Interim,complete
met_insituHT_IT-Niv_2020-2023.nc,SWdown,0.0,67.9,ERA-Interim,complete
met_insituHT_IT-Niv_2020-2023.nc,LWdown,0.0,100.0,ERA-Interim,complete
met_insituHT_IT-Niv_2020-2023.nc,VPD,0.0,69.7,ERA-Interim,complete
met_insituHT_IT-Niv_2020-2023.nc,PSurf,0.0,69.7,ERA-Interim,complete
met_insituHT_IT-Niv_2020-2023.nc,Rainf,0.0,94.2,ERA-Interim,complete
met_insituHT_IT-Niv_2020-2023.nc,Wind,0.0,72.4,ERA-Interim,complete
met_insituHT_IT-Niv_2020-2023.nc,Qair,0.0,69.7,ERA-Interim,complete
met_insituHT_IT-Niv_2020-2023.nc,RH,0.0,69.7,ERA-Interim,complete
met_insituHT_IT-Niv_2020-2023.nc,CO2air,0.0,72.4,observed,complete
met_insituHT_IT-Noe_2022-2024.nc,Tair,0.0,32.2,observed,heavy
met_insituHT_IT-Noe_2022-2024.nc,SWdown,0.0,32.5,observed,heavy
met_insituHT_IT-Noe_2022-2024.nc,LWdown,0.0,32.2,observed,heavy
met_insituHT_IT-Noe_2022-2024.nc,VPD,0.0,32.4,observed,heavy
met_insituHT_IT-Noe_2022-2024.nc,PSurf,0.0,85.6,ERA-Interim,complete
met_insituHT_IT-Noe_2022-2024.nc,Rainf,0.0,32.2,ERA-Interim,heavy
met_insituHT_IT-Noe_2022-2024.nc,Wind,0.0,25.7,ERA-Interim,heavy
met_insituHT_IT-Noe_2022-2024.nc,Qair,0.0,32.4,observed,heavy
met_insituHT_IT-Noe_2022-2024.nc,RH,0.0,32.4,ERA-Interim,heavy
met_insituHT_IT-Noe_2022-2024.nc,CO2air,0.0,29.4,observed,heavy
met_insituHT_IT-Ren_1999-2025.nc,Tair,0.0,6.3,observed,mild
met_insituHT_IT-Ren_1999-2025.nc,SWdown,0.0,6.6,observed,mild
met_insituHT_IT-Ren_1999-2025.nc,LWdown,0.0,43.1,ERA-Interim,heavy
met_insituHT_IT-Ren_1999-2025.nc,VPD,0.0,10.6,observed,medium
met_insituHT_IT-Ren_1999-2025.nc,PSurf,0.0,33.8,ERA-Interim,heavy
met_insituHT_IT-Ren_1999-2025.nc,Rainf,0.0,50.0,ERA-Interim,heavy
met_insituHT_IT-Ren_1999-2025.nc,Wind,0.0,26.7,ERA-Interim,heavy
met_insituHT_IT-Ren_1999-2025.nc,Qair,0.0,10.6,observed,medium
met_insituHT_IT-Ren_1999-2025.nc,RH,0.0,10.4,ERA-Interim,medium
met_insituHT_IT-Ren_1999-2025.nc,CO2air,0.0,21.3,observed,medium
met_insituHT_IT-Ro1_2001-2008.nc,Tair,0.0,8.1,ERA-Interim,mild
met_insituHT_IT-Ro1_2001-2008.nc,SWdown,0.0,10.2,ERA-Interim,medium
met_insituHT_IT-Ro1_2001-2008.nc,LWdown,0.0,87.5,ERA-Interim,complete
met_insituHT_IT-Ro1_2001-2008.nc,VPD,0.0,17.1,ERA-Interim,medium
met_insituHT_IT-Ro1_2001-2008.nc,PSurf,0.0,10.2,ERA-Interim,medium
met_insituHT_IT-Ro1_2001-2008.nc,Rainf,0.0,16.0,ERA-Interim,medium
met_insituHT_IT-Ro1_2001-2008.nc,Wind,0.0,16.8,ERA-Interim,medium
met_insituHT_IT-Ro1_2001-2008.nc,Qair,0.0,17.1,ERA-Interim,medium
met_insituHT_IT-Ro1_2001-2008.nc,RH,0.0,16.0,ERA-Interim,medium
met_insituHT_IT-Ro1_2001-2008.nc,CO2air,0.0,21.6,observed,medium
met_insituHT_IT-Ro2_2002-2012.nc,Tair,0.0,21.6,observed,medium
met_insituHT_IT-Ro2_2002-2012.nc,SWdown,0.0,14.3,observed,medium
met_insituHT_IT-Ro2_2002-2012.nc,LWdown,0.0,86.3,ERA-Interim,complete
met_insituHT_IT-Ro2_2002-2012.nc,VPD,0.0,29.1,observed,heavy
met_insituHT_IT-Ro2_2002-2012.nc,PSurf,0.0,59.5,ERA-Interim,complete
met_insituHT_IT-Ro2_2002-2012.nc,Rainf,0.0,14.7,ERA-Interim,medium
met_insituHT_IT-Ro2_2002-2012.nc,Wind,0.0,32.6,ERA-Interim,heavy
met_insituHT_IT-Ro2_2002-2012.nc,Qair,0.0,29.1,observed,heavy
met_insituHT_IT-Ro2_2002-2012.nc,RH,0.0,28.0,ERA-Interim,heavy
met_insituHT_IT-Ro2_2002-2012.nc,CO2air,0.0,34.6,observed,heavy
met_insituHT_IT-SR2_2013-2024.nc,Tair,0.0,6.6,ERA-Interim,mild
met_insituHT_IT-SR2_2013-2024.nc,SWdown,0.0,8.7,ERA-Interim,mild
met_insituHT_IT-SR2_2013-2024.nc,LWdown,0.0,9.4,ERA-Interim,mild
met_insituHT_IT-SR2_2013-2024.nc,VPD,0.0,6.9,ERA-Interim,mild
met_insituHT_IT-SR2_2013-2024.nc,PSurf,0.0,8.0,ERA-Interim,mild
met_insituHT_IT-SR2_2013-2024.nc,Rainf,0.0,20.5,ERA-Interim,medium
met_insituHT_IT-SR2_2013-2024.nc,Wind,0.0,9.2,ERA-Interim,mild
met_insituHT_IT-SR2_2013-2024.nc,Qair,0.0,6.9,ERA-Interim,mild
met_insituHT_IT-SR2_2013-2024.nc,RH,0.0,6.9,ERA-Interim,mild
met_insituHT_IT-SR2_2013-2024.nc,CO2air,0.0,15.8,observed,medium
met_insituHT_IT-SRo_1999-2012.nc,Tair,0.0,7.9,observed,mild
met_insituHT_IT-SRo_1999-2012.nc,SWdown,0.0,8.7,observed,mild
met_insituHT_IT-SRo_1999-2012.nc,LWdown,0.0,75.2,ERA-Interim,complete
met_insituHT_IT-SRo_1999-2012.nc,VPD,0.0,22.9,ERA-Interim,medium
met_insituHT_IT-SRo_1999-2012.nc,PSurf,0.0,16.1,ERA-Interim,medium
met_insituHT_IT-SRo_1999-2012.nc,Rainf,0.0,18.9,ERA-Interim,medium
met_insituHT_IT-SRo_1999-2012.nc,Wind,0.0,14.6,ERA-Interim,medium
met_insituHT_IT-SRo_1999-2012.nc,Qair,0.0,22.9,ERA-Interim,medium
met_insituHT_IT-SRo_1999-2012.nc,RH,0.0,22.8,ERA-Interim,medium
met_insituHT_IT-SRo_1999-2012.nc,CO2air,0.0,22.6,observed,medium
met_insituHT_IT-Tor_2009-2023.nc,Tair,0.0,1.1,ERA-Interim,mild
met_insituHT_IT-Tor_2009-2023.nc,SWdown,0.0,1.1,ERA-Interim,mild
met_insituHT_IT-Tor_2009-2023.nc,LWdown,0.0,1.2,ERA-Interim,mild
met_insituHT_IT-Tor_2009-2023.nc,VPD,0.0,1.1,ERA-Interim,mild
met_insituHT_IT-Tor_2009-2023.nc,PSurf,0.0,9.2,ERA-Interim,mild
met_insituHT_IT-Tor_2009-2023.nc,Rainf,0.0,1.3,ERA-Interim,mild
met_insituHT_IT-Tor_2009-2023.nc,Wind,0.0,4.8,ERA-Interim,mild
met_insituHT_IT-Tor_2009-2023.nc,Qair,0.0,1.1,ERA-Interim,mild
met_insituHT_IT-Tor_2009-2023.nc,RH,0.0,1.1,ERA-Interim,mild
met_insituHT_IT-Tor_2009-2023.nc,CO2air,0.0,14.0,observed,medium
met_insituHT_IT-TrF_2013-2024.nc,Tair,0.0,1.7,ERA-Interim,mild
met_insituHT_IT-TrF_2013-2024.nc,SWdown,0.0,1.6,ERA-Interim,mild
met_insituHT_IT-TrF_2013-2024.nc,LWdown,0.0,1.7,ERA-Interim,mild
met_insituHT_IT-TrF_2013-2024.nc,VPD,0.0,1.7,ERA-Interim,mild
met_insituHT_IT-TrF_2013-2024.nc,PSurf,0.0,3.5,ERA-Interim,mild
met_insituHT_IT-TrF_2013-2024.nc,Rainf,0.0,0.8,ERA-Interim,mild
met_insituHT_IT-TrF_2013-2024.nc,Wind,0.0,11.5,ERA-Interim,medium
met_insituHT_IT-TrF_2013-2024.nc,Qair,0.0,1.7,ERA-Interim,mild
met_insituHT_IT-TrF_2013-2024.nc,RH,0.0,1.7,ERA-Interim,mild
met_insituHT_IT-TrF_2013-2024.nc,CO2air,0.0,14.9,observed,medium
met_insituHT_JP-Api_2001-2022.nc,Tair,0.0,10.5,ERA-Interim,medium
met_insituHT_JP-Api_2001-2022.nc,SWdown,0.0,2.7,ERA-Interim,mild
met_insituHT_JP-Api_2001-2022.nc,LWdown,0.0,3.6,ERA-Interim,mild
met_insituHT_JP-Api_2001-2022.nc,VPD,0.0,12.5,ERA-Interim,medium
met_insituHT_JP-Api_2001-2022.nc,PSurf,0.0,2.8,ERA-Interim,mild
met_insituHT_JP-Api_2001-2022.nc,Rainf,0.0,100.0,ERA-Interim,complete
met_insituHT_JP-Api_2001-2022.nc,Wind,0.0,11.5,ERA-Interim,medium
met_insituHT_JP-Api_2001-2022.nc,Qair,0.0,12.5,ERA-Interim,medium
met_insituHT_JP-Api_2001-2022.nc,RH,0.0,12.5,ERA-Interim,medium
met_insituHT_JP-Api_2001-2022.nc,CO2air,0.0,7.1,observed,mild
met_insituHT_JP-BBY_2014-2020.nc,Tair,0.0,4.2,ERA-Interim,mild
met_insituHT_JP-BBY_2014-2020.nc,SWdown,0.0,3.3,observed,mild
met_insituHT_JP-BBY_2014-2020.nc,LWdown,0.0,4.2,observed,mild
met_insituHT_JP-BBY_2014-2020.nc,VPD,0.0,4.2,ERA-Interim,mild
met_insituHT_JP-BBY_2014-2020.nc,PSurf,0.0,6.4,ERA-Interim,mild
met_insituHT_JP-BBY_2014-2020.nc,Rainf,0.0,100.0,ERA-Interim,complete
met_insituHT_JP-BBY_2014-2020.nc,Wind,0.0,4.3,ERA-Interim,mild
met_insituHT_JP-BBY_2014-2020.nc,Qair,0.0,4.2,ERA-Interim,mild
met_insituHT_JP-BBY_2014-2020.nc,RH,0.0,4.2,ERA-Interim,mild
met_insituHT_JP-BBY_2014-2020.nc,CO2air,0.0,71.0,observed,complete
met_insituHT_JP-Fhk_2006-2023.nc,Tair,0.0,0.2,observed,mild
met_insituHT_JP-Fhk_2006-2023.nc,SWdown,0.0,0.3,observed,mild
met_insituHT_JP-Fhk_2006-2023.nc,LWdown,0.0,0.7,observed,mild
met_insituHT_JP-Fhk_2006-2023.nc,VPD,0.0,3.8,observed,mild
met_insituHT_JP-Fhk_2006-2023.nc,PSurf,0.0,0.1,ERA-Interim,mild
met_insituHT_JP-Fhk_2006-2023.nc,Rainf,0.0,1.8,ERA-Interim,mild
met_insituHT_JP-Fhk_2006-2023.nc,Wind,0.0,4.9,ERA-Interim,mild
met_insituHT_JP-Fhk_2006-2023.nc,Qair,0.0,3.8,observed,mild
met_insituHT_JP-Fhk_2006-2023.nc,RH,0.0,0.3,ERA-Interim,mild
met_insituHT_JP-Fhk_2006-2023.nc,CO2air,0.0,6.4,observed,mild
met_insituHT_JP-Fjy_2001-2020.nc,Tair,0.0,1.0,observed,mild
met_insituHT_JP-Fjy_2001-2020.nc,SWdown,0.0,0.4,observed,mild
met_insituHT_JP-Fjy_2001-2020.nc,LWdown,0.0,1.0,ERA-Interim,mild
met_insituHT_JP-Fjy_2001-2020.nc,VPD,0.0,11.7,observed,medium
met_insituHT_JP-Fjy_2001-2020.nc,PSurf,0.0,75.0,ERA-Interim,complete
met_insituHT_JP-Fjy_2001-2020.nc,Rainf,0.0,0.7,ERA-Interim,mild
met_insituHT_JP-Fjy_2001-2020.nc,Wind,0.0,4.8,ERA-Interim,mild
met_insituHT_JP-Fjy_2001-2020.nc,Qair,0.0,11.7,observed,medium
met_insituHT_JP-Fjy_2001-2020.nc,RH,0.0,11.7,ERA-Interim,medium
met_insituHT_JP-Fjy_2001-2020.nc,CO2air,0.0,8.9,observed,mild
met_insituHT_JP-Fmt_2014-2022.nc,Tair,0.0,9.0,ERA-Interim,mild
met_insituHT_JP-Fmt_2014-2022.nc,SWdown,0.0,4.4,ERA-Interim,mild
met_insituHT_JP-Fmt_2014-2022.nc,LWdown,0.0,100.0,ERA-Interim,complete
met_insituHT_JP-Fmt_2014-2022.nc,VPD,0.0,9.6,ERA-Interim,mild
met_insituHT_JP-Fmt_2014-2022.nc,PSurf,0.0,100.0,ERA-Interim,complete
met_insituHT_JP-Fmt_2014-2022.nc,Rainf,0.0,100.0,ERA-Interim,complete
met_insituHT_JP-Fmt_2014-2022.nc,Wind,0.0,7.6,ERA-Interim,mild
met_insituHT_JP-Fmt_2014-2022.nc,Qair,0.0,9.6,ERA-Interim,mild
met_insituHT_JP-Fmt_2014-2022.nc,RH,0.0,9.6,ERA-Interim,mild
met_insituHT_JP-Fmt_2014-2022.nc,CO2air,0.0,36.5,observed,heavy
met_insituHT_JP-Hc2_2003-2004.nc,Tair,0.0,55.5,ERA-Interim,complete
met_insituHT_JP-Hc2_2003-2004.nc,SWdown,0.0,57.1,ERA-Interim,complete
met_insituHT_JP-Hc2_2003-2004.nc,LWdown,0.0,100.0,ERA-Interim,complete
met_insituHT_JP-Hc2_2003-2004.nc,VPD,0.0,55.5,ERA-Interim,complete
met_insituHT_JP-Hc2_2003-2004.nc,PSurf,0.0,100.0,ERA-Interim,complete
met_insituHT_JP-Hc2_2003-2004.nc,Rainf,0.0,100.0,ERA-Interim,complete
met_insituHT_JP-Hc2_2003-2004.nc,Wind,0.0,56.1,ERA-Interim,complete
met_insituHT_JP-Hc2_2003-2004.nc,Qair,0.0,55.5,ERA-Interim,complete
met_insituHT_JP-Hc2_2003-2004.nc,RH,0.0,55.5,ERA-Interim,complete
met_insituHT_JP-Hc2_2003-2004.nc,CO2air,0.0,100.0,observed,complete
met_insituHT_JP-Hc3_2005-2008.nc,Tair,0.0,30.6,observed,heavy
met_insituHT_JP-Hc3_2005-2008.nc,SWdown,0.0,41.8,observed,heavy
met_insituHT_JP-Hc3_2005-2008.nc,LWdown,0.0,100.0,ERA-Interim,complete
met_insituHT_JP-Hc3_2005-2008.nc,VPD,0.0,64.0,ERA-Interim,complete
met_insituHT_JP-Hc3_2005-2008.nc,PSurf,0.0,100.0,ERA-Interim,complete
met_insituHT_JP-Hc3_2005-2008.nc,Rainf,0.0,100.0,ERA-Interim,complete
met_insituHT_JP-Hc3_2005-2008.nc,Wind,0.0,38.1,ERA-Interim,heavy
met_insituHT_JP-Hc3_2005-2008.nc,Qair,0.0,64.0,ERA-Interim,complete
met_insituHT_JP-Hc3_2005-2008.nc,RH,0.0,64.0,ERA-Interim,complete
met_insituHT_JP-Hc3_2005-2008.nc,CO2air,0.0,100.0,observed,complete
met_insituHT_JP-KaP_1997-1997.nc,Tair,0.0,87.3,ERA-Interim,complete
met_insituHT_JP-KaP_1997-1997.nc,SWdown,0.0,86.0,ERA-Interim,complete
met_insituHT_JP-KaP_1997-1997.nc,LWdown,0.0,100.0,ERA-Interim,complete
met_insituHT_JP-KaP_1997-1997.nc,VPD,0.0,88.6,ERA-Interim,complete
met_insituHT_JP-KaP_1997-1997.nc,PSurf,0.0,88.9,ERA-Interim,complete
met_insituHT_JP-KaP_1997-1997.nc,Rainf,0.0,100.0,ERA-Interim,complete
met_insituHT_JP-KaP_1997-1997.nc,Wind,0.0,88.1,ERA-Interim,complete
met_insituHT_JP-KaP_1997-1997.nc,Qair,0.0,88.6,ERA-Interim,complete
met_insituHT_JP-KaP_1997-1997.nc,RH,0.0,88.6,ERA-Interim,complete
met_insituHT_JP-KaP_1997-1997.nc,CO2air,0.0,90.2,observed,complete
met_insituHT_JP-Khw_2010-2021.nc,Tair,0.0,21.0,observed,medium
met_insituHT_JP-Khw_2010-2021.nc,SWdown,0.0,3.1,observed,mild
met_insituHT_JP-Khw_2010-2021.nc,LWdown,0.0,5.8,ERA-Interim,mild
met_insituHT_JP-Khw_2010-2021.nc,VPD,0.0,21.3,observed,medium
met_insituHT_JP-Khw_2010-2021.nc,PSurf,0.0,100.0,ERA-Interim,complete
met_insituHT_JP-Khw_2010-2021.nc,Rainf,0.0,55.6,ERA-Interim,complete
met_insituHT_JP-Khw_2010-2021.nc,Wind,0.0,44.1,ERA-Interim,heavy
met_insituHT_JP-Khw_2010-2021.nc,Qair,0.0,21.3,observed,medium
met_insituHT_JP-Khw_2010-2021.nc,RH,0.0,15.6,ERA-Interim,medium
met_insituHT_JP-Khw_2010-2021.nc,CO2air,0.0,46.7,observed,heavy
met_insituHT_JP-Kzw_2005-2005.nc,Tair,0.0,0.0,ERA-Interim,mild
met_insituHT_JP-Kzw_2005-2005.nc,SWdown,0.0,4.2,ERA-Interim,mild
met_insituHT_JP-Kzw_2005-2005.nc,LWdown,0.0,4.2,ERA-Interim,mild
met_insituHT_JP-Kzw_2005-2005.nc,VPD,0.0,0.0,ERA-Interim,mild
met_insituHT_JP-Kzw_2005-2005.nc,PSurf,0.0,0.0,ERA-Interim,mild
met_insituHT_JP-Kzw_2005-2005.nc,Rainf,0.0,100.0,ERA-Interim,complete
met_insituHT_JP-Kzw_2005-2005.nc,Wind,0.0,0.0,ERA-Interim,mild
met_insituHT_JP-Kzw_2005-2005.nc,Qair,0.0,0.0,ERA-Interim,mild
met_insituHT_JP-Kzw_2005-2005.nc,RH,0.0,0.0,ERA-Interim,mild
met_insituHT_JP-Kzw_2005-2005.nc,CO2air,0.0,0.1,observed,mild
met_insituHT_JP-MBF_2005-2010.nc,Tair,0.0,11.9,ERA-Interim,medium
met_insituHT_JP-MBF_2005-2010.nc,SWdown,0.0,9.7,ERA-Interim,mild
met_insituHT_JP-MBF_2005-2010.nc,LWdown,0.0,11.9,ERA-Interim,medium
met_insituHT_JP-MBF_2005-2010.nc,VPD,0.0,11.9,ERA-Interim,medium
met_insituHT_JP-MBF_2005-2010.nc,PSurf,0.0,14.0,ERA-Interim,medium
met_insituHT_JP-MBF_2005-2010.nc,Rainf,0.0,100.0,ERA-Interim,complete
met_insituHT_JP-MBF_2005-2010.nc,Wind,0.0,16.3,ERA-Interim,medium
met_insituHT_JP-MBF_2005-2010.nc,Qair,0.0,11.9,ERA-Interim,medium
met_insituHT_JP-MBF_2005-2010.nc,RH,0.0,11.9,ERA-Interim,medium
met_insituHT_JP-MBF_2005-2010.nc,CO2air,0.0,44.1,observed,heavy
met_insituHT_JP-MMF_2005-2010.nc,Tair,0.0,1.3,ERA-Interim,mild
met_insituHT_JP-MMF_2005-2010.nc,SWdown,0.0,1.3,ERA-Interim,mild
met_insituHT_JP-MMF_2005-2010.nc,LWdown,0.0,1.3,ERA-Interim,mild
met_insituHT_JP-MMF_2005-2010.nc,VPD,0.0,1.6,ERA-Interim,mild
met_insituHT_JP-MMF_2005-2010.nc,PSurf,0.0,6.9,ERA-Interim,mild
met_insituHT_JP-MMF_2005-2010.nc,Rainf,0.0,4.0,ERA-Interim,mild
met_insituHT_JP-MMF_2005-2010.nc,Wind,0.0,2.4,ERA-Interim,mild
met_insituHT_JP-MMF_2005-2010.nc,Qair,0.0,1.6,ERA-Interim,mild
met_insituHT_JP-MMF_2005-2010.nc,RH,0.0,1.6,ERA-Interim,mild
met_insituHT_JP-MMF_2005-2010.nc,CO2air,0.0,37.1,observed,heavy
met_insituHT_JP-Mse_2002-2006.nc,Tair,0.0,0.0,observed,mild
met_insituHT_JP-Mse_2002-2006.nc,SWdown,0.0,0.5,observed,mild
met_insituHT_JP-Mse_2002-2006.nc,LWdown,0.0,100.0,ERA-Interim,complete
met_insituHT_JP-Mse_2002-2006.nc,VPD,0.0,0.0,observed,mild
met_insituHT_JP-Mse_2002-2006.nc,PSurf,0.0,0.1,ERA-Interim,mild
met_insituHT_JP-Mse_2002-2006.nc,Rainf,0.0,100.0,ERA-Interim,complete
met_insituHT_JP-Mse_2002-2006.nc,Wind,0.0,3.8,ERA-Interim,mild
met_insituHT_JP-Mse_2002-2006.nc,Qair,0.0,0.0,observed,mild
met_insituHT_JP-Mse_2002-2006.nc,RH,0.0,0.0,ERA-Interim,mild
met_insituHT_JP-Mse_2002-2006.nc,CO2air,0.0,40.0,observed,heavy
met_insituHT_JP-Nkm_2019-2023.nc,Tair,0.0,0.0,observed,mild
met_insituHT_JP-Nkm_2019-2023.nc,SWdown,0.0,0.0,observed,mild
met_insituHT_JP-Nkm_2019-2023.nc,LWdown,0.0,26.6,observed,heavy
met_insituHT_JP-Nkm_2019-2023.nc,VPD,0.0,2.1,observed,mild
met_insituHT_JP-Nkm_2019-2023.nc,PSurf,0.0,26.4,ERA-Interim,heavy
met_insituHT_JP-Nkm_2019-2023.nc,Rainf,0.0,100.0,ERA-Interim,complete
met_insituHT_JP-Nkm_2019-2023.nc,Wind,0.0,64.1,ERA-Interim,complete
met_insituHT_JP-Nkm_2019-2023.nc,Qair,0.0,2.1,observed,mild
met_insituHT_JP-Nkm_2019-2023.nc,RH,0.0,2.1,ERA-Interim,mild
met_insituHT_JP-Nkm_2019-2023.nc,CO2air,0.0,69.0,observed,complete
met_insituHT_JP-NsC_2005-2014.nc,Tair,0.0,1.6,ERA-Interim,mild
met_insituHT_JP-NsC_2005-2014.nc,SWdown,0.0,0.4,ERA-Interim,mild
met_insituHT_JP-NsC_2005-2014.nc,LWdown,0.0,100.0,ERA-Interim,complete
met_insituHT_JP-NsC_2005-2014.nc,VPD,0.0,1.6,ERA-Interim,mild
met_insituHT_JP-NsC_2005-2014.nc,PSurf,0.0,100.0,ERA-Interim,complete
met_insituHT_JP-NsC_2005-2014.nc,Rainf,0.0,65.6,ERA-Interim,complete
met_insituHT_JP-NsC_2005-2014.nc,Wind,0.0,1.8,ERA-Interim,mild
met_insituHT_JP-NsC_2005-2014.nc,Qair,0.0,1.6,ERA-Interim,mild
met_insituHT_JP-NsC_2005-2014.nc,RH,0.0,1.6,ERA-Interim,mild
met_insituHT_JP-NsC_2005-2014.nc,CO2air,0.0,39.1,observed,heavy
met_insituHT_JP-NsM_2005-2014.nc,Tair,0.0,1.6,ERA-Interim,mild
met_insituHT_JP-NsM_2005-2014.nc,SWdown,0.0,0.4,ERA-Interim,mild
met_insituHT_JP-NsM_2005-2014.nc,LWdown,0.0,100.0,ERA-Interim,complete
met_insituHT_JP-NsM_2005-2014.nc,VPD,0.0,1.6,ERA-Interim,mild
met_insituHT_JP-NsM_2005-2014.nc,PSurf,0.0,100.0,ERA-Interim,complete
met_insituHT_JP-NsM_2005-2014.nc,Rainf,0.0,65.6,ERA-Interim,complete
met_insituHT_JP-NsM_2005-2014.nc,Wind,0.0,0.5,ERA-Interim,mild
met_insituHT_JP-NsM_2005-2014.nc,Qair,0.0,1.6,ERA-Interim,mild
met_insituHT_JP-NsM_2005-2014.nc,RH,0.0,1.6,ERA-Interim,mild
met_insituHT_JP-NsM_2005-2014.nc,CO2air,0.0,35.3,observed,heavy
met_insituHT_JP-Nuf_2000-2001.nc,Tair,0.0,7.8,observed,mild
met_insituHT_JP-Nuf_2000-2001.nc,SWdown,0.0,3.3,observed,mild
met_insituHT_JP-Nuf_2000-2001.nc,LWdown,0.0,100.0,ERA-Interim,complete
met_insituHT_JP-Nuf_2000-2001.nc,VPD,0.0,7.9,observed,mild
met_insituHT_JP-Nuf_2000-2001.nc,PSurf,0.0,29.1,ERA-Interim,heavy
met_insituHT_JP-Nuf_2000-2001.nc,Rainf,0.0,100.0,ERA-Interim,complete
met_insituHT_JP-Nuf_2000-2001.nc,Wind,0.0,8.2,ERA-Interim,mild
met_insituHT_JP-Nuf_2000-2001.nc,Qair,0.0,7.9,observed,mild
met_insituHT_JP-Nuf_2000-2001.nc,RH,0.0,7.9,ERA-Interim,mild
met_insituHT_JP-Nuf_2000-2001.nc,CO2air,0.0,11.3,observed,medium
met_insituHT_JP-Om2_2023-2025.nc,Tair,0.0,1.8,ERA-Interim,mild
met_insituHT_JP-Om2_2023-2025.nc,SWdown,0.0,2.1,ERA-Interim,mild
met_insituHT_JP-Om2_2023-2025.nc,LWdown,0.0,100.0,ERA-Interim,complete
met_insituHT_JP-Om2_2023-2025.nc,VPD,0.0,4.0,ERA-Interim,mild
met_insituHT_JP-Om2_2023-2025.nc,PSurf,0.0,100.0,ERA-Interim,complete
met_insituHT_JP-Om2_2023-2025.nc,Rainf,0.0,100.0,ERA-Interim,complete
met_insituHT_JP-Om2_2023-2025.nc,Wind,0.0,2.6,ERA-Interim,mild
met_insituHT_JP-Om2_2023-2025.nc,Qair,0.0,4.0,ERA-Interim,mild
met_insituHT_JP-Om2_2023-2025.nc,RH,0.0,4.0,ERA-Interim,mild
met_insituHT_JP-Om2_2023-2025.nc,CO2air,0.0,15.2,observed,medium
met_insituHT_JP-SMF_2003-2014.nc,Tair,0.0,3.0,ERA-Interim,mild
met_insituHT_JP-SMF_2003-2014.nc,SWdown,0.0,3.0,ERA-Interim,mild
met_insituHT_JP-SMF_2003-2014.nc,LWdown,0.0,3.1,ERA-Interim,mild
met_insituHT_JP-SMF_2003-2014.nc,VPD,0.0,5.7,ERA-Interim,mild
met_insituHT_JP-SMF_2003-2014.nc,PSurf,0.0,29.7,ERA-Interim,heavy
met_insituHT_JP-SMF_2003-2014.nc,Rainf,0.0,100.0,ERA-Interim,complete
met_insituHT_JP-SMF_2003-2014.nc,Wind,0.0,8.4,ERA-Interim,mild
met_insituHT_JP-SMF_2003-2014.nc,Qair,0.0,5.7,ERA-Interim,mild
met_insituHT_JP-SMF_2003-2014.nc,RH,0.0,6.2,ERA-Interim,mild
met_insituHT_JP-SMF_2003-2014.nc,CO2air,0.0,24.5,observed,medium
met_insituHT_JP-Sb1_2008-2009.nc,Tair,0.0,43.2,ERA-Interim,heavy
met_insituHT_JP-Sb1_2008-2009.nc,SWdown,0.0,43.0,ERA-Interim,heavy
met_insituHT_JP-Sb1_2008-2009.nc,LWdown,0.0,43.0,ERA-Interim,heavy
met_insituHT_JP-Sb1_2008-2009.nc,VPD,0.0,43.0,ERA-Interim,heavy
met_insituHT_JP-Sb1_2008-2009.nc,PSurf,0.0,100.0,ERA-Interim,complete
met_insituHT_JP-Sb1_2008-2009.nc,Rainf,0.0,100.0,ERA-Interim,complete
met_insituHT_JP-Sb1_2008-2009.nc,Wind,0.0,43.1,ERA-Interim,heavy
met_insituHT_JP-Sb1_2008-2009.nc,Qair,0.0,43.0,ERA-Interim,heavy
met_insituHT_JP-Sb1_2008-2009.nc,RH,0.0,43.2,ERA-Interim,heavy
met_insituHT_JP-Sb1_2008-2009.nc,CO2air,0.0,53.2,observed,complete
met_insituHT_JP-Sb2_2008-2009.nc,Tair,0.0,52.6,ERA-Interim,complete
met_insituHT_JP-Sb2_2008-2009.nc,SWdown,0.0,50.8,ERA-Interim,complete
met_insituHT_JP-Sb2_2008-2009.nc,LWdown,0.0,51.5,ERA-Interim,complete
met_insituHT_JP-Sb2_2008-2009.nc,VPD,0.0,52.6,ERA-Interim,complete
met_insituHT_JP-Sb2_2008-2009.nc,PSurf,0.0,100.0,ERA-Interim,complete
met_insituHT_JP-Sb2_2008-2009.nc,Rainf,0.0,100.0,ERA-Interim,complete
met_insituHT_JP-Sb2_2008-2009.nc,Wind,0.0,51.5,ERA-Interim,complete
met_insituHT_JP-Sb2_2008-2009.nc,Qair,0.0,52.6,ERA-Interim,complete
met_insituHT_JP-Sb2_2008-2009.nc,RH,0.0,52.6,ERA-Interim,complete
met_insituHT_JP-Sb2_2008-2009.nc,CO2air,0.0,58.4,observed,complete
met_insituHT_JP-Shn_2015-2019.nc,Tair,0.0,42.0,ERA-Interim,heavy
met_insituHT_JP-Shn_2015-2019.nc,SWdown,0.0,66.3,ERA-Interim,complete
met_insituHT_JP-Shn_2015-2019.nc,LWdown,0.0,66.2,ERA-Interim,complete
met_insituHT_JP-Shn_2015-2019.nc,VPD,0.0,57.3,ERA-Interim,complete
met_insituHT_JP-Shn_2015-2019.nc,PSurf,0.0,48.1,ERA-Interim,heavy
met_insituHT_JP-Shn_2015-2019.nc,Rainf,0.0,100.0,ERA-Interim,complete
met_insituHT_JP-Shn_2015-2019.nc,Wind,0.0,44.3,ERA-Interim,heavy
met_insituHT_JP-Shn_2015-2019.nc,Qair,0.0,57.3,ERA-Interim,complete
met_insituHT_JP-Shn_2015-2019.nc,RH,0.0,57.2,ERA-Interim,complete
met_insituHT_JP-Shn_2015-2019.nc,CO2air,0.0,57.7,observed,complete
met_insituHT_JP-Spp_2000-2017.nc,Tair,0.0,5.5,ERA-Interim,mild
met_insituHT_JP-Spp_2000-2017.nc,SWdown,0.0,5.7,ERA-Interim,mild
met_insituHT_JP-Spp_2000-2017.nc,LWdown,0.0,8.3,ERA-Interim,mild
met_insituHT_JP-Spp_2000-2017.nc,VPD,0.0,5.5,ERA-Interim,mild
met_insituHT_JP-Spp_2000-2017.nc,PSurf,0.0,8.4,ERA-Interim,mild
met_insituHT_JP-Spp_2000-2017.nc,Rainf,0.0,38.4,ERA-Interim,heavy
met_insituHT_JP-Spp_2000-2017.nc,Wind,0.0,7.9,ERA-Interim,mild
met_insituHT_JP-Spp_2000-2017.nc,Qair,0.0,5.5,ERA-Interim,mild
met_insituHT_JP-Spp_2000-2017.nc,RH,0.0,5.5,ERA-Interim,mild
met_insituHT_JP-Spp_2000-2017.nc,CO2air,0.0,8.6,observed,mild
met_insituHT_JP-Srk_2010-2015.nc,Tair,0.0,15.0,ERA-Interim,medium
met_insituHT_JP-Srk_2010-2015.nc,SWdown,0.0,14.9,ERA-Interim,medium
met_insituHT_JP-Srk_2010-2015.nc,LWdown,0.0,100.0,ERA-Interim,complete
met_insituHT_JP-Srk_2010-2015.nc,VPD,0.0,15.0,ERA-Interim,medium
met_insituHT_JP-Srk_2010-2015.nc,PSurf,0.0,15.0,ERA-Interim,medium
met_insituHT_JP-Srk_2010-2015.nc,Rainf,0.0,18.9,ERA-Interim,medium
met_insituHT_JP-Srk_2010-2015.nc,Wind,0.0,15.7,ERA-Interim,medium
met_insituHT_JP-Srk_2010-2015.nc,Qair,0.0,15.0,ERA-Interim,medium
met_insituHT_JP-Srk_2010-2015.nc,RH,0.0,15.0,ERA-Interim,medium
met_insituHT_JP-Srk_2010-2015.nc,CO2air,0.0,43.0,observed,heavy
met_insituHT_JP-Ta2_2006-2015.nc,Tair,0.0,0.0,observed,mild
met_insituHT_JP-Ta2_2006-2015.nc,SWdown,0.0,12.0,ERA-Interim,medium
met_insituHT_JP-Ta2_2006-2015.nc,LWdown,0.0,0.8,ERA-Interim,mild
met_insituHT_JP-Ta2_2006-2015.nc,VPD,0.0,0.0,observed,mild
met_insituHT_JP-Ta2_2006-2015.nc,PSurf,0.0,0.8,ERA-Interim,mild
met_insituHT_JP-Ta2_2006-2015.nc,Rainf,0.0,3.9,ERA-Interim,mild
met_insituHT_JP-Ta2_2006-2015.nc,Wind,0.0,3.9,ERA-Interim,mild
met_insituHT_JP-Ta2_2006-2015.nc,Qair,0.0,0.0,observed,mild
met_insituHT_JP-Ta2_2006-2015.nc,RH,0.0,0.8,ERA-Interim,mild
met_insituHT_JP-Ta2_2006-2015.nc,CO2air,0.0,48.2,observed,heavy
met_insituHT_JP-Tak_1998-2021.nc,Tair,0.0,4.7,observed,mild
met_insituHT_JP-Tak_1998-2021.nc,SWdown,0.0,0.2,observed,mild
met_insituHT_JP-Tak_1998-2021.nc,LWdown,0.0,1.4,observed,mild
met_insituHT_JP-Tak_1998-2021.nc,VPD,0.0,4.7,observed,mild
met_insituHT_JP-Tak_1998-2021.nc,PSurf,0.0,4.6,ERA-Interim,mild
met_insituHT_JP-Tak_1998-2021.nc,Rainf,0.0,100.0,ERA-Interim,complete
met_insituHT_JP-Tak_1998-2021.nc,Wind,0.0,4.0,ERA-Interim,mild
met_insituHT_JP-Tak_1998-2021.nc,Qair,0.0,4.7,observed,mild
met_insituHT_JP-Tak_1998-2021.nc,RH,0.0,4.7,ERA-Interim,mild
met_insituHT_JP-Tak_1998-2021.nc,CO2air,0.0,4.5,observed,mild
met_insituHT_JP-Tef_2002-2023.nc,Tair,0.0,1.4,ERA-Interim,mild
met_insituHT_JP-Tef_2002-2023.nc,SWdown,0.0,1.9,ERA-Interim,mild
met_insituHT_JP-Tef_2002-2023.nc,LWdown,0.0,86.6,ERA-Interim,complete
met_insituHT_JP-Tef_2002-2023.nc,VPD,0.0,1.9,ERA-Interim,mild
met_insituHT_JP-Tef_2002-2023.nc,PSurf,0.0,2.3,ERA-Interim,mild
met_insituHT_JP-Tef_2002-2023.nc,Rainf,0.0,1.7,ERA-Interim,mild
met_insituHT_JP-Tef_2002-2023.nc,Wind,0.0,6.1,ERA-Interim,mild
met_insituHT_JP-Tef_2002-2023.nc,Qair,0.0,1.9,ERA-Interim,mild
met_insituHT_JP-Tef_2002-2023.nc,RH,0.0,1.7,ERA-Interim,mild
met_insituHT_JP-Tef_2002-2023.nc,CO2air,0.0,6.8,observed,mild
met_insituHT_JP-Tgf_2002-2004.nc,Tair,0.0,2.4,observed,mild
met_insituHT_JP-Tgf_2002-2004.nc,SWdown,0.0,1.5,observed,mild
met_insituHT_JP-Tgf_2002-2004.nc,LWdown,0.0,100.0,ERA-Interim,complete
met_insituHT_JP-Tgf_2002-2004.nc,VPD,0.0,19.1,ERA-Interim,medium
met_insituHT_JP-Tgf_2002-2004.nc,PSurf,0.0,2.2,ERA-Interim,mild
met_insituHT_JP-Tgf_2002-2004.nc,Rainf,0.0,9.0,ERA-Interim,mild
met_insituHT_JP-Tgf_2002-2004.nc,Wind,0.0,6.1,ERA-Interim,mild
met_insituHT_JP-Tgf_2002-2004.nc,Qair,0.0,19.1,ERA-Interim,medium
met_insituHT_JP-Tgf_2002-2004.nc,RH,0.0,19.0,ERA-Interim,medium
met_insituHT_JP-Tgf_2002-2004.nc,CO2air,0.0,100.0,observed,complete
met_insituHT_JP-Tkb_2018-2019.nc,Tair,0.0,47.9,ERA-Interim,heavy
met_insituHT_JP-Tkb_2018-2019.nc,SWdown,0.0,47.5,ERA-Interim,heavy
met_insituHT_JP-Tkb_2018-2019.nc,LWdown,0.0,100.0,ERA-Interim,complete
met_insituHT_JP-Tkb_2018-2019.nc,VPD,0.0,47.9,ERA-Interim,heavy
met_insituHT_JP-Tkb_2018-2019.nc,PSurf,0.0,100.0,ERA-Interim,complete
met_insituHT_JP-Tkb_2018-2019.nc,Rainf,0.0,100.0,ERA-Interim,complete
met_insituHT_JP-Tkb_2018-2019.nc,Wind,0.0,54.3,ERA-Interim,complete
met_insituHT_JP-Tkb_2018-2019.nc,Qair,0.0,47.9,ERA-Interim,heavy
met_insituHT_JP-Tkb_2018-2019.nc,RH,0.0,47.9,ERA-Interim,heavy
met_insituHT_JP-Tkb_2018-2019.nc,CO2air,0.0,100.0,observed,complete
met_insituHT_JP-Tmd_2005-2023.nc,Tair,0.0,3.2,ERA-Interim,mild
met_insituHT_JP-Tmd_2005-2023.nc,SWdown,0.0,4.1,ERA-Interim,mild
met_insituHT_JP-Tmd_2005-2023.nc,LWdown,0.0,11.9,ERA-Interim,medium
met_insituHT_JP-Tmd_2005-2023.nc,VPD,0.0,3.5,ERA-Interim,mild
met_insituHT_JP-Tmd_2005-2023.nc,PSurf,0.0,100.0,ERA-Interim,complete
met_insituHT_JP-Tmd_2005-2023.nc,Rainf,0.0,100.0,ERA-Interim,complete
met_insituHT_JP-Tmd_2005-2023.nc,Wind,0.0,5.1,ERA-Interim,mild
met_insituHT_JP-Tmd_2005-2023.nc,Qair,0.0,3.5,ERA-Interim,mild
met_insituHT_JP-Tmd_2005-2023.nc,RH,0.0,3.3,ERA-Interim,mild
met_insituHT_JP-Tmd_2005-2023.nc,CO2air,0.0,100.0,observed,complete
met_insituHT_JP-Tmk_2001-2003.nc,Tair,0.0,1.9,observed,mild
met_insituHT_JP-Tmk_2001-2003.nc,SWdown,0.0,0.9,observed,mild
met_insituHT_JP-Tmk_2001-2003.nc,LWdown,0.0,3.6,observed,mild
met_insituHT_JP-Tmk_2001-2003.nc,VPD,0.0,1.9,observed,mild
met_insituHT_JP-Tmk_2001-2003.nc,PSurf,0.0,2.8,ERA-Interim,mild
met_insituHT_JP-Tmk_2001-2003.nc,Rainf,0.0,100.0,ERA-Interim,complete
met_insituHT_JP-Tmk_2001-2003.nc,Wind,0.0,3.0,ERA-Interim,mild
met_insituHT_JP-Tmk_2001-2003.nc,Qair,0.0,1.9,observed,mild
met_insituHT_JP-Tmk_2001-2003.nc,RH,0.0,2.0,ERA-Interim,mild
met_insituHT_JP-Tmk_2001-2003.nc,CO2air,0.0,4.8,observed,mild
met_insituHT_JP-Toc_2011-2014.nc,Tair,0.0,4.6,ERA-Interim,mild
met_insituHT_JP-Toc_2011-2014.nc,SWdown,0.0,0.0,observed,mild
met_insituHT_JP-Toc_2011-2014.nc,LWdown,0.0,100.0,ERA-Interim,complete
met_insituHT_JP-Toc_2011-2014.nc,VPD,0.0,4.6,ERA-Interim,mild
met_insituHT_JP-Toc_2011-2014.nc,PSurf,0.0,100.0,ERA-Interim,complete
met_insituHT_JP-Toc_2011-2014.nc,Rainf,0.0,100.0,ERA-Interim,complete
met_insituHT_JP-Toc_2011-2014.nc,Wind,0.0,100.0,ERA-Interim,complete
met_insituHT_JP-Toc_2011-2014.nc,Qair,0.0,4.6,ERA-Interim,mild
met_insituHT_JP-Toc_2011-2014.nc,RH,0.0,4.6,ERA-Interim,mild
met_insituHT_JP-Toc_2011-2014.nc,CO2air,0.0,34.3,observed,heavy
met_insituHT_JP-Yms_2000-2023.nc,Tair,0.0,3.4,observed,mild
met_insituHT_JP-Yms_2000-2023.nc,SWdown,0.0,3.4,observed,mild
met_insituHT_JP-Yms_2000-2023.nc,LWdown,0.0,57.5,ERA-Interim,complete
met_insituHT_JP-Yms_2000-2023.nc,VPD,0.0,14.6,ERA-Interim,medium
met_insituHT_JP-Yms_2000-2023.nc,PSurf,0.0,77.5,ERA-Interim,complete
met_insituHT_JP-Yms_2000-2023.nc,Rainf,0.0,100.0,ERA-Interim,complete
met_insituHT_JP-Yms_2000-2023.nc,Wind,0.0,20.3,ERA-Interim,medium
met_insituHT_JP-Yms_2000-2023.nc,Qair,0.0,14.6,ERA-Interim,medium
met_insituHT_JP-Yms_2000-2023.nc,RH,0.0,12.9,ERA-Interim,medium
met_insituHT_JP-Yms_2000-2023.nc,CO2air,0.0,25.0,observed,medium
met_insituHT_JP-Ynf_2014-2022.nc,Tair,0.0,11.1,ERA-Interim,medium
met_insituHT_JP-Ynf_2014-2022.nc,SWdown,0.0,0.6,ERA-Interim,mild
met_insituHT_JP-Ynf_2014-2022.nc,LWdown,0.0,7.2,ERA-Interim,mild
met_insituHT_JP-Ynf_2014-2022.nc,VPD,0.0,12.4,ERA-Interim,medium
met_insituHT_JP-Ynf_2014-2022.nc,PSurf,0.0,30.6,ERA-Interim,heavy
met_insituHT_JP-Ynf_2014-2022.nc,Rainf,0.0,100.0,ERA-Interim,complete
met_insituHT_JP-Ynf_2014-2022.nc,Wind,0.0,8.1,ERA-Interim,mild
met_insituHT_JP-Ynf_2014-2022.nc,Qair,0.0,12.4,ERA-Interim,medium
met_insituHT_JP-Ynf_2014-2022.nc,RH,0.0,12.3,ERA-Interim,medium
met_insituHT_JP-Ynf_2014-2022.nc,CO2air,0.0,40.2,observed,heavy
met_insituHT_KE-Aq1_2019-2019.nc,Tair,0.0,51.8,ERA-Interim,complete
met_insituHT_KE-Aq1_2019-2019.nc,SWdown,0.0,51.1,ERA-Interim,complete
met_insituHT_KE-Aq1_2019-2019.nc,LWdown,0.0,100.0,ERA-Interim,complete
met_insituHT_KE-Aq1_2019-2019.nc,VPD,0.0,52.5,ERA-Interim,complete
met_insituHT_KE-Aq1_2019-2019.nc,PSurf,0.0,52.5,ERA-Interim,complete
met_insituHT_KE-Aq1_2019-2019.nc,Rainf,0.0,100.0,ERA-Interim,complete
met_insituHT_KE-Aq1_2019-2019.nc,Wind,0.0,51.7,ERA-Interim,complete
met_insituHT_KE-Aq1_2019-2019.nc,Qair,0.0,52.5,ERA-Interim,complete
met_insituHT_KE-Aq1_2019-2019.nc,RH,0.0,51.8,ERA-Interim,complete
met_insituHT_KE-Aq1_2019-2019.nc,CO2air,0.0,51.8,observed,complete
met_insituHT_KE-Aq2_2023-2023.nc,Tair,0.0,13.8,ERA-Interim,medium
met_insituHT_KE-Aq2_2023-2023.nc,SWdown,0.0,14.3,ERA-Interim,medium
met_insituHT_KE-Aq2_2023-2023.nc,LWdown,0.0,33.2,ERA-Interim,heavy
met_insituHT_KE-Aq2_2023-2023.nc,VPD,0.0,16.4,ERA-Interim,medium
met_insituHT_KE-Aq2_2023-2023.nc,PSurf,0.0,16.4,ERA-Interim,medium
met_insituHT_KE-Aq2_2023-2023.nc,Rainf,0.0,100.0,ERA-Interim,complete
met_insituHT_KE-Aq2_2023-2023.nc,Wind,0.0,16.4,ERA-Interim,medium
met_insituHT_KE-Aq2_2023-2023.nc,Qair,0.0,16.4,ERA-Interim,medium
met_insituHT_KE-Aq2_2023-2023.nc,RH,0.0,13.8,ERA-Interim,medium
met_insituHT_KE-Aq2_2023-2023.nc,CO2air,0.0,16.5,observed,medium
met_insituHT_KE-Chk_2023-2023.nc,Tair,0.0,8.5,ERA-Interim,mild
met_insituHT_KE-Chk_2023-2023.nc,SWdown,0.0,8.2,ERA-Interim,mild
met_insituHT_KE-Chk_2023-2023.nc,LWdown,0.0,100.0,ERA-Interim,complete
met_insituHT_KE-Chk_2023-2023.nc,VPD,0.0,0.0,ERA-Interim,mild
met_insituHT_KE-Chk_2023-2023.nc,PSurf,0.0,39.6,ERA-Interim,heavy
met_insituHT_KE-Chk_2023-2023.nc,Rainf,0.0,0.0,ERA-Interim,mild
met_insituHT_KE-Chk_2023-2023.nc,Wind,0.0,39.6,ERA-Interim,heavy
met_insituHT_KE-Chk_2023-2023.nc,Qair,0.0,0.0,ERA-Interim,mild
met_insituHT_KE-Chk_2023-2023.nc,RH,0.0,8.3,ERA-Interim,mild
met_insituHT_KE-Chk_2023-2023.nc,CO2air,0.0,39.6,observed,heavy
met_insituHT_KE-Kpt_2019-2023.nc,Tair,0.0,44.8,ERA-Interim,heavy
met_insituHT_KE-Kpt_2019-2023.nc,SWdown,0.0,38.9,ERA-Interim,heavy
met_insituHT_KE-Kpt_2019-2023.nc,LWdown,0.0,62.0,ERA-Interim,complete
met_insituHT_KE-Kpt_2019-2023.nc,VPD,0.0,45.4,ERA-Interim,heavy
met_insituHT_KE-Kpt_2019-2023.nc,PSurf,0.0,46.2,ERA-Interim,heavy
met_insituHT_KE-Kpt_2019-2023.nc,Rainf,0.0,100.0,ERA-Interim,complete
met_insituHT_KE-Kpt_2019-2023.nc,Wind,0.0,45.4,ERA-Interim,heavy
met_insituHT_KE-Kpt_2019-2023.nc,Qair,0.0,45.4,ERA-Interim,heavy
met_insituHT_KE-Kpt_2019-2023.nc,RH,0.0,44.8,ERA-Interim,heavy
met_insituHT_KE-Kpt_2019-2023.nc,CO2air,0.0,45.6,observed,heavy
met_insituHT_KE-Mkt_2019-2023.nc,Tair,0.0,14.1,ERA-Interim,medium
met_insituHT_KE-Mkt_2019-2023.nc,SWdown,0.0,7.6,ERA-Interim,mild
met_insituHT_KE-Mkt_2019-2023.nc,LWdown,0.0,100.0,ERA-Interim,complete
met_insituHT_KE-Mkt_2019-2023.nc,VPD,0.0,8.1,ERA-Interim,mild
met_insituHT_KE-Mkt_2019-2023.nc,PSurf,0.0,53.6,ERA-Interim,complete
met_insituHT_KE-Mkt_2019-2023.nc,Rainf,0.0,0.7,ERA-Interim,mild
met_insituHT_KE-Mkt_2019-2023.nc,Wind,0.0,53.6,ERA-Interim,complete
met_insituHT_KE-Mkt_2019-2023.nc,Qair,0.0,8.1,ERA-Interim,mild
met_insituHT_KE-Mkt_2019-2023.nc,RH,0.0,14.1,ERA-Interim,medium
met_insituHT_KE-Mkt_2019-2023.nc,CO2air,0.0,54.8,observed,complete
met_insituHT_KH-Kmp_2011-2014.nc,Tair,0.0,45.2,ERA-Interim,heavy
met_insituHT_KH-Kmp_2011-2014.nc,SWdown,0.0,45.1,ERA-Interim,heavy
met_insituHT_KH-Kmp_2011-2014.nc,LWdown,0.0,100.0,ERA-Interim,complete
met_insituHT_KH-Kmp_2011-2014.nc,VPD,0.0,45.5,ERA-Interim,heavy
met_insituHT_KH-Kmp_2011-2014.nc,PSurf,0.0,100.0,ERA-Interim,complete
met_insituHT_KH-Kmp_2011-2014.nc,Rainf,0.0,100.0,ERA-Interim,complete
met_insituHT_KH-Kmp_2011-2014.nc,Wind,0.0,45.2,ERA-Interim,heavy
met_insituHT_KH-Kmp_2011-2014.nc,Qair,0.0,45.5,ERA-Interim,heavy
met_insituHT_KH-Kmp_2011-2014.nc,RH,0.0,45.2,ERA-Interim,heavy
met_insituHT_KH-Kmp_2011-2014.nc,CO2air,0.0,100.0,observed,complete
met_insituHT_KR-AdC_2016-2018.nc,Tair,0.0,5.1,ERA-Interim,mild
met_insituHT_KR-AdC_2016-2018.nc,SWdown,0.0,5.0,ERA-Interim,mild
met_insituHT_KR-AdC_2016-2018.nc,LWdown,0.0,5.0,ERA-Interim,mild
met_insituHT_KR-AdC_2016-2018.nc,VPD,0.0,5.1,ERA-Interim,mild
met_insituHT_KR-AdC_2016-2018.nc,PSurf,0.0,5.1,ERA-Interim,mild
met_insituHT_KR-AdC_2016-2018.nc,Rainf,0.0,5.0,ERA-Interim,mild
met_insituHT_KR-AdC_2016-2018.nc,Wind,0.0,18.1,ERA-Interim,medium
met_insituHT_KR-AdC_2016-2018.nc,Qair,0.0,5.1,ERA-Interim,mild
met_insituHT_KR-AdC_2016-2018.nc,RH,0.0,5.0,ERA-Interim,mild
met_insituHT_KR-AdC_2016-2018.nc,CO2air,0.0,21.6,observed,medium
met_insituHT_KR-CRK_2016-2021.nc,Tair,0.0,3.6,ERA-Interim,mild
met_insituHT_KR-CRK_2016-2021.nc,SWdown,0.0,1.9,ERA-Interim,mild
met_insituHT_KR-CRK_2016-2021.nc,LWdown,0.0,2.7,ERA-Interim,mild
met_insituHT_KR-CRK_2016-2021.nc,VPD,0.0,3.7,ERA-Interim,mild
met_insituHT_KR-CRK_2016-2021.nc,PSurf,0.0,10.8,ERA-Interim,medium
met_insituHT_KR-CRK_2016-2021.nc,Rainf,0.0,1.7,ERA-Interim,mild
met_insituHT_KR-CRK_2016-2021.nc,Wind,0.0,2.5,ERA-Interim,mild
met_insituHT_KR-CRK_2016-2021.nc,Qair,0.0,3.7,ERA-Interim,mild
met_insituHT_KR-CRK_2016-2021.nc,RH,0.0,3.7,ERA-Interim,mild
met_insituHT_KR-CRK_2016-2021.nc,CO2air,0.0,5.1,observed,mild
met_insituHT_KR-CmF_2012-2019.nc,Tair,0.0,2.5,observed,mild
met_insituHT_KR-CmF_2012-2019.nc,SWdown,0.0,15.5,observed,medium
met_insituHT_KR-CmF_2012-2019.nc,LWdown,0.0,63.9,ERA-Interim,complete
met_insituHT_KR-CmF_2012-2019.nc,VPD,0.0,2.5,observed,mild
met_insituHT_KR-CmF_2012-2019.nc,PSurf,0.0,100.0,ERA-Interim,complete
met_insituHT_KR-CmF_2012-2019.nc,Rainf,0.0,3.0,ERA-Interim,mild
met_insituHT_KR-CmF_2012-2019.nc,Wind,0.0,16.1,ERA-Interim,medium
met_insituHT_KR-CmF_2012-2019.nc,Qair,0.0,2.5,observed,mild
met_insituHT_KR-CmF_2012-2019.nc,RH,0.0,2.5,ERA-Interim,mild
met_insituHT_KR-CmF_2012-2019.nc,CO2air,0.0,20.4,observed,medium
met_insituHT_KR-GmP_2012-2013.nc,Tair,0.0,32.8,ERA-Interim,heavy
met_insituHT_KR-GmP_2012-2013.nc,SWdown,0.0,32.4,ERA-Interim,heavy
met_insituHT_KR-GmP_2012-2013.nc,LWdown,0.0,68.1,ERA-Interim,complete
met_insituHT_KR-GmP_2012-2013.nc,VPD,0.0,32.8,ERA-Interim,heavy
met_insituHT_KR-GmP_2012-2013.nc,PSurf,0.0,76.8,ERA-Interim,complete
met_insituHT_KR-GmP_2012-2013.nc,Rainf,0.0,63.5,ERA-Interim,complete
met_insituHT_KR-GmP_2012-2013.nc,Wind,0.0,34.3,ERA-Interim,heavy
met_insituHT_KR-GmP_2012-2013.nc,Qair,0.0,32.8,ERA-Interim,heavy
met_insituHT_KR-GmP_2012-2013.nc,RH,0.0,32.8,ERA-Interim,heavy
met_insituHT_KR-GmP_2012-2013.nc,CO2air,0.0,37.2,observed,heavy
met_insituHT_KR-GmR_2017-2019.nc,Tair,0.0,8.1,observed,mild
met_insituHT_KR-GmR_2017-2019.nc,SWdown,0.0,12.9,observed,medium
met_insituHT_KR-GmR_2017-2019.nc,LWdown,0.0,13.1,observed,medium
met_insituHT_KR-GmR_2017-2019.nc,VPD,0.0,25.2,observed,heavy
met_insituHT_KR-GmR_2017-2019.nc,PSurf,0.0,17.3,ERA-Interim,medium
met_insituHT_KR-GmR_2017-2019.nc,Rainf,0.0,8.1,ERA-Interim,mild
met_insituHT_KR-GmR_2017-2019.nc,Wind,0.0,17.3,ERA-Interim,medium
met_insituHT_KR-GmR_2017-2019.nc,Qair,0.0,25.2,observed,heavy
met_insituHT_KR-GmR_2017-2019.nc,RH,0.0,25.1,ERA-Interim,heavy
met_insituHT_KR-GmR_2017-2019.nc,CO2air,0.0,26.7,observed,heavy
met_insituHT_KR-GmS_2017-2019.nc,Tair,0.0,2.2,observed,mild
met_insituHT_KR-GmS_2017-2019.nc,SWdown,0.0,1.3,observed,mild
met_insituHT_KR-GmS_2017-2019.nc,LWdown,0.0,1.3,observed,mild
met_insituHT_KR-GmS_2017-2019.nc,VPD,0.0,2.2,observed,mild
met_insituHT_KR-GmS_2017-2019.nc,PSurf,0.0,1.3,ERA-Interim,mild
met_insituHT_KR-GmS_2017-2019.nc,Rainf,0.0,1.3,ERA-Interim,mild
met_insituHT_KR-GmS_2017-2019.nc,Wind,0.0,1.4,ERA-Interim,mild
met_insituHT_KR-GmS_2017-2019.nc,Qair,0.0,2.2,observed,mild
met_insituHT_KR-GmS_2017-2019.nc,RH,0.0,1.3,ERA-Interim,mild
met_insituHT_KR-GmS_2017-2019.nc,CO2air,0.0,9.4,observed,mild
met_insituHT_KR-HPK_2017-2017.nc,Tair,0.0,0.4,ERA-Interim,mild
met_insituHT_KR-HPK_2017-2017.nc,SWdown,0.0,0.2,ERA-Interim,mild
met_insituHT_KR-HPK_2017-2017.nc,LWdown,0.0,0.4,ERA-Interim,mild
met_insituHT_KR-HPK_2017-2017.nc,VPD,0.0,0.4,ERA-Interim,mild
met_insituHT_KR-HPK_2017-2017.nc,PSurf,0.0,2.2,ERA-Interim,mild
met_insituHT_KR-HPK_2017-2017.nc,Rainf,0.0,0.4,ERA-Interim,mild
met_insituHT_KR-HPK_2017-2017.nc,Wind,0.0,2.2,ERA-Interim,mild
met_insituHT_KR-HPK_2017-2017.nc,Qair,0.0,0.4,ERA-Interim,mild
met_insituHT_KR-HPK_2017-2017.nc,RH,0.0,0.4,ERA-Interim,mild
met_insituHT_KR-HPK_2017-2017.nc,CO2air,0.0,2.8,observed,mild
met_insituHT_KR-HcM_2016-2018.nc,Tair,0.0,0.4,observed,mild
met_insituHT_KR-HcM_2016-2018.nc,SWdown,0.0,0.9,observed,mild
met_insituHT_KR-HcM_2016-2018.nc,LWdown,0.0,0.0,observed,mild
met_insituHT_KR-HcM_2016-2018.nc,VPD,0.0,0.4,observed,mild
met_insituHT_KR-HcM_2016-2018.nc,PSurf,0.0,2.5,ERA-Interim,mild
met_insituHT_KR-HcM_2016-2018.nc,Rainf,0.0,0.0,ERA-Interim,mild
met_insituHT_KR-HcM_2016-2018.nc,Wind,0.0,2.5,ERA-Interim,mild
met_insituHT_KR-HcM_2016-2018.nc,Qair,0.0,0.4,observed,mild
met_insituHT_KR-HcM_2016-2018.nc,RH,0.0,0.4,ERA-Interim,mild
met_insituHT_KR-HcM_2016-2018.nc,CO2air,0.0,13.2,observed,medium
met_insituHT_KR-Hnm_2016-2018.nc,Tair,0.0,2.1,ERA-Interim,mild
met_insituHT_KR-Hnm_2016-2018.nc,SWdown,0.0,1.1,ERA-Interim,mild
met_insituHT_KR-Hnm_2016-2018.nc,LWdown,0.0,1.4,ERA-Interim,mild
met_insituHT_KR-Hnm_2016-2018.nc,VPD,0.0,2.5,ERA-Interim,mild
met_insituHT_KR-Hnm_2016-2018.nc,PSurf,0.0,16.8,ERA-Interim,medium
met_insituHT_KR-Hnm_2016-2018.nc,Rainf,0.0,100.0,ERA-Interim,complete
met_insituHT_KR-Hnm_2016-2018.nc,Wind,0.0,9.4,ERA-Interim,mild
met_insituHT_KR-Hnm_2016-2018.nc,Qair,0.0,2.5,ERA-Interim,mild
met_insituHT_KR-Hnm_2016-2018.nc,RH,0.0,2.2,ERA-Interim,mild
met_insituHT_KR-Hnm_2016-2018.nc,CO2air,0.0,23.5,observed,medium
met_insituHT_KR-JjM_2015-2018.nc,Tair,0.0,4.1,observed,mild
met_insituHT_KR-JjM_2015-2018.nc,SWdown,0.0,3.9,observed,mild
met_insituHT_KR-JjM_2015-2018.nc,LWdown,0.0,4.1,observed,mild
met_insituHT_KR-JjM_2015-2018.nc,VPD,0.0,17.7,observed,medium
met_insituHT_KR-JjM_2015-2018.nc,PSurf,0.0,15.3,ERA-Interim,medium
met_insituHT_KR-JjM_2015-2018.nc,Rainf,0.0,25.8,ERA-Interim,heavy
met_insituHT_KR-JjM_2015-2018.nc,Wind,0.0,21.2,ERA-Interim,medium
met_insituHT_KR-JjM_2015-2018.nc,Qair,0.0,17.7,observed,medium
met_insituHT_KR-JjM_2015-2018.nc,RH,0.0,17.7,ERA-Interim,medium
met_insituHT_KR-JjM_2015-2018.nc,CO2air,0.0,24.1,observed,medium
met_insituHT_KR-Kw1_2016-2020.nc,Tair,0.0,2.0,observed,mild
met_insituHT_KR-Kw1_2016-2020.nc,SWdown,0.0,3.6,observed,mild
met_insituHT_KR-Kw1_2016-2020.nc,LWdown,0.0,5.7,ERA-Interim,mild
met_insituHT_KR-Kw1_2016-2020.nc,VPD,0.0,2.6,observed,mild
met_insituHT_KR-Kw1_2016-2020.nc,PSurf,0.0,14.1,ERA-Interim,medium
met_insituHT_KR-Kw1_2016-2020.nc,Rainf,0.0,18.9,ERA-Interim,medium
met_insituHT_KR-Kw1_2016-2020.nc,Wind,0.0,5.7,ERA-Interim,mild
met_insituHT_KR-Kw1_2016-2020.nc,Qair,0.0,2.6,observed,mild
met_insituHT_KR-Kw1_2016-2020.nc,RH,0.0,2.6,ERA-Interim,mild
met_insituHT_KR-Kw1_2016-2020.nc,CO2air,0.0,10.1,observed,medium
met_insituHT_KR-Kw2_2017-2020.nc,Tair,0.0,2.6,ERA-Interim,mild
met_insituHT_KR-Kw2_2017-2020.nc,SWdown,0.0,1.4,ERA-Interim,mild
met_insituHT_KR-Kw2_2017-2020.nc,LWdown,0.0,7.2,ERA-Interim,mild
met_insituHT_KR-Kw2_2017-2020.nc,VPD,0.0,2.6,ERA-Interim,mild
met_insituHT_KR-Kw2_2017-2020.nc,PSurf,0.0,4.2,ERA-Interim,mild
met_insituHT_KR-Kw2_2017-2020.nc,Rainf,0.0,2.9,ERA-Interim,mild
met_insituHT_KR-Kw2_2017-2020.nc,Wind,0.0,5.4,ERA-Interim,mild
met_insituHT_KR-Kw2_2017-2020.nc,Qair,0.0,2.6,ERA-Interim,mild
met_insituHT_KR-Kw2_2017-2020.nc,RH,0.0,2.6,ERA-Interim,mild
met_insituHT_KR-Kw2_2017-2020.nc,CO2air,0.0,7.0,observed,mild
met_insituHT_KR-Nj1_2024-2024.nc,Tair,0.0,0.6,ERA-Interim,mild
met_insituHT_KR-Nj1_2024-2024.nc,SWdown,0.0,0.2,ERA-Interim,mild
met_insituHT_KR-Nj1_2024-2024.nc,LWdown,0.0,0.3,ERA-Interim,mild
met_insituHT_KR-Nj1_2024-2024.nc,VPD,0.0,1.1,ERA-Interim,mild
met_insituHT_KR-Nj1_2024-2024.nc,PSurf,0.0,7.8,ERA-Interim,mild
met_insituHT_KR-Nj1_2024-2024.nc,Rainf,0.0,100.0,ERA-Interim,complete
met_insituHT_KR-Nj1_2024-2024.nc,Wind,0.0,7.6,ERA-Interim,mild
met_insituHT_KR-Nj1_2024-2024.nc,Qair,0.0,1.1,ERA-Interim,mild
met_insituHT_KR-Nj1_2024-2024.nc,RH,0.0,0.9,ERA-Interim,mild
met_insituHT_KR-Nj1_2024-2024.nc,CO2air,0.0,24.5,observed,medium
met_insituHT_KR-Nj2_2023-2024.nc,Tair,0.0,3.2,observed,mild
met_insituHT_KR-Nj2_2023-2024.nc,SWdown,0.0,5.7,observed,mild
met_insituHT_KR-Nj2_2023-2024.nc,LWdown,0.0,18.7,ERA-Interim,medium
met_insituHT_KR-Nj2_2023-2024.nc,VPD,0.0,3.3,observed,mild
met_insituHT_KR-Nj2_2023-2024.nc,PSurf,0.0,16.7,ERA-Interim,medium
met_insituHT_KR-Nj2_2023-2024.nc,Rainf,0.0,100.0,ERA-Interim,complete
met_insituHT_KR-Nj2_2023-2024.nc,Wind,0.0,7.0,ERA-Interim,mild
met_insituHT_KR-Nj2_2023-2024.nc,Qair,0.0,3.3,observed,mild
met_insituHT_KR-Nj2_2023-2024.nc,RH,0.0,3.3,ERA-Interim,mild
met_insituHT_KR-Nj2_2023-2024.nc,CO2air,0.0,20.7,observed,medium
met_insituHT_KR-PcD_2015-2018.nc,Tair,0.0,8.4,observed,mild
met_insituHT_KR-PcD_2015-2018.nc,SWdown,0.0,1.5,observed,mild
met_insituHT_KR-PcD_2015-2018.nc,LWdown,0.0,1.2,observed,mild
met_insituHT_KR-PcD_2015-2018.nc,VPD,0.0,8.4,observed,mild
met_insituHT_KR-PcD_2015-2018.nc,PSurf,0.0,13.7,ERA-Interim,medium
met_insituHT_KR-PcD_2015-2018.nc,Rainf,0.0,12.6,ERA-Interim,medium
met_insituHT_KR-PcD_2015-2018.nc,Wind,0.0,18.1,ERA-Interim,medium
met_insituHT_KR-PcD_2015-2018.nc,Qair,0.0,8.4,observed,mild
met_insituHT_KR-PcD_2015-2018.nc,RH,0.0,8.3,ERA-Interim,mild
met_insituHT_KR-PcD_2015-2018.nc,CO2air,0.0,27.9,observed,heavy
met_insituHT_KR-ScC_2015-2018.nc,Tair,0.0,0.1,observed,mild
met_insituHT_KR-ScC_2015-2018.nc,SWdown,0.0,0.1,observed,mild
met_insituHT_KR-ScC_2015-2018.nc,LWdown,0.0,0.1,observed,mild
met_insituHT_KR-ScC_2015-2018.nc,VPD,0.0,0.1,observed,mild
met_insituHT_KR-ScC_2015-2018.nc,PSurf,0.0,0.3,ERA-Interim,mild
met_insituHT_KR-ScC_2015-2018.nc,Rainf,0.0,18.1,ERA-Interim,medium
met_insituHT_KR-ScC_2015-2018.nc,Wind,0.0,0.7,ERA-Interim,mild
met_insituHT_KR-ScC_2015-2018.nc,Qair,0.0,0.1,observed,mild
met_insituHT_KR-ScC_2015-2018.nc,RH,0.0,0.1,ERA-Interim,mild
met_insituHT_KR-ScC_2015-2018.nc,CO2air,0.0,11.6,observed,medium
met_insituHT_KR-SmM_2015-2020.nc,Tair,0.0,3.0,observed,mild
met_insituHT_KR-SmM_2015-2020.nc,SWdown,0.0,0.0,observed,mild
met_insituHT_KR-SmM_2015-2020.nc,LWdown,0.0,100.0,ERA-Interim,complete
met_insituHT_KR-SmM_2015-2020.nc,VPD,0.0,3.0,observed,mild
met_insituHT_KR-SmM_2015-2020.nc,PSurf,0.0,100.0,ERA-Interim,complete
met_insituHT_KR-SmM_2015-2020.nc,Rainf,0.0,3.7,ERA-Interim,mild
met_insituHT_KR-SmM_2015-2020.nc,Wind,0.0,20.7,ERA-Interim,medium
met_insituHT_KR-SmM_2015-2020.nc,Qair,0.0,3.0,observed,mild
met_insituHT_KR-SmM_2015-2020.nc,RH,0.0,3.0,ERA-Interim,mild
met_insituHT_KR-SmM_2015-2020.nc,CO2air,0.0,28.8,observed,heavy
met_insituHT_KR-TwB_2024-2024.nc,Tair,0.0,29.2,ERA-Interim,heavy
met_insituHT_KR-TwB_2024-2024.nc,SWdown,0.0,25.6,ERA-Interim,heavy
met_insituHT_KR-TwB_2024-2024.nc,LWdown,0.0,29.2,ERA-Interim,heavy
met_insituHT_KR-TwB_2024-2024.nc,VPD,0.0,30.3,ERA-Interim,heavy
met_insituHT_KR-TwB_2024-2024.nc,PSurf,0.0,26.6,ERA-Interim,heavy
met_insituHT_KR-TwB_2024-2024.nc,Rainf,0.0,100.0,ERA-Interim,complete
met_insituHT_KR-TwB_2024-2024.nc,Wind,0.0,26.6,ERA-Interim,heavy
met_insituHT_KR-TwB_2024-2024.nc,Qair,0.0,30.3,ERA-Interim,heavy
met_insituHT_KR-TwB_2024-2024.nc,RH,0.0,30.3,ERA-Interim,heavy
met_insituHT_KR-TwB_2024-2024.nc,CO2air,0.0,35.6,observed,heavy
met_insituHT_KR-TwC_2024-2024.nc,Tair,0.0,0.0,observed,mild
met_insituHT_KR-TwC_2024-2024.nc,SWdown,0.0,0.5,observed,mild
met_insituHT_KR-TwC_2024-2024.nc,LWdown,0.0,12.6,observed,medium
met_insituHT_KR-TwC_2024-2024.nc,VPD,0.0,0.0,observed,mild
met_insituHT_KR-TwC_2024-2024.nc,PSurf,0.0,10.6,ERA-Interim,medium
met_insituHT_KR-TwC_2024-2024.nc,Rainf,0.0,100.0,ERA-Interim,complete
met_insituHT_KR-TwC_2024-2024.nc,Wind,0.0,0.4,ERA-Interim,mild
met_insituHT_KR-TwC_2024-2024.nc,Qair,0.0,0.0,observed,mild
met_insituHT_KR-TwC_2024-2024.nc,RH,0.0,0.0,ERA-Interim,mild
met_insituHT_KR-TwC_2024-2024.nc,CO2air,0.0,32.7,observed,heavy
met_insituHT_KR-UAO_2018-2019.nc,Tair,0.0,1.5,ERA-Interim,mild
met_insituHT_KR-UAO_2018-2019.nc,SWdown,0.0,0.8,ERA-Interim,mild
met_insituHT_KR-UAO_2018-2019.nc,LWdown,0.0,0.0,ERA-Interim,mild
met_insituHT_KR-UAO_2018-2019.nc,VPD,0.0,1.5,ERA-Interim,mild
met_insituHT_KR-UAO_2018-2019.nc,PSurf,0.0,0.2,ERA-Interim,mild
met_insituHT_KR-UAO_2018-2019.nc,Rainf,0.0,0.0,ERA-Interim,mild
met_insituHT_KR-UAO_2018-2019.nc,Wind,0.0,0.2,ERA-Interim,mild
met_insituHT_KR-UAO_2018-2019.nc,Qair,0.0,1.5,ERA-Interim,mild
met_insituHT_KR-UAO_2018-2019.nc,RH,0.0,1.5,ERA-Interim,mild
met_insituHT_KR-UAO_2018-2019.nc,CO2air,0.0,10.2,observed,medium
met_insituHT_KR-WdE_2016-2018.nc,Tair,0.0,6.1,observed,mild
met_insituHT_KR-WdE_2016-2018.nc,SWdown,0.0,6.6,observed,mild
met_insituHT_KR-WdE_2016-2018.nc,LWdown,0.0,6.1,observed,mild
met_insituHT_KR-WdE_2016-2018.nc,VPD,0.0,6.1,observed,mild
met_insituHT_KR-WdE_2016-2018.nc,PSurf,0.0,20.0,ERA-Interim,medium
met_insituHT_KR-WdE_2016-2018.nc,Rainf,0.0,11.3,ERA-Interim,medium
met_insituHT_KR-WdE_2016-2018.nc,Wind,0.0,21.2,ERA-Interim,medium
met_insituHT_KR-WdE_2016-2018.nc,Qair,0.0,6.1,observed,mild
met_insituHT_KR-WdE_2016-2018.nc,RH,0.0,6.1,ERA-Interim,mild
met_insituHT_KR-WdE_2016-2018.nc,CO2air,0.0,26.3,observed,heavy
met_insituHT_ML-Kem_2008-2008.nc,Tair,0.0,0.0,ERA-Interim,mild
met_insituHT_ML-Kem_2008-2008.nc,SWdown,0.0,7.8,ERA-Interim,mild
met_insituHT_ML-Kem_2008-2008.nc,LWdown,0.0,7.0,ERA-Interim,mild
met_insituHT_ML-Kem_2008-2008.nc,VPD,0.0,27.3,ERA-Interim,heavy
met_insituHT_ML-Kem_2008-2008.nc,PSurf,0.0,100.0,ERA-Interim,complete
met_insituHT_ML-Kem_2008-2008.nc,Rainf,0.0,100.0,ERA-Interim,complete
met_insituHT_ML-Kem_2008-2008.nc,Wind,0.0,0.6,ERA-Interim,mild
met_insituHT_ML-Kem_2008-2008.nc,Qair,0.0,27.3,ERA-Interim,heavy
met_insituHT_ML-Kem_2008-2008.nc,RH,0.0,0.0,ERA-Interim,mild
met_insituHT_ML-Kem_2008-2008.nc,CO2air,0.0,7.7,observed,mild
met_insituHT_MN-Hst_2016-2019.nc,Tair,0.0,0.0,ERA-Interim,mild
met_insituHT_MN-Hst_2016-2019.nc,SWdown,0.0,1.3,ERA-Interim,mild
met_insituHT_MN-Hst_2016-2019.nc,LWdown,0.0,0.0,ERA-Interim,mild
met_insituHT_MN-Hst_2016-2019.nc,VPD,0.0,0.0,ERA-Interim,mild
met_insituHT_MN-Hst_2016-2019.nc,PSurf,0.0,0.0,ERA-Interim,mild
met_insituHT_MN-Hst_2016-2019.nc,Rainf,0.0,100.0,ERA-Interim,complete
met_insituHT_MN-Hst_2016-2019.nc,Wind,0.0,6.3,ERA-Interim,mild
met_insituHT_MN-Hst_2016-2019.nc,Qair,0.0,0.0,ERA-Interim,mild
met_insituHT_MN-Hst_2016-2019.nc,RH,0.0,0.0,ERA-Interim,mild
met_insituHT_MN-Hst_2016-2019.nc,CO2air,0.0,16.2,observed,medium
met_insituHT_MN-Kbu_2003-2008.nc,Tair,0.0,5.3,ERA-Interim,mild
met_insituHT_MN-Kbu_2003-2008.nc,SWdown,0.0,5.2,ERA-Interim,mild
met_insituHT_MN-Kbu_2003-2008.nc,LWdown,0.0,5.3,ERA-Interim,mild
met_insituHT_MN-Kbu_2003-2008.nc,VPD,0.0,5.3,ERA-Interim,mild
met_insituHT_MN-Kbu_2003-2008.nc,PSurf,0.0,5.3,ERA-Interim,mild
met_insituHT_MN-Kbu_2003-2008.nc,Rainf,0.0,100.0,ERA-Interim,complete
met_insituHT_MN-Kbu_2003-2008.nc,Wind,0.0,6.6,ERA-Interim,mild
met_insituHT_MN-Kbu_2003-2008.nc,Qair,0.0,5.3,ERA-Interim,mild
met_insituHT_MN-Kbu_2003-2008.nc,RH,0.0,5.3,ERA-Interim,mild
met_insituHT_MN-Kbu_2003-2008.nc,CO2air,0.0,100.0,observed,complete
met_insituHT_MN-Nkh_2016-2019.nc,Tair,0.0,0.0,ERA-Interim,mild
met_insituHT_MN-Nkh_2016-2019.nc,SWdown,0.0,1.4,ERA-Interim,mild
met_insituHT_MN-Nkh_2016-2019.nc,LWdown,0.0,0.0,ERA-Interim,mild
met_insituHT_MN-Nkh_2016-2019.nc,VPD,0.0,0.0,ERA-Interim,mild
met_insituHT_MN-Nkh_2016-2019.nc,PSurf,0.0,0.1,ERA-Interim,mild
met_insituHT_MN-Nkh_2016-2019.nc,Rainf,0.0,100.0,ERA-Interim,complete
met_insituHT_MN-Nkh_2016-2019.nc,Wind,0.0,3.7,ERA-Interim,mild
met_insituHT_MN-Nkh_2016-2019.nc,Qair,0.0,0.0,ERA-Interim,mild
met_insituHT_MN-Nkh_2016-2019.nc,RH,0.0,0.0,ERA-Interim,mild
met_insituHT_MN-Nkh_2016-2019.nc,CO2air,0.0,15.8,observed,medium
met_insituHT_MN-Udg_2011-2011.nc,Tair,0.0,0.0,ERA-Interim,mild
met_insituHT_MN-Udg_2011-2011.nc,SWdown,0.0,0.9,ERA-Interim,mild
met_insituHT_MN-Udg_2011-2011.nc,LWdown,0.0,18.3,ERA-Interim,medium
met_insituHT_MN-Udg_2011-2011.nc,VPD,0.0,0.0,ERA-Interim,mild
met_insituHT_MN-Udg_2011-2011.nc,PSurf,0.0,0.0,ERA-Interim,mild
met_insituHT_MN-Udg_2011-2011.nc,Rainf,0.0,100.0,ERA-Interim,complete
met_insituHT_MN-Udg_2011-2011.nc,Wind,0.0,0.0,ERA-Interim,mild
met_insituHT_MN-Udg_2011-2011.nc,Qair,0.0,0.0,ERA-Interim,mild
met_insituHT_MN-Udg_2011-2011.nc,RH,0.0,0.0,ERA-Interim,mild
met_insituHT_MN-Udg_2011-2011.nc,CO2air,0.0,78.3,observed,complete
met_insituHT_MX-Aog_2017-2018.nc,Tair,0.0,0.3,observed,mild
met_insituHT_MX-Aog_2017-2018.nc,SWdown,0.0,8.8,ERA-Interim,mild
met_insituHT_MX-Aog_2017-2018.nc,LWdown,0.0,10.0,ERA-Interim,mild
met_insituHT_MX-Aog_2017-2018.nc,VPD,0.0,0.3,observed,mild
met_insituHT_MX-Aog_2017-2018.nc,PSurf,0.0,12.2,ERA-Interim,medium
met_insituHT_MX-Aog_2017-2018.nc,Rainf,0.0,0.0,ERA-Interim,mild
met_insituHT_MX-Aog_2017-2018.nc,Wind,0.0,12.3,ERA-Interim,medium
met_insituHT_MX-Aog_2017-2018.nc,Qair,0.0,0.3,observed,mild
met_insituHT_MX-Aog_2017-2018.nc,RH,0.0,0.0,ERA-Interim,mild
met_insituHT_MX-Aog_2017-2018.nc,CO2air,0.0,16.3,observed,medium
met_insituHT_MX-PMm_2017-2018.nc,Tair,0.0,43.3,ERA-Interim,heavy
met_insituHT_MX-PMm_2017-2018.nc,SWdown,0.0,43.2,ERA-Interim,heavy
met_insituHT_MX-PMm_2017-2018.nc,LWdown,0.0,49.9,ERA-Interim,heavy
met_insituHT_MX-PMm_2017-2018.nc,VPD,0.0,49.9,ERA-Interim,heavy
met_insituHT_MX-PMm_2017-2018.nc,PSurf,0.0,42.7,ERA-Interim,heavy
met_insituHT_MX-PMm_2017-2018.nc,Rainf,0.0,100.0,ERA-Interim,complete
met_insituHT_MX-PMm_2017-2018.nc,Wind,0.0,42.8,ERA-Interim,heavy
met_insituHT_MX-PMm_2017-2018.nc,Qair,0.0,49.9,ERA-Interim,heavy
met_insituHT_MX-PMm_2017-2018.nc,RH,0.0,49.9,ERA-Interim,heavy
met_insituHT_MX-PMm_2017-2018.nc,CO2air,0.0,43.9,observed,heavy
met_insituHT_MX-Tes_2005-2008.nc,Tair,0.0,4.9,ERA-Interim,mild
met_insituHT_MX-Tes_2005-2008.nc,SWdown,0.0,8.4,ERA-Interim,mild
met_insituHT_MX-Tes_2005-2008.nc,LWdown,0.0,10.0,ERA-Interim,mild
met_insituHT_MX-Tes_2005-2008.nc,VPD,0.0,4.9,ERA-Interim,mild
met_insituHT_MX-Tes_2005-2008.nc,PSurf,0.0,11.3,ERA-Interim,medium
met_insituHT_MX-Tes_2005-2008.nc,Rainf,0.0,4.9,ERA-Interim,mild
met_insituHT_MX-Tes_2005-2008.nc,Wind,0.0,4.9,ERA-Interim,mild
met_insituHT_MX-Tes_2005-2008.nc,Qair,0.0,4.9,ERA-Interim,mild
met_insituHT_MX-Tes_2005-2008.nc,RH,0.0,4.9,ERA-Interim,mild
met_insituHT_MX-Tes_2005-2008.nc,CO2air,0.0,11.3,observed,medium
met_insituHT_MY-LHP_2010-2018.nc,Tair,0.0,0.0,ERA-Interim,mild
met_insituHT_MY-LHP_2010-2018.nc,SWdown,0.0,0.7,ERA-Interim,mild
met_insituHT_MY-LHP_2010-2018.nc,LWdown,0.0,0.6,ERA-Interim,mild
met_insituHT_MY-LHP_2010-2018.nc,VPD,0.0,0.0,ERA-Interim,mild
met_insituHT_MY-LHP_2010-2018.nc,PSurf,0.0,78.2,ERA-Interim,complete
met_insituHT_MY-LHP_2010-2018.nc,Rainf,0.0,0.0,ERA-Interim,mild
met_insituHT_MY-LHP_2010-2018.nc,Wind,0.0,0.1,ERA-Interim,mild
met_insituHT_MY-LHP_2010-2018.nc,Qair,0.0,0.0,ERA-Interim,mild
met_insituHT_MY-LHP_2010-2018.nc,RH,0.0,0.0,ERA-Interim,mild
met_insituHT_MY-LHP_2010-2018.nc,CO2air,0.0,52.4,observed,complete
met_insituHT_NL-Hrw_2002-2010.nc,Tair,0.0,0.0,ERA-Interim,mild
met_insituHT_NL-Hrw_2002-2010.nc,SWdown,0.0,0.0,ERA-Interim,mild
met_insituHT_NL-Hrw_2002-2010.nc,LWdown,0.0,0.0,ERA-Interim,mild
met_insituHT_NL-Hrw_2002-2010.nc,VPD,0.0,0.0,ERA-Interim,mild
met_insituHT_NL-Hrw_2002-2010.nc,PSurf,0.0,36.7,ERA-Interim,heavy
met_insituHT_NL-Hrw_2002-2010.nc,Rainf,0.0,0.0,ERA-Interim,mild
met_insituHT_NL-Hrw_2002-2010.nc,Wind,0.0,36.7,ERA-Interim,heavy
met_insituHT_NL-Hrw_2002-2010.nc,Qair,0.0,0.0,ERA-Interim,mild
met_insituHT_NL-Hrw_2002-2010.nc,RH,0.0,0.0,ERA-Interim,mild
met_insituHT_NL-Hrw_2002-2010.nc,CO2air,0.0,38.6,observed,heavy
met_insituHT_NL-Loo_1997-2025.nc,Tair,0.0,7.0,observed,mild
met_insituHT_NL-Loo_1997-2025.nc,SWdown,0.0,3.6,observed,mild
met_insituHT_NL-Loo_1997-2025.nc,LWdown,0.0,8.9,observed,mild
met_insituHT_NL-Loo_1997-2025.nc,VPD,0.0,11.5,observed,medium
met_insituHT_NL-Loo_1997-2025.nc,PSurf,0.0,46.1,ERA-Interim,heavy
met_insituHT_NL-Loo_1997-2025.nc,Rainf,0.0,75.3,ERA-Interim,complete
met_insituHT_NL-Loo_1997-2025.nc,Wind,0.0,14.4,ERA-Interim,medium
met_insituHT_NL-Loo_1997-2025.nc,Qair,0.0,11.5,observed,medium
met_insituHT_NL-Loo_1997-2025.nc,RH,0.0,11.0,ERA-Interim,medium
met_insituHT_NL-Loo_1997-2025.nc,CO2air,0.0,19.3,observed,medium
met_insituHT_NL-Vkp_2015-2024.nc,Tair,0.0,0.2,observed,mild
met_insituHT_NL-Vkp_2015-2024.nc,SWdown,0.0,1.3,observed,mild
met_insituHT_NL-Vkp_2015-2024.nc,LWdown,0.0,0.5,observed,mild
met_insituHT_NL-Vkp_2015-2024.nc,VPD,0.0,0.2,observed,mild
met_insituHT_NL-Vkp_2015-2024.nc,PSurf,0.0,0.2,ERA-Interim,mild
met_insituHT_NL-Vkp_2015-2024.nc,Rainf,0.0,0.2,ERA-Interim,mild
met_insituHT_NL-Vkp_2015-2024.nc,Wind,0.0,10.1,ERA-Interim,medium
met_insituHT_NL-Vkp_2015-2024.nc,Qair,0.0,0.2,observed,mild
met_insituHT_NL-Vkp_2015-2024.nc,RH,0.0,0.2,ERA-Interim,mild
met_insituHT_NL-Vkp_2015-2024.nc,CO2air,0.0,16.6,observed,medium
met_insituHT_NO-And_2009-2014.nc,Tair,0.0,13.1,ERA-Interim,medium
met_insituHT_NO-And_2009-2014.nc,SWdown,0.0,2.8,ERA-Interim,mild
met_insituHT_NO-And_2009-2014.nc,LWdown,0.0,100.0,ERA-Interim,complete
met_insituHT_NO-And_2009-2014.nc,VPD,0.0,16.7,ERA-Interim,medium
met_insituHT_NO-And_2009-2014.nc,PSurf,0.0,12.4,ERA-Interim,medium
met_insituHT_NO-And_2009-2014.nc,Rainf,0.0,61.2,ERA-Interim,complete
met_insituHT_NO-And_2009-2014.nc,Wind,0.0,12.5,ERA-Interim,medium
met_insituHT_NO-And_2009-2014.nc,Qair,0.0,16.7,ERA-Interim,medium
met_insituHT_NO-And_2009-2014.nc,RH,0.0,16.7,ERA-Interim,medium
met_insituHT_NO-And_2009-2014.nc,CO2air,0.0,15.2,observed,medium
met_insituHT_NO-Fns_2021-2023.nc,Tair,0.0,5.8,ERA-Interim,mild
met_insituHT_NO-Fns_2021-2023.nc,SWdown,0.0,7.5,ERA-Interim,mild
met_insituHT_NO-Fns_2021-2023.nc,LWdown,0.0,5.7,ERA-Interim,mild
met_insituHT_NO-Fns_2021-2023.nc,VPD,0.0,5.8,ERA-Interim,mild
met_insituHT_NO-Fns_2021-2023.nc,PSurf,0.0,5.9,ERA-Interim,mild
met_insituHT_NO-Fns_2021-2023.nc,Rainf,0.0,5.8,ERA-Interim,mild
met_insituHT_NO-Fns_2021-2023.nc,Wind,0.0,7.1,ERA-Interim,mild
met_insituHT_NO-Fns_2021-2023.nc,Qair,0.0,5.8,ERA-Interim,mild
met_insituHT_NO-Fns_2021-2023.nc,RH,0.0,5.8,ERA-Interim,mild
met_insituHT_NO-Fns_2021-2023.nc,CO2air,0.0,22.5,observed,medium
met_insituHT_NO-Hur_2024-2024.nc,Tair,0.0,6.6,ERA-Interim,mild
met_insituHT_NO-Hur_2024-2024.nc,SWdown,0.0,5.7,ERA-Interim,mild
met_insituHT_NO-Hur_2024-2024.nc,LWdown,0.0,7.4,ERA-Interim,mild
met_insituHT_NO-Hur_2024-2024.nc,VPD,0.0,6.6,ERA-Interim,mild
met_insituHT_NO-Hur_2024-2024.nc,PSurf,0.0,7.0,ERA-Interim,mild
met_insituHT_NO-Hur_2024-2024.nc,Rainf,0.0,0.3,ERA-Interim,mild
met_insituHT_NO-Hur_2024-2024.nc,Wind,0.0,4.8,ERA-Interim,mild
met_insituHT_NO-Hur_2024-2024.nc,Qair,0.0,6.6,ERA-Interim,mild
met_insituHT_NO-Hur_2024-2024.nc,RH,0.0,6.6,ERA-Interim,mild
met_insituHT_NO-Hur_2024-2024.nc,CO2air,0.0,4.7,observed,mild
met_insituHT_NO-Ikr_2020-2021.nc,Tair,0.0,0.7,ERA-Interim,mild
met_insituHT_NO-Ikr_2020-2021.nc,SWdown,0.0,1.0,ERA-Interim,mild
met_insituHT_NO-Ikr_2020-2021.nc,LWdown,0.0,0.7,ERA-Interim,mild
met_insituHT_NO-Ikr_2020-2021.nc,VPD,0.0,2.8,ERA-Interim,mild
met_insituHT_NO-Ikr_2020-2021.nc,PSurf,0.0,0.7,ERA-Interim,mild
met_insituHT_NO-Ikr_2020-2021.nc,Rainf,0.0,100.0,ERA-Interim,complete
met_insituHT_NO-Ikr_2020-2021.nc,Wind,0.0,55.1,ERA-Interim,complete
met_insituHT_NO-Ikr_2020-2021.nc,Qair,0.0,2.8,ERA-Interim,mild
met_insituHT_NO-Ikr_2020-2021.nc,RH,0.0,2.8,ERA-Interim,mild
met_insituHT_NO-Ikr_2020-2021.nc,CO2air,0.0,55.1,observed,complete
met_insituHT_NZ-ADd_2017-2019.nc,Tair,0.0,0.0,ERA-Interim,mild
met_insituHT_NZ-ADd_2017-2019.nc,SWdown,0.0,0.2,ERA-Interim,mild
met_insituHT_NZ-ADd_2017-2019.nc,LWdown,0.0,0.0,ERA-Interim,mild
met_insituHT_NZ-ADd_2017-2019.nc,VPD,0.0,0.0,ERA-Interim,mild
met_insituHT_NZ-ADd_2017-2019.nc,PSurf,0.0,0.0,ERA-Interim,mild
met_insituHT_NZ-ADd_2017-2019.nc,Rainf,0.0,0.0,ERA-Interim,mild
met_insituHT_NZ-ADd_2017-2019.nc,Wind,0.0,0.0,ERA-Interim,mild
met_insituHT_NZ-ADd_2017-2019.nc,Qair,0.0,0.0,ERA-Interim,mild
met_insituHT_NZ-ADd_2017-2019.nc,RH,0.0,0.0,ERA-Interim,mild
met_insituHT_NZ-ADd_2017-2019.nc,CO2air,0.0,9.8,observed,mild
met_insituHT_NZ-ADw_2016-2021.nc,Tair,0.0,0.0,ERA-Interim,mild
met_insituHT_NZ-ADw_2016-2021.nc,SWdown,0.0,0.3,ERA-Interim,mild
met_insituHT_NZ-ADw_2016-2021.nc,LWdown,0.0,0.0,ERA-Interim,mild
met_insituHT_NZ-ADw_2016-2021.nc,VPD,0.0,0.1,ERA-Interim,mild
met_insituHT_NZ-ADw_2016-2021.nc,PSurf,0.0,0.0,ERA-Interim,mild
met_insituHT_NZ-ADw_2016-2021.nc,Rainf,0.0,0.0,ERA-Interim,mild
met_insituHT_NZ-ADw_2016-2021.nc,Wind,0.0,0.0,ERA-Interim,mild
met_insituHT_NZ-ADw_2016-2021.nc,Qair,0.0,0.1,ERA-Interim,mild
met_insituHT_NZ-ADw_2016-2021.nc,RH,0.0,0.1,ERA-Interim,mild
met_insituHT_NZ-ADw_2016-2021.nc,CO2air,0.0,8.1,observed,mild
met_insituHT_NZ-BFm_2013-2014.nc,Tair,0.0,0.0,ERA-Interim,mild
met_insituHT_NZ-BFm_2013-2014.nc,SWdown,0.0,5.3,ERA-Interim,mild
met_insituHT_NZ-BFm_2013-2014.nc,LWdown,0.0,0.0,ERA-Interim,mild
met_insituHT_NZ-BFm_2013-2014.nc,VPD,0.0,0.0,ERA-Interim,mild
met_insituHT_NZ-BFm_2013-2014.nc,PSurf,0.0,1.3,ERA-Interim,mild
met_insituHT_NZ-BFm_2013-2014.nc,Rainf,0.0,0.0,ERA-Interim,mild
met_insituHT_NZ-BFm_2013-2014.nc,Wind,0.0,0.0,ERA-Interim,mild
met_insituHT_NZ-BFm_2013-2014.nc,Qair,0.0,0.0,ERA-Interim,mild
met_insituHT_NZ-BFm_2013-2014.nc,RH,0.0,0.0,ERA-Interim,mild
met_insituHT_NZ-BFm_2013-2014.nc,CO2air,0.0,5.2,observed,mild
met_insituHT_NZ-BFu_2013-2013.nc,Tair,0.0,0.0,ERA-Interim,mild
met_insituHT_NZ-BFu_2013-2013.nc,SWdown,0.0,5.2,ERA-Interim,mild
met_insituHT_NZ-BFu_2013-2013.nc,LWdown,0.0,0.0,ERA-Interim,mild
met_insituHT_NZ-BFu_2013-2013.nc,VPD,0.0,0.0,ERA-Interim,mild
met_insituHT_NZ-BFu_2013-2013.nc,PSurf,0.0,2.1,ERA-Interim,mild
met_insituHT_NZ-BFu_2013-2013.nc,Rainf,0.0,0.0,ERA-Interim,mild
met_insituHT_NZ-BFu_2013-2013.nc,Wind,0.0,0.0,ERA-Interim,mild
met_insituHT_NZ-BFu_2013-2013.nc,Qair,0.0,0.0,ERA-Interim,mild
met_insituHT_NZ-BFu_2013-2013.nc,RH,0.0,0.0,ERA-Interim,mild
met_insituHT_NZ-BFu_2013-2013.nc,CO2air,0.0,7.0,observed,mild
met_insituHT_NZ-Cla_2023-2024.nc,Tair,0.0,0.9,ERA-Interim,mild
met_insituHT_NZ-Cla_2023-2024.nc,SWdown,0.0,2.8,ERA-Interim,mild
met_insituHT_NZ-Cla_2023-2024.nc,LWdown,0.0,2.8,ERA-Interim,mild
met_insituHT_NZ-Cla_2023-2024.nc,VPD,0.0,2.8,ERA-Interim,mild
met_insituHT_NZ-Cla_2023-2024.nc,PSurf,0.0,0.0,ERA-Interim,mild
met_insituHT_NZ-Cla_2023-2024.nc,Rainf,0.0,0.0,ERA-Interim,mild
met_insituHT_NZ-Cla_2023-2024.nc,Wind,0.0,0.9,ERA-Interim,mild
met_insituHT_NZ-Cla_2023-2024.nc,Qair,0.0,2.8,ERA-Interim,mild
met_insituHT_NZ-Cla_2023-2024.nc,RH,0.0,2.8,ERA-Interim,mild
met_insituHT_NZ-Cla_2023-2024.nc,CO2air,0.0,32.0,observed,heavy
met_insituHT_NZ-Kop_2012-2015.nc,Tair,0.0,0.1,observed,mild
met_insituHT_NZ-Kop_2012-2015.nc,SWdown,0.0,4.6,observed,mild
met_insituHT_NZ-Kop_2012-2015.nc,LWdown,0.0,0.1,observed,mild
met_insituHT_NZ-Kop_2012-2015.nc,VPD,0.0,0.1,observed,mild
met_insituHT_NZ-Kop_2012-2015.nc,PSurf,0.0,24.3,ERA-Interim,medium
met_insituHT_NZ-Kop_2012-2015.nc,Rainf,0.0,0.0,ERA-Interim,mild
met_insituHT_NZ-Kop_2012-2015.nc,Wind,0.0,24.3,ERA-Interim,medium
met_insituHT_NZ-Kop_2012-2015.nc,Qair,0.0,0.1,observed,mild
met_insituHT_NZ-Kop_2012-2015.nc,RH,0.0,0.1,ERA-Interim,mild
met_insituHT_NZ-Kop_2012-2015.nc,CO2air,0.0,24.6,observed,medium
met_insituHT_NZ-Lau_2020-2025.nc,Tair,0.0,5.6,ERA-Interim,mild
met_insituHT_NZ-Lau_2020-2025.nc,SWdown,0.0,3.5,ERA-Interim,mild
met_insituHT_NZ-Lau_2020-2025.nc,LWdown,0.0,100.0,ERA-Interim,complete
met_insituHT_NZ-Lau_2020-2025.nc,VPD,0.0,6.1,ERA-Interim,mild
met_insituHT_NZ-Lau_2020-2025.nc,PSurf,0.0,5.6,ERA-Interim,mild
met_insituHT_NZ-Lau_2020-2025.nc,Rainf,0.0,3.8,ERA-Interim,mild
met_insituHT_NZ-Lau_2020-2025.nc,Wind,0.0,5.6,ERA-Interim,mild
met_insituHT_NZ-Lau_2020-2025.nc,Qair,0.0,6.1,ERA-Interim,mild
met_insituHT_NZ-Lau_2020-2025.nc,RH,0.0,10.8,ERA-Interim,medium
met_insituHT_NZ-Lau_2020-2025.nc,CO2air,0.0,10.5,observed,medium
met_insituHT_NZ-Oxf_2006-2010.nc,Tair,0.0,0.2,observed,mild
met_insituHT_NZ-Oxf_2006-2010.nc,SWdown,0.0,0.0,observed,mild
met_insituHT_NZ-Oxf_2006-2010.nc,LWdown,0.0,100.0,ERA-Interim,complete
met_insituHT_NZ-Oxf_2006-2010.nc,VPD,0.0,0.2,observed,mild
met_insituHT_NZ-Oxf_2006-2010.nc,PSurf,0.0,0.0,observed,mild
met_insituHT_NZ-Oxf_2006-2010.nc,Rainf,0.0,0.0,observed,mild
met_insituHT_NZ-Oxf_2006-2010.nc,Wind,0.0,0.0,observed,mild
met_insituHT_NZ-Oxf_2006-2010.nc,Qair,0.0,0.2,observed,mild
met_insituHT_NZ-Oxf_2006-2010.nc,RH,0.0,0.0,observed,mild
met_insituHT_NZ-Oxf_2006-2010.nc,CO2air,0.0,5.8,observed,mild
met_insituHT_NZ-ScF_2008-2011.nc,Tair,0.0,0.0,observed,mild
met_insituHT_NZ-ScF_2008-2011.nc,SWdown,0.0,0.9,observed,mild
met_insituHT_NZ-ScF_2008-2011.nc,LWdown,0.0,100.0,ERA-Interim,complete
met_insituHT_NZ-ScF_2008-2011.nc,VPD,0.0,0.0,observed,mild
met_insituHT_NZ-ScF_2008-2011.nc,PSurf,0.0,0.0,observed,mild
met_insituHT_NZ-ScF_2008-2011.nc,Rainf,0.0,0.0,observed,mild
met_insituHT_NZ-ScF_2008-2011.nc,Wind,0.0,0.4,ERA-Interim,mild
met_insituHT_NZ-ScF_2008-2011.nc,Qair,0.0,0.0,observed,mild
met_insituHT_NZ-ScF_2008-2011.nc,RH,0.0,0.4,ERA-Interim,mild
met_insituHT_NZ-ScF_2008-2011.nc,CO2air,0.0,31.1,observed,heavy
met_insituHT_PA-SPn_2008-2008.nc,Tair,0.0,1.2,ERA-Interim,mild
met_insituHT_PA-SPn_2008-2008.nc,SWdown,0.0,0.0,ERA-Interim,mild
met_insituHT_PA-SPn_2008-2008.nc,LWdown,0.0,100.0,ERA-Interim,complete
met_insituHT_PA-SPn_2008-2008.nc,VPD,0.0,19.1,ERA-Interim,medium
met_insituHT_PA-SPn_2008-2008.nc,PSurf,0.0,23.5,ERA-Interim,medium
met_insituHT_PA-SPn_2008-2008.nc,Rainf,0.0,0.0,ERA-Interim,mild
met_insituHT_PA-SPn_2008-2008.nc,Wind,0.0,23.5,ERA-Interim,medium
met_insituHT_PA-SPn_2008-2008.nc,Qair,0.0,19.1,ERA-Interim,medium
met_insituHT_PA-SPn_2008-2008.nc,RH,0.0,19.1,ERA-Interim,medium
met_insituHT_PA-SPn_2008-2008.nc,CO2air,0.0,23.5,observed,medium
met_insituHT_PA-SPs_2008-2009.nc,Tair,0.0,1.1,ERA-Interim,mild
met_insituHT_PA-SPs_2008-2009.nc,SWdown,0.0,0.0,ERA-Interim,mild
met_insituHT_PA-SPs_2008-2009.nc,LWdown,0.0,100.0,ERA-Interim,complete
met_insituHT_PA-SPs_2008-2009.nc,VPD,0.0,15.9,ERA-Interim,medium
met_insituHT_PA-SPs_2008-2009.nc,PSurf,0.0,29.2,ERA-Interim,heavy
met_insituHT_PA-SPs_2008-2009.nc,Rainf,0.0,0.0,ERA-Interim,mild
met_insituHT_PA-SPs_2008-2009.nc,Wind,0.0,29.2,ERA-Interim,heavy
met_insituHT_PA-SPs_2008-2009.nc,Qair,0.0,15.9,ERA-Interim,medium
met_insituHT_PA-SPs_2008-2009.nc,RH,0.0,15.9,ERA-Interim,medium
met_insituHT_PA-SPs_2008-2009.nc,CO2air,0.0,29.2,observed,heavy
met_insituHT_PE-QFR_2018-2019.nc,Tair,0.0,3.0,ERA-Interim,mild
met_insituHT_PE-QFR_2018-2019.nc,SWdown,0.0,3.2,observed,mild
met_insituHT_PE-QFR_2018-2019.nc,LWdown,0.0,100.0,ERA-Interim,complete
met_insituHT_PE-QFR_2018-2019.nc,VPD,0.0,3.0,ERA-Interim,mild
met_insituHT_PE-QFR_2018-2019.nc,PSurf,0.0,3.6,ERA-Interim,mild
met_insituHT_PE-QFR_2018-2019.nc,Rainf,0.0,100.0,ERA-Interim,complete
met_insituHT_PE-QFR_2018-2019.nc,Wind,0.0,24.5,ERA-Interim,medium
met_insituHT_PE-QFR_2018-2019.nc,Qair,0.0,3.0,ERA-Interim,mild
met_insituHT_PE-QFR_2018-2019.nc,RH,0.0,3.0,ERA-Interim,mild
met_insituHT_PE-QFR_2018-2019.nc,CO2air,0.0,24.6,observed,medium
met_insituHT_PR-xGU_2019-2024.nc,Tair,0.0,8.5,observed,mild
met_insituHT_PR-xGU_2019-2024.nc,SWdown,0.0,4.9,observed,mild
met_insituHT_PR-xGU_2019-2024.nc,LWdown,0.0,16.7,observed,medium
met_insituHT_PR-xGU_2019-2024.nc,VPD,0.0,13.7,observed,medium
met_insituHT_PR-xGU_2019-2024.nc,PSurf,0.0,5.2,ERA-Interim,mild
met_insituHT_PR-xGU_2019-2024.nc,Rainf,0.0,0.0,ERA-Interim,mild
met_insituHT_PR-xGU_2019-2024.nc,Wind,0.0,39.6,ERA-Interim,heavy
met_insituHT_PR-xGU_2019-2024.nc,Qair,0.0,13.7,observed,medium
met_insituHT_PR-xGU_2019-2024.nc,RH,0.0,13.7,ERA-Interim,medium
met_insituHT_PR-xGU_2019-2024.nc,CO2air,0.0,46.0,observed,heavy
met_insituHT_PR-xLA_2020-2024.nc,Tair,0.0,4.0,observed,mild
met_insituHT_PR-xLA_2020-2024.nc,SWdown,0.0,3.7,observed,mild
met_insituHT_PR-xLA_2020-2024.nc,LWdown,0.0,4.1,observed,mild
met_insituHT_PR-xLA_2020-2024.nc,VPD,0.0,11.4,observed,medium
met_insituHT_PR-xLA_2020-2024.nc,PSurf,0.0,5.2,ERA-Interim,mild
met_insituHT_PR-xLA_2020-2024.nc,Rainf,0.0,0.0,ERA-Interim,mild
met_insituHT_PR-xLA_2020-2024.nc,Wind,0.0,18.8,ERA-Interim,medium
met_insituHT_PR-xLA_2020-2024.nc,Qair,0.0,11.4,observed,medium
met_insituHT_PR-xLA_2020-2024.nc,RH,0.0,11.4,ERA-Interim,medium
met_insituHT_PR-xLA_2020-2024.nc,CO2air,0.0,47.8,observed,heavy
met_insituHT_RU-Ch2_2015-2020.nc,Tair,0.0,10.4,ERA-Interim,medium
met_insituHT_RU-Ch2_2015-2020.nc,SWdown,0.0,6.3,ERA-Interim,mild
met_insituHT_RU-Ch2_2015-2020.nc,LWdown,0.0,6.4,ERA-Interim,mild
met_insituHT_RU-Ch2_2015-2020.nc,VPD,0.0,16.1,ERA-Interim,medium
met_insituHT_RU-Ch2_2015-2020.nc,PSurf,0.0,6.4,ERA-Interim,mild
met_insituHT_RU-Ch2_2015-2020.nc,Rainf,0.0,6.4,ERA-Interim,mild
met_insituHT_RU-Ch2_2015-2020.nc,Wind,0.0,11.5,ERA-Interim,medium
met_insituHT_RU-Ch2_2015-2020.nc,Qair,0.0,16.1,ERA-Interim,medium
met_insituHT_RU-Ch2_2015-2020.nc,RH,0.0,13.1,ERA-Interim,medium
met_insituHT_RU-Ch2_2015-2020.nc,CO2air,0.0,27.6,observed,heavy
met_insituHT_RU-Che_2014-2020.nc,Tair,0.0,7.5,ERA-Interim,mild
met_insituHT_RU-Che_2014-2020.nc,SWdown,0.0,2.2,ERA-Interim,mild
met_insituHT_RU-Che_2014-2020.nc,LWdown,0.0,2.7,ERA-Interim,mild
met_insituHT_RU-Che_2014-2020.nc,VPD,0.0,12.2,ERA-Interim,medium
met_insituHT_RU-Che_2014-2020.nc,PSurf,0.0,2.7,ERA-Interim,mild
met_insituHT_RU-Che_2014-2020.nc,Rainf,0.0,2.3,ERA-Interim,mild
met_insituHT_RU-Che_2014-2020.nc,Wind,0.0,23.8,ERA-Interim,medium
met_insituHT_RU-Che_2014-2020.nc,Qair,0.0,12.2,ERA-Interim,medium
met_insituHT_RU-Che_2014-2020.nc,RH,0.0,8.5,ERA-Interim,mild
met_insituHT_RU-Che_2014-2020.nc,CO2air,0.0,38.8,observed,heavy
met_insituHT_RU-Ege_2011-2017.nc,Tair,0.0,28.7,ERA-Interim,heavy
met_insituHT_RU-Ege_2011-2017.nc,SWdown,0.0,28.8,ERA-Interim,heavy
met_insituHT_RU-Ege_2011-2017.nc,LWdown,0.0,28.7,ERA-Interim,heavy
met_insituHT_RU-Ege_2011-2017.nc,VPD,0.0,34.7,ERA-Interim,heavy
met_insituHT_RU-Ege_2011-2017.nc,PSurf,0.0,61.1,ERA-Interim,complete
met_insituHT_RU-Ege_2011-2017.nc,Rainf,0.0,100.0,ERA-Interim,complete
met_insituHT_RU-Ege_2011-2017.nc,Wind,0.0,61.1,ERA-Interim,complete
met_insituHT_RU-Ege_2011-2017.nc,Qair,0.0,34.7,ERA-Interim,heavy
met_insituHT_RU-Ege_2011-2017.nc,RH,0.0,34.7,ERA-Interim,heavy
met_insituHT_RU-Ege_2011-2017.nc,CO2air,0.0,63.0,observed,complete
met_insituHT_RU-Fy2_2016-2024.nc,Tair,0.0,8.0,ERA-Interim,mild
met_insituHT_RU-Fy2_2016-2024.nc,SWdown,0.0,8.8,ERA-Interim,mild
met_insituHT_RU-Fy2_2016-2024.nc,LWdown,0.0,9.9,ERA-Interim,mild
met_insituHT_RU-Fy2_2016-2024.nc,VPD,0.0,8.1,ERA-Interim,mild
met_insituHT_RU-Fy2_2016-2024.nc,PSurf,0.0,5.1,ERA-Interim,mild
met_insituHT_RU-Fy2_2016-2024.nc,Rainf,0.0,8.5,ERA-Interim,mild
met_insituHT_RU-Fy2_2016-2024.nc,Wind,0.0,17.2,ERA-Interim,medium
met_insituHT_RU-Fy2_2016-2024.nc,Qair,0.0,8.1,ERA-Interim,mild
met_insituHT_RU-Fy2_2016-2024.nc,RH,0.0,8.1,ERA-Interim,mild
met_insituHT_RU-Fy2_2016-2024.nc,CO2air,0.0,12.0,observed,medium
met_insituHT_RU-Fy3_2017-2017.nc,Tair,0.0,51.9,ERA-Interim,complete
met_insituHT_RU-Fy3_2017-2017.nc,SWdown,0.0,50.9,ERA-Interim,complete
met_insituHT_RU-Fy3_2017-2017.nc,LWdown,0.0,51.4,ERA-Interim,complete
met_insituHT_RU-Fy3_2017-2017.nc,VPD,0.0,53.3,ERA-Interim,complete
met_insituHT_RU-Fy3_2017-2017.nc,PSurf,0.0,52.0,ERA-Interim,complete
met_insituHT_RU-Fy3_2017-2017.nc,Rainf,0.0,51.7,ERA-Interim,complete
met_insituHT_RU-Fy3_2017-2017.nc,Wind,0.0,52.1,ERA-Interim,complete
met_insituHT_RU-Fy3_2017-2017.nc,Qair,0.0,53.3,ERA-Interim,complete
met_insituHT_RU-Fy3_2017-2017.nc,RH,0.0,53.3,ERA-Interim,complete
met_insituHT_RU-Fy3_2017-2017.nc,CO2air,0.0,52.7,observed,complete
met_insituHT_RU-Fy4_2016-2020.nc,Tair,0.0,26.2,ERA-Interim,heavy
met_insituHT_RU-Fy4_2016-2020.nc,SWdown,0.0,29.3,ERA-Interim,heavy
met_insituHT_RU-Fy4_2016-2020.nc,LWdown,0.0,34.0,ERA-Interim,heavy
met_insituHT_RU-Fy4_2016-2020.nc,VPD,0.0,26.2,ERA-Interim,heavy
met_insituHT_RU-Fy4_2016-2020.nc,PSurf,0.0,31.0,ERA-Interim,heavy
met_insituHT_RU-Fy4_2016-2020.nc,Rainf,0.0,26.0,ERA-Interim,heavy
met_insituHT_RU-Fy4_2016-2020.nc,Wind,0.0,35.9,ERA-Interim,heavy
met_insituHT_RU-Fy4_2016-2020.nc,Qair,0.0,26.2,ERA-Interim,heavy
met_insituHT_RU-Fy4_2016-2020.nc,RH,0.0,26.2,ERA-Interim,heavy
met_insituHT_RU-Fy4_2016-2020.nc,CO2air,0.0,36.4,observed,heavy
met_insituHT_RU-Fyo_1999-2024.nc,Tair,0.0,1.4,ERA-Interim,mild
met_insituHT_RU-Fyo_1999-2024.nc,SWdown,0.0,2.0,ERA-Interim,mild
met_insituHT_RU-Fyo_1999-2024.nc,LWdown,0.0,33.3,ERA-Interim,heavy
met_insituHT_RU-Fyo_1999-2024.nc,VPD,0.0,1.7,ERA-Interim,mild
met_insituHT_RU-Fyo_1999-2024.nc,PSurf,0.0,1.5,ERA-Interim,mild
met_insituHT_RU-Fyo_1999-2024.nc,Rainf,0.0,22.0,ERA-Interim,medium
met_insituHT_RU-Fyo_1999-2024.nc,Wind,0.0,9.5,ERA-Interim,mild
met_insituHT_RU-Fyo_1999-2024.nc,Qair,0.0,1.7,ERA-Interim,mild
met_insituHT_RU-Fyo_1999-2024.nc,RH,0.0,1.7,ERA-Interim,mild
met_insituHT_RU-Fyo_1999-2024.nc,CO2air,0.0,14.3,observed,medium
met_insituHT_RU-Ha1_2003-2003.nc,Tair,0.0,49.3,ERA-Interim,heavy
met_insituHT_RU-Ha1_2003-2003.nc,SWdown,0.0,49.1,ERA-Interim,heavy
met_insituHT_RU-Ha1_2003-2003.nc,LWdown,0.0,100.0,ERA-Interim,complete
met_insituHT_RU-Ha1_2003-2003.nc,VPD,0.0,49.3,ERA-Interim,heavy
met_insituHT_RU-Ha1_2003-2003.nc,PSurf,0.0,49.3,ERA-Interim,heavy
met_insituHT_RU-Ha1_2003-2003.nc,Rainf,0.0,49.4,ERA-Interim,heavy
met_insituHT_RU-Ha1_2003-2003.nc,Wind,0.0,50.6,ERA-Interim,complete
met_insituHT_RU-Ha1_2003-2003.nc,Qair,0.0,49.3,ERA-Interim,heavy
met_insituHT_RU-Ha1_2003-2003.nc,RH,0.0,49.3,ERA-Interim,heavy
met_insituHT_RU-Ha1_2003-2003.nc,CO2air,0.0,50.6,observed,complete
met_insituHT_RU-NeB_1999-2000.nc,Tair,0.0,71.8,ERA-Interim,complete
met_insituHT_RU-NeB_1999-2000.nc,SWdown,0.0,71.5,ERA-Interim,complete
met_insituHT_RU-NeB_1999-2000.nc,LWdown,0.0,74.9,ERA-Interim,complete
met_insituHT_RU-NeB_1999-2000.nc,VPD,0.0,71.8,ERA-Interim,complete
met_insituHT_RU-NeB_1999-2000.nc,PSurf,0.0,100.0,ERA-Interim,complete
met_insituHT_RU-NeB_1999-2000.nc,Rainf,0.0,100.0,ERA-Interim,complete
met_insituHT_RU-NeB_1999-2000.nc,Wind,0.0,74.8,ERA-Interim,complete
met_insituHT_RU-NeB_1999-2000.nc,Qair,0.0,71.8,ERA-Interim,complete
met_insituHT_RU-NeB_1999-2000.nc,RH,0.0,71.8,ERA-Interim,complete
met_insituHT_RU-NeB_1999-2000.nc,CO2air,0.0,100.0,observed,complete
met_insituHT_RU-NeC_2001-2006.nc,Tair,0.0,56.8,ERA-Interim,complete
met_insituHT_RU-NeC_2001-2006.nc,SWdown,0.0,56.5,ERA-Interim,complete
met_insituHT_RU-NeC_2001-2006.nc,LWdown,0.0,57.2,ERA-Interim,complete
met_insituHT_RU-NeC_2001-2006.nc,VPD,0.0,56.8,ERA-Interim,complete
met_insituHT_RU-NeC_2001-2006.nc,PSurf,0.0,100.0,ERA-Interim,complete
met_insituHT_RU-NeC_2001-2006.nc,Rainf,0.0,100.0,ERA-Interim,complete
met_insituHT_RU-NeC_2001-2006.nc,Wind,0.0,56.5,ERA-Interim,complete
met_insituHT_RU-NeC_2001-2006.nc,Qair,0.0,56.8,ERA-Interim,complete
met_insituHT_RU-NeC_2001-2006.nc,RH,0.0,56.7,ERA-Interim,complete
met_insituHT_RU-NeC_2001-2006.nc,CO2air,0.0,100.0,observed,complete
met_insituHT_RU-NeF_2001-2005.nc,Tair,0.0,55.6,ERA-Interim,complete
met_insituHT_RU-NeF_2001-2005.nc,SWdown,0.0,55.4,ERA-Interim,complete
met_insituHT_RU-NeF_2001-2005.nc,LWdown,0.0,56.0,ERA-Interim,complete
met_insituHT_RU-NeF_2001-2005.nc,VPD,0.0,56.0,ERA-Interim,complete
met_insituHT_RU-NeF_2001-2005.nc,PSurf,0.0,82.9,ERA-Interim,complete
met_insituHT_RU-NeF_2001-2005.nc,Rainf,0.0,100.0,ERA-Interim,complete
met_insituHT_RU-NeF_2001-2005.nc,Wind,0.0,60.8,ERA-Interim,complete
met_insituHT_RU-NeF_2001-2005.nc,Qair,0.0,56.0,ERA-Interim,complete
met_insituHT_RU-NeF_2001-2005.nc,RH,0.0,56.0,ERA-Interim,complete
met_insituHT_RU-NeF_2001-2005.nc,CO2air,0.0,66.6,observed,complete
met_insituHT_RU-Sk2_2005-2007.nc,Tair,0.0,8.4,observed,mild
met_insituHT_RU-Sk2_2005-2007.nc,SWdown,0.0,3.9,observed,mild
met_insituHT_RU-Sk2_2005-2007.nc,LWdown,0.0,3.9,observed,mild
met_insituHT_RU-Sk2_2005-2007.nc,VPD,0.0,9.4,observed,mild
met_insituHT_RU-Sk2_2005-2007.nc,PSurf,0.0,59.9,ERA-Interim,complete
met_insituHT_RU-Sk2_2005-2007.nc,Rainf,0.0,100.0,ERA-Interim,complete
met_insituHT_RU-Sk2_2005-2007.nc,Wind,0.0,8.3,ERA-Interim,mild
met_insituHT_RU-Sk2_2005-2007.nc,Qair,0.0,9.4,observed,mild
met_insituHT_RU-Sk2_2005-2007.nc,RH,0.0,8.3,ERA-Interim,mild
met_insituHT_RU-Sk2_2005-2007.nc,CO2air,0.0,66.8,observed,complete
met_insituHT_RU-SkP_2005-2013.nc,Tair,0.0,5.2,observed,mild
met_insituHT_RU-SkP_2005-2013.nc,SWdown,0.0,4.3,observed,mild
met_insituHT_RU-SkP_2005-2013.nc,LWdown,0.0,4.5,observed,mild
met_insituHT_RU-SkP_2005-2013.nc,VPD,0.0,5.3,observed,mild
met_insituHT_RU-SkP_2005-2013.nc,PSurf,0.0,100.0,ERA-Interim,complete
met_insituHT_RU-SkP_2005-2013.nc,Rainf,0.0,100.0,ERA-Interim,complete
met_insituHT_RU-SkP_2005-2013.nc,Wind,0.0,58.4,ERA-Interim,complete
met_insituHT_RU-SkP_2005-2013.nc,Qair,0.0,5.3,observed,mild
met_insituHT_RU-SkP_2005-2013.nc,RH,0.0,5.3,ERA-Interim,mild
met_insituHT_RU-SkP_2005-2013.nc,CO2air,0.0,59.1,observed,complete
met_insituHT_RU-Tur_2004-2004.nc,Tair,0.0,72.8,ERA-Interim,complete
met_insituHT_RU-Tur_2004-2004.nc,SWdown,0.0,72.7,ERA-Interim,complete
met_insituHT_RU-Tur_2004-2004.nc,LWdown,0.0,72.8,ERA-Interim,complete
met_insituHT_RU-Tur_2004-2004.nc,VPD,0.0,72.8,ERA-Interim,complete
met_insituHT_RU-Tur_2004-2004.nc,PSurf,0.0,72.8,ERA-Interim,complete
met_insituHT_RU-Tur_2004-2004.nc,Rainf,0.0,100.0,ERA-Interim,complete
met_insituHT_RU-Tur_2004-2004.nc,Wind,0.0,72.7,ERA-Interim,complete
met_insituHT_RU-Tur_2004-2004.nc,Qair,0.0,72.8,ERA-Interim,complete
met_insituHT_RU-Tur_2004-2004.nc,RH,0.0,83.8,ERA-Interim,complete
met_insituHT_RU-Tur_2004-2004.nc,CO2air,0.0,76.9,observed,complete
met_insituHT_SD-Dem_2008-2008.nc,Tair,0.0,0.0,observed,mild
met_insituHT_SD-Dem_2008-2008.nc,SWdown,0.0,0.5,observed,mild
met_insituHT_SD-Dem_2008-2008.nc,LWdown,0.0,100.0,ERA-Interim,complete
met_insituHT_SD-Dem_2008-2008.nc,VPD,0.0,0.0,observed,mild
met_insituHT_SD-Dem_2008-2008.nc,PSurf,0.0,100.0,ERA-Interim,complete
met_insituHT_SD-Dem_2008-2008.nc,Rainf,0.0,0.0,ERA-Interim,mild
met_insituHT_SD-Dem_2008-2008.nc,Wind,0.0,0.0,ERA-Interim,mild
met_insituHT_SD-Dem_2008-2008.nc,Qair,0.0,0.0,observed,mild
met_insituHT_SD-Dem_2008-2008.nc,RH,0.0,0.0,ERA-Interim,mild
met_insituHT_SD-Dem_2008-2008.nc,CO2air,0.0,26.2,observed,heavy
met_insituHT_SE-Deg_2020-2024.nc,Tair,0.0,1.8,ERA-Interim,mild
met_insituHT_SE-Deg_2020-2024.nc,SWdown,0.0,0.9,ERA-Interim,mild
met_insituHT_SE-Deg_2020-2024.nc,LWdown,0.0,6.1,ERA-Interim,mild
met_insituHT_SE-Deg_2020-2024.nc,VPD,0.0,8.9,ERA-Interim,mild
met_insituHT_SE-Deg_2020-2024.nc,PSurf,0.0,1.4,ERA-Interim,mild
met_insituHT_SE-Deg_2020-2024.nc,Rainf,0.0,22.6,ERA-Interim,medium
met_insituHT_SE-Deg_2020-2024.nc,Wind,0.0,3.7,ERA-Interim,mild
met_insituHT_SE-Deg_2020-2024.nc,Qair,0.0,8.9,ERA-Interim,mild
met_insituHT_SE-Deg_2020-2024.nc,RH,0.0,8.9,ERA-Interim,mild
met_insituHT_SE-Deg_2020-2024.nc,CO2air,0.0,5.3,observed,mild
met_insituHT_SE-HfM_2021-2023.nc,Tair,0.0,0.0,ERA-Interim,mild
met_insituHT_SE-HfM_2021-2023.nc,SWdown,0.0,0.0,ERA-Interim,mild
met_insituHT_SE-HfM_2021-2023.nc,LWdown,0.0,100.0,ERA-Interim,complete
met_insituHT_SE-HfM_2021-2023.nc,VPD,0.0,0.0,ERA-Interim,mild
met_insituHT_SE-HfM_2021-2023.nc,PSurf,0.0,0.0,ERA-Interim,mild
met_insituHT_SE-HfM_2021-2023.nc,Rainf,0.0,0.0,ERA-Interim,mild
met_insituHT_SE-HfM_2021-2023.nc,Wind,0.0,16.0,ERA-Interim,medium
met_insituHT_SE-HfM_2021-2023.nc,Qair,0.0,0.0,ERA-Interim,mild
met_insituHT_SE-HfM_2021-2023.nc,RH,0.0,0.0,ERA-Interim,mild
met_insituHT_SE-HfM_2021-2023.nc,CO2air,0.0,16.0,observed,medium
met_insituHT_SE-Hmr_2021-2023.nc,Tair,0.0,0.0,ERA-Interim,mild
met_insituHT_SE-Hmr_2021-2023.nc,SWdown,0.0,0.0,ERA-Interim,mild
met_insituHT_SE-Hmr_2021-2023.nc,LWdown,0.0,100.0,ERA-Interim,complete
met_insituHT_SE-Hmr_2021-2023.nc,VPD,0.0,0.0,ERA-Interim,mild
met_insituHT_SE-Hmr_2021-2023.nc,PSurf,0.0,0.0,ERA-Interim,mild
met_insituHT_SE-Hmr_2021-2023.nc,Rainf,0.0,0.0,ERA-Interim,mild
met_insituHT_SE-Hmr_2021-2023.nc,Wind,0.0,19.8,ERA-Interim,medium
met_insituHT_SE-Hmr_2021-2023.nc,Qair,0.0,0.0,ERA-Interim,mild
met_insituHT_SE-Hmr_2021-2023.nc,RH,0.0,0.0,ERA-Interim,mild
met_insituHT_SE-Hmr_2021-2023.nc,CO2air,0.0,19.8,observed,medium
met_insituHT_SE-Htm_2019-2024.nc,Tair,0.0,3.6,ERA-Interim,mild
met_insituHT_SE-Htm_2019-2024.nc,SWdown,0.0,2.8,ERA-Interim,mild
met_insituHT_SE-Htm_2019-2024.nc,LWdown,0.0,3.0,ERA-Interim,mild
met_insituHT_SE-Htm_2019-2024.nc,VPD,0.0,4.3,ERA-Interim,mild
met_insituHT_SE-Htm_2019-2024.nc,PSurf,0.0,1.9,ERA-Interim,mild
met_insituHT_SE-Htm_2019-2024.nc,Rainf,0.0,0.6,ERA-Interim,mild
met_insituHT_SE-Htm_2019-2024.nc,Wind,0.0,1.7,ERA-Interim,mild
met_insituHT_SE-Htm_2019-2024.nc,Qair,0.0,4.3,ERA-Interim,mild
met_insituHT_SE-Htm_2019-2024.nc,RH,0.0,4.3,ERA-Interim,mild
met_insituHT_SE-Htm_2019-2024.nc,CO2air,0.0,2.4,observed,mild
met_insituHT_SE-Nor_2019-2024.nc,Tair,0.0,1.8,ERA-Interim,mild
met_insituHT_SE-Nor_2019-2024.nc,SWdown,0.0,0.9,ERA-Interim,mild
met_insituHT_SE-Nor_2019-2024.nc,LWdown,0.0,1.0,ERA-Interim,mild
met_insituHT_SE-Nor_2019-2024.nc,VPD,0.0,1.8,ERA-Interim,mild
met_insituHT_SE-Nor_2019-2024.nc,PSurf,0.0,0.9,ERA-Interim,mild
met_insituHT_SE-Nor_2019-2024.nc,Rainf,0.0,20.5,ERA-Interim,medium
met_insituHT_SE-Nor_2019-2024.nc,Wind,0.0,2.6,ERA-Interim,mild
met_insituHT_SE-Nor_2019-2024.nc,Qair,0.0,1.8,ERA-Interim,mild
met_insituHT_SE-Nor_2019-2024.nc,RH,0.0,1.8,ERA-Interim,mild
met_insituHT_SE-Nor_2019-2024.nc,CO2air,0.0,2.9,observed,mild
met_insituHT_SE-Ros_2015-2020.nc,Tair,0.0,0.0,ERA-Interim,mild
met_insituHT_SE-Ros_2015-2020.nc,SWdown,0.0,0.0,ERA-Interim,mild
met_insituHT_SE-Ros_2015-2020.nc,LWdown,0.0,100.0,ERA-Interim,complete
met_insituHT_SE-Ros_2015-2020.nc,VPD,0.0,0.0,ERA-Interim,mild
met_insituHT_SE-Ros_2015-2020.nc,PSurf,0.0,1.4,ERA-Interim,mild
met_insituHT_SE-Ros_2015-2020.nc,Rainf,0.0,0.0,ERA-Interim,mild
met_insituHT_SE-Ros_2015-2020.nc,Wind,0.0,4.6,ERA-Interim,mild
met_insituHT_SE-Ros_2015-2020.nc,Qair,0.0,0.0,ERA-Interim,mild
met_insituHT_SE-Ros_2015-2020.nc,RH,0.0,0.0,ERA-Interim,mild
met_insituHT_SE-Ros_2015-2020.nc,CO2air,0.0,6.2,observed,mild
met_insituHT_SE-Srj_2021-2022.nc,Tair,0.0,0.0,ERA-Interim,mild
met_insituHT_SE-Srj_2021-2022.nc,SWdown,0.0,0.0,ERA-Interim,mild
met_insituHT_SE-Srj_2021-2022.nc,LWdown,0.0,100.0,ERA-Interim,complete
met_insituHT_SE-Srj_2021-2022.nc,VPD,0.0,0.0,ERA-Interim,mild
met_insituHT_SE-Srj_2021-2022.nc,PSurf,0.0,0.0,ERA-Interim,mild
met_insituHT_SE-Srj_2021-2022.nc,Rainf,0.0,0.0,ERA-Interim,mild
met_insituHT_SE-Srj_2021-2022.nc,Wind,0.0,23.9,ERA-Interim,medium
met_insituHT_SE-Srj_2021-2022.nc,Qair,0.0,0.0,ERA-Interim,mild
met_insituHT_SE-Srj_2021-2022.nc,RH,0.0,0.0,ERA-Interim,mild
met_insituHT_SE-Srj_2021-2022.nc,CO2air,0.0,23.7,observed,medium
met_insituHT_SE-St1_2013-2018.nc,Tair,0.0,14.2,ERA-Interim,medium
met_insituHT_SE-St1_2013-2018.nc,SWdown,0.0,12.0,ERA-Interim,medium
met_insituHT_SE-St1_2013-2018.nc,LWdown,0.0,27.7,ERA-Interim,heavy
met_insituHT_SE-St1_2013-2018.nc,VPD,0.0,14.2,ERA-Interim,medium
met_insituHT_SE-St1_2013-2018.nc,PSurf,0.0,25.9,ERA-Interim,heavy
met_insituHT_SE-St1_2013-2018.nc,Rainf,0.0,24.9,ERA-Interim,medium
met_insituHT_SE-St1_2013-2018.nc,Wind,0.0,23.2,ERA-Interim,medium
met_insituHT_SE-St1_2013-2018.nc,Qair,0.0,14.2,ERA-Interim,medium
met_insituHT_SE-St1_2013-2018.nc,RH,0.0,14.2,ERA-Interim,medium
met_insituHT_SE-St1_2013-2018.nc,CO2air,0.0,37.9,observed,heavy
met_insituHT_SE-Sto_2023-2024.nc,Tair,0.0,1.7,ERA-Interim,mild
met_insituHT_SE-Sto_2023-2024.nc,SWdown,0.0,1.7,ERA-Interim,mild
met_insituHT_SE-Sto_2023-2024.nc,LWdown,0.0,1.7,ERA-Interim,mild
met_insituHT_SE-Sto_2023-2024.nc,VPD,0.0,1.7,ERA-Interim,mild
met_insituHT_SE-Sto_2023-2024.nc,PSurf,0.0,1.7,ERA-Interim,mild
met_insituHT_SE-Sto_2023-2024.nc,Rainf,0.0,2.8,ERA-Interim,mild
met_insituHT_SE-Sto_2023-2024.nc,Wind,0.0,6.8,ERA-Interim,mild
met_insituHT_SE-Sto_2023-2024.nc,Qair,0.0,1.7,ERA-Interim,mild
met_insituHT_SE-Sto_2023-2024.nc,RH,0.0,1.7,ERA-Interim,mild
met_insituHT_SE-Sto_2023-2024.nc,CO2air,0.0,10.6,observed,medium
met_insituHT_SE-Svb_2020-2024.nc,Tair,0.0,0.4,observed,mild
met_insituHT_SE-Svb_2020-2024.nc,SWdown,0.0,0.9,observed,mild
met_insituHT_SE-Svb_2020-2024.nc,LWdown,0.0,0.4,observed,mild
met_insituHT_SE-Svb_2020-2024.nc,VPD,0.0,2.7,ERA-Interim,mild
met_insituHT_SE-Svb_2020-2024.nc,PSurf,0.0,0.4,ERA-Interim,mild
met_insituHT_SE-Svb_2020-2024.nc,Rainf,0.0,31.0,ERA-Interim,heavy
met_insituHT_SE-Svb_2020-2024.nc,Wind,0.0,5.4,ERA-Interim,mild
met_insituHT_SE-Svb_2020-2024.nc,Qair,0.0,2.7,ERA-Interim,mild
met_insituHT_SE-Svb_2020-2024.nc,RH,0.0,2.7,ERA-Interim,mild
met_insituHT_SE-Svb_2020-2024.nc,CO2air,0.0,9.4,observed,mild
met_insituHT_SE-Trb_2022-2022.nc,Tair,0.0,10.7,observed,medium
met_insituHT_SE-Trb_2022-2022.nc,SWdown,0.0,4.1,observed,mild
met_insituHT_SE-Trb_2022-2022.nc,LWdown,0.0,18.6,observed,medium
met_insituHT_SE-Trb_2022-2022.nc,VPD,0.0,10.7,observed,medium
met_insituHT_SE-Trb_2022-2022.nc,PSurf,0.0,15.3,ERA-Interim,medium
met_insituHT_SE-Trb_2022-2022.nc,Rainf,0.0,100.0,ERA-Interim,complete
met_insituHT_SE-Trb_2022-2022.nc,Wind,0.0,9.1,ERA-Interim,mild
met_insituHT_SE-Trb_2022-2022.nc,Qair,0.0,10.7,observed,medium
met_insituHT_SE-Trb_2022-2022.nc,RH,0.0,0.1,ERA-Interim,mild
met_insituHT_SE-Trb_2022-2022.nc,CO2air,0.0,15.3,observed,medium
met_insituHT_SN-Dhr_2011-2022.nc,Tair,0.0,23.9,ERA-Interim,medium
met_insituHT_SN-Dhr_2011-2022.nc,SWdown,0.0,22.9,ERA-Interim,medium
met_insituHT_SN-Dhr_2011-2022.nc,LWdown,0.0,100.0,ERA-Interim,complete
met_insituHT_SN-Dhr_2011-2022.nc,VPD,0.0,23.9,ERA-Interim,medium
met_insituHT_SN-Dhr_2011-2022.nc,PSurf,0.0,100.0,ERA-Interim,complete
met_insituHT_SN-Dhr_2011-2022.nc,Rainf,0.0,20.6,ERA-Interim,medium
met_insituHT_SN-Dhr_2011-2022.nc,Wind,0.0,42.8,ERA-Interim,heavy
met_insituHT_SN-Dhr_2011-2022.nc,Qair,0.0,23.9,ERA-Interim,medium
met_insituHT_SN-Dhr_2011-2022.nc,RH,0.0,23.9,ERA-Interim,medium
met_insituHT_SN-Dhr_2011-2022.nc,CO2air,0.0,43.7,observed,heavy
met_insituHT_SN-Nkr_2019-2024.nc,Tair,0.0,0.0,ERA-Interim,mild
met_insituHT_SN-Nkr_2019-2024.nc,SWdown,0.0,0.0,ERA-Interim,mild
met_insituHT_SN-Nkr_2019-2024.nc,LWdown,0.0,26.6,ERA-Interim,heavy
met_insituHT_SN-Nkr_2019-2024.nc,VPD,0.0,0.0,ERA-Interim,mild
met_insituHT_SN-Nkr_2019-2024.nc,PSurf,0.0,10.4,ERA-Interim,medium
met_insituHT_SN-Nkr_2019-2024.nc,Rainf,0.0,0.0,ERA-Interim,mild
met_insituHT_SN-Nkr_2019-2024.nc,Wind,0.0,9.1,ERA-Interim,mild
met_insituHT_SN-Nkr_2019-2024.nc,Qair,0.0,0.0,ERA-Interim,mild
met_insituHT_SN-Nkr_2019-2024.nc,RH,0.0,0.0,ERA-Interim,mild
met_insituHT_SN-Nkr_2019-2024.nc,CO2air,0.0,41.3,observed,heavy
met_insituHT_TH-Kog_2005-2013.nc,Tair,0.0,16.5,ERA-Interim,medium
met_insituHT_TH-Kog_2005-2013.nc,SWdown,0.0,28.1,ERA-Interim,heavy
met_insituHT_TH-Kog_2005-2013.nc,LWdown,0.0,27.1,ERA-Interim,heavy
met_insituHT_TH-Kog_2005-2013.nc,VPD,0.0,37.8,ERA-Interim,heavy
met_insituHT_TH-Kog_2005-2013.nc,PSurf,0.0,66.4,ERA-Interim,complete
met_insituHT_TH-Kog_2005-2013.nc,Rainf,0.0,11.1,ERA-Interim,medium
met_insituHT_TH-Kog_2005-2013.nc,Wind,0.0,26.8,ERA-Interim,heavy
met_insituHT_TH-Kog_2005-2013.nc,Qair,0.0,37.8,ERA-Interim,heavy
met_insituHT_TH-Kog_2005-2013.nc,RH,0.0,37.8,ERA-Interim,heavy
met_insituHT_TH-Kog_2005-2013.nc,CO2air,0.0,100.0,observed,complete
met_insituHT_TH-Mae_2005-2016.nc,Tair,0.0,16.7,ERA-Interim,medium
met_insituHT_TH-Mae_2005-2016.nc,SWdown,0.0,13.2,ERA-Interim,medium
met_insituHT_TH-Mae_2005-2016.nc,LWdown,0.0,21.4,ERA-Interim,medium
met_insituHT_TH-Mae_2005-2016.nc,VPD,0.0,16.7,ERA-Interim,medium
met_insituHT_TH-Mae_2005-2016.nc,PSurf,0.0,13.2,ERA-Interim,medium
met_insituHT_TH-Mae_2005-2016.nc,Rainf,0.0,15.1,ERA-Interim,medium
met_insituHT_TH-Mae_2005-2016.nc,Wind,0.0,18.3,ERA-Interim,medium
met_insituHT_TH-Mae_2005-2016.nc,Qair,0.0,16.7,ERA-Interim,medium
met_insituHT_TH-Mae_2005-2016.nc,RH,0.0,13.1,ERA-Interim,medium
met_insituHT_TH-Mae_2005-2016.nc,CO2air,0.0,100.0,observed,complete
met_insituHT_UK-AMo_2003-2024.nc,Tair,0.0,0.1,observed,mild
met_insituHT_UK-AMo_2003-2024.nc,SWdown,0.0,2.6,observed,mild
met_insituHT_UK-AMo_2003-2024.nc,LWdown,0.0,100.0,ERA-Interim,complete
met_insituHT_UK-AMo_2003-2024.nc,VPD,0.0,18.9,ERA-Interim,medium
met_insituHT_UK-AMo_2003-2024.nc,PSurf,0.0,3.8,ERA-Interim,mild
met_insituHT_UK-AMo_2003-2024.nc,Rainf,0.0,5.6,ERA-Interim,mild
met_insituHT_UK-AMo_2003-2024.nc,Wind,0.0,14.9,ERA-Interim,medium
met_insituHT_UK-AMo_2003-2024.nc,Qair,0.0,18.9,ERA-Interim,medium
met_insituHT_UK-AMo_2003-2024.nc,RH,0.0,18.8,ERA-Interim,medium
met_insituHT_UK-AMo_2003-2024.nc,CO2air,0.0,16.1,observed,medium
met_insituHT_UK-Ags_2023-2024.nc,Tair,0.0,33.8,ERA-Interim,heavy
met_insituHT_UK-Ags_2023-2024.nc,SWdown,0.0,14.9,observed,medium
met_insituHT_UK-Ags_2023-2024.nc,LWdown,0.0,57.1,observed,complete
met_insituHT_UK-Ags_2023-2024.nc,VPD,0.0,33.8,ERA-Interim,heavy
met_insituHT_UK-Ags_2023-2024.nc,PSurf,0.0,29.9,ERA-Interim,heavy
met_insituHT_UK-Ags_2023-2024.nc,Rainf,0.0,15.2,ERA-Interim,medium
met_insituHT_UK-Ags_2023-2024.nc,Wind,0.0,41.4,ERA-Interim,heavy
met_insituHT_UK-Ags_2023-2024.nc,Qair,0.0,33.8,ERA-Interim,heavy
met_insituHT_UK-Ags_2023-2024.nc,RH,0.0,33.8,ERA-Interim,heavy
met_insituHT_UK-Ags_2023-2024.nc,CO2air,0.0,41.1,observed,heavy
met_insituHT_UK-BnB_2022-2024.nc,Tair,0.0,0.1,ERA-Interim,mild
met_insituHT_UK-BnB_2022-2024.nc,SWdown,0.0,6.0,ERA-Interim,mild
met_insituHT_UK-BnB_2022-2024.nc,LWdown,0.0,0.2,ERA-Interim,mild
met_insituHT_UK-BnB_2022-2024.nc,VPD,0.0,0.1,ERA-Interim,mild
met_insituHT_UK-BnB_2022-2024.nc,PSurf,0.0,0.4,ERA-Interim,mild
met_insituHT_UK-BnB_2022-2024.nc,Rainf,0.0,0.1,ERA-Interim,mild
met_insituHT_UK-BnB_2022-2024.nc,Wind,0.0,16.4,ERA-Interim,medium
met_insituHT_UK-BnB_2022-2024.nc,Qair,0.0,0.1,ERA-Interim,mild
met_insituHT_UK-BnB_2022-2024.nc,RH,0.0,0.1,ERA-Interim,mild
met_insituHT_UK-BnB_2022-2024.nc,CO2air,0.0,20.8,observed,medium
met_insituHT_UK-CCr_2023-2024.nc,Tair,0.0,2.5,ERA-Interim,mild
met_insituHT_UK-CCr_2023-2024.nc,SWdown,0.0,1.6,ERA-Interim,mild
met_insituHT_UK-CCr_2023-2024.nc,LWdown,0.0,2.3,ERA-Interim,mild
met_insituHT_UK-CCr_2023-2024.nc,VPD,0.0,2.5,ERA-Interim,mild
met_insituHT_UK-CCr_2023-2024.nc,PSurf,0.0,2.3,ERA-Interim,mild
met_insituHT_UK-CCr_2023-2024.nc,Rainf,0.0,2.3,ERA-Interim,mild
met_insituHT_UK-CCr_2023-2024.nc,Wind,0.0,15.0,ERA-Interim,medium
met_insituHT_UK-CCr_2023-2024.nc,Qair,0.0,2.5,ERA-Interim,mild
met_insituHT_UK-CCr_2023-2024.nc,RH,0.0,2.5,ERA-Interim,mild
met_insituHT_UK-CCr_2023-2024.nc,CO2air,0.0,27.8,observed,heavy
met_insituHT_UK-Cvn_2024-2024.nc,Tair,0.0,2.8,ERA-Interim,mild
met_insituHT_UK-Cvn_2024-2024.nc,SWdown,0.0,2.6,ERA-Interim,mild
met_insituHT_UK-Cvn_2024-2024.nc,LWdown,0.0,100.0,ERA-Interim,complete
met_insituHT_UK-Cvn_2024-2024.nc,VPD,0.0,2.8,ERA-Interim,mild
met_insituHT_UK-Cvn_2024-2024.nc,PSurf,0.0,14.9,ERA-Interim,medium
met_insituHT_UK-Cvn_2024-2024.nc,Rainf,0.0,0.0,ERA-Interim,mild
met_insituHT_UK-Cvn_2024-2024.nc,Wind,0.0,23.1,ERA-Interim,medium
met_insituHT_UK-Cvn_2024-2024.nc,Qair,0.0,2.8,ERA-Interim,mild
met_insituHT_UK-Cvn_2024-2024.nc,RH,0.0,2.8,ERA-Interim,mild
met_insituHT_UK-Cvn_2024-2024.nc,CO2air,0.0,19.6,observed,medium
met_insituHT_UK-GaB_2023-2024.nc,Tair,0.0,6.8,ERA-Interim,mild
met_insituHT_UK-GaB_2023-2024.nc,SWdown,0.0,1.5,ERA-Interim,mild
met_insituHT_UK-GaB_2023-2024.nc,LWdown,0.0,16.2,ERA-Interim,medium
met_insituHT_UK-GaB_2023-2024.nc,VPD,0.0,6.8,ERA-Interim,mild
met_insituHT_UK-GaB_2023-2024.nc,PSurf,0.0,7.0,ERA-Interim,mild
met_insituHT_UK-GaB_2023-2024.nc,Rainf,0.0,1.5,ERA-Interim,mild
met_insituHT_UK-GaB_2023-2024.nc,Wind,0.0,6.0,ERA-Interim,mild
met_insituHT_UK-GaB_2023-2024.nc,Qair,0.0,6.8,ERA-Interim,mild
met_insituHT_UK-GaB_2023-2024.nc,RH,0.0,1.6,ERA-Interim,mild
met_insituHT_UK-GaB_2023-2024.nc,CO2air,0.0,12.6,observed,medium
met_insituHT_UK-Gnn_2023-2024.nc,Tair,0.0,27.3,ERA-Interim,heavy
met_insituHT_UK-Gnn_2023-2024.nc,SWdown,0.0,0.9,ERA-Interim,mild
met_insituHT_UK-Gnn_2023-2024.nc,LWdown,0.0,0.5,ERA-Interim,mild
met_insituHT_UK-Gnn_2023-2024.nc,VPD,0.0,27.3,ERA-Interim,heavy
met_insituHT_UK-Gnn_2023-2024.nc,PSurf,0.0,0.5,ERA-Interim,mild
met_insituHT_UK-Gnn_2023-2024.nc,Rainf,0.0,0.5,ERA-Interim,mild
met_insituHT_UK-Gnn_2023-2024.nc,Wind,0.0,5.5,ERA-Interim,mild
met_insituHT_UK-Gnn_2023-2024.nc,Qair,0.0,27.3,ERA-Interim,heavy
met_insituHT_UK-Gnn_2023-2024.nc,RH,0.0,27.3,ERA-Interim,heavy
met_insituHT_UK-Gnn_2023-2024.nc,CO2air,0.0,9.2,observed,mild
met_insituHT_UK-Gwr_2023-2024.nc,Tair,0.0,0.8,ERA-Interim,mild
met_insituHT_UK-Gwr_2023-2024.nc,SWdown,0.0,0.6,ERA-Interim,mild
met_insituHT_UK-Gwr_2023-2024.nc,LWdown,0.0,0.8,ERA-Interim,mild
met_insituHT_UK-Gwr_2023-2024.nc,VPD,0.0,10.3,ERA-Interim,medium
met_insituHT_UK-Gwr_2023-2024.nc,PSurf,0.0,1.4,ERA-Interim,mild
met_insituHT_UK-Gwr_2023-2024.nc,Rainf,0.0,0.8,ERA-Interim,mild
met_insituHT_UK-Gwr_2023-2024.nc,Wind,0.0,5.1,ERA-Interim,mild
met_insituHT_UK-Gwr_2023-2024.nc,Qair,0.0,10.3,ERA-Interim,medium
met_insituHT_UK-Gwr_2023-2024.nc,RH,0.0,10.3,ERA-Interim,medium
met_insituHT_UK-Gwr_2023-2024.nc,CO2air,0.0,14.2,observed,medium
met_insituHT_UK-HgF_2024-2024.nc,Tair,0.0,1.2,ERA-Interim,mild
met_insituHT_UK-HgF_2024-2024.nc,SWdown,0.0,0.9,ERA-Interim,mild
met_insituHT_UK-HgF_2024-2024.nc,LWdown,0.0,100.0,ERA-Interim,complete
met_insituHT_UK-HgF_2024-2024.nc,VPD,0.0,1.2,ERA-Interim,mild
met_insituHT_UK-HgF_2024-2024.nc,PSurf,0.0,1.2,ERA-Interim,mild
met_insituHT_UK-HgF_2024-2024.nc,Rainf,0.0,16.0,ERA-Interim,medium
met_insituHT_UK-HgF_2024-2024.nc,Wind,0.0,13.8,ERA-Interim,medium
met_insituHT_UK-HgF_2024-2024.nc,Qair,0.0,1.2,ERA-Interim,mild
met_insituHT_UK-HgF_2024-2024.nc,RH,0.0,1.2,ERA-Interim,mild
met_insituHT_UK-HgF_2024-2024.nc,CO2air,0.0,8.3,observed,mild
met_insituHT_UK-HpF_2024-2024.nc,Tair,0.0,1.0,ERA-Interim,mild
met_insituHT_UK-HpF_2024-2024.nc,SWdown,0.0,13.6,ERA-Interim,medium
met_insituHT_UK-HpF_2024-2024.nc,LWdown,0.0,1.0,ERA-Interim,mild
met_insituHT_UK-HpF_2024-2024.nc,VPD,0.0,1.0,ERA-Interim,mild
met_insituHT_UK-HpF_2024-2024.nc,PSurf,0.0,1.0,ERA-Interim,mild
met_insituHT_UK-HpF_2024-2024.nc,Rainf,0.0,1.1,ERA-Interim,mild
met_insituHT_UK-HpF_2024-2024.nc,Wind,0.0,1.1,ERA-Interim,mild
met_insituHT_UK-HpF_2024-2024.nc,Qair,0.0,1.0,ERA-Interim,mild
met_insituHT_UK-HpF_2024-2024.nc,RH,0.0,1.0,ERA-Interim,mild
met_insituHT_UK-HpF_2024-2024.nc,CO2air,0.0,12.7,observed,medium
met_insituHT_US-A03_2016-2020.nc,Tair,0.0,50.3,ERA-Interim,complete
met_insituHT_US-A03_2016-2020.nc,SWdown,0.0,6.6,ERA-Interim,mild
met_insituHT_US-A03_2016-2020.nc,LWdown,0.0,8.4,ERA-Interim,mild
met_insituHT_US-A03_2016-2020.nc,VPD,0.0,76.0,ERA-Interim,complete
met_insituHT_US-A03_2016-2020.nc,PSurf,0.0,11.6,ERA-Interim,medium
met_insituHT_US-A03_2016-2020.nc,Rainf,0.0,100.0,ERA-Interim,complete
met_insituHT_US-A03_2016-2020.nc,Wind,0.0,35.2,ERA-Interim,heavy
met_insituHT_US-A03_2016-2020.nc,Qair,0.0,76.0,ERA-Interim,complete
met_insituHT_US-A03_2016-2020.nc,RH,0.0,48.3,ERA-Interim,heavy
met_insituHT_US-A03_2016-2020.nc,CO2air,0.0,56.9,observed,complete
met_insituHT_US-A10_2012-2021.nc,Tair,0.0,56.1,ERA-Interim,complete
met_insituHT_US-A10_2012-2021.nc,SWdown,0.0,8.2,ERA-Interim,mild
met_insituHT_US-A10_2012-2021.nc,LWdown,0.0,10.2,ERA-Interim,medium
met_insituHT_US-A10_2012-2021.nc,VPD,0.0,75.7,ERA-Interim,complete
met_insituHT_US-A10_2012-2021.nc,PSurf,0.0,18.3,ERA-Interim,medium
met_insituHT_US-A10_2012-2021.nc,Rainf,0.0,100.0,ERA-Interim,complete
met_insituHT_US-A10_2012-2021.nc,Wind,0.0,38.6,ERA-Interim,heavy
met_insituHT_US-A10_2012-2021.nc,Qair,0.0,75.7,ERA-Interim,complete
met_insituHT_US-A10_2012-2021.nc,RH,0.0,42.5,ERA-Interim,heavy
met_insituHT_US-A10_2012-2021.nc,CO2air,0.0,60.6,observed,complete
met_insituHT_US-A32_2016-2016.nc,Tair,0.0,4.2,ERA-Interim,mild
met_insituHT_US-A32_2016-2016.nc,SWdown,0.0,4.7,ERA-Interim,mild
met_insituHT_US-A32_2016-2016.nc,LWdown,0.0,4.2,ERA-Interim,mild
met_insituHT_US-A32_2016-2016.nc,VPD,0.0,4.2,ERA-Interim,mild
met_insituHT_US-A32_2016-2016.nc,PSurf,0.0,4.2,ERA-Interim,mild
met_insituHT_US-A32_2016-2016.nc,Rainf,0.0,4.2,ERA-Interim,mild
met_insituHT_US-A32_2016-2016.nc,Wind,0.0,29.5,ERA-Interim,heavy
met_insituHT_US-A32_2016-2016.nc,Qair,0.0,4.2,ERA-Interim,mild
met_insituHT_US-A32_2016-2016.nc,RH,0.0,4.2,ERA-Interim,mild
met_insituHT_US-A32_2016-2016.nc,CO2air,0.0,31.5,observed,heavy
met_insituHT_US-A37_2024-2024.nc,Tair,0.0,9.8,observed,mild
met_insituHT_US-A37_2024-2024.nc,SWdown,0.0,1.7,observed,mild
met_insituHT_US-A37_2024-2024.nc,LWdown,0.0,0.8,observed,mild
met_insituHT_US-A37_2024-2024.nc,VPD,0.0,10.7,observed,medium
met_insituHT_US-A37_2024-2024.nc,PSurf,0.0,9.8,ERA-Interim,mild
met_insituHT_US-A37_2024-2024.nc,Rainf,0.0,0.8,ERA-Interim,mild
met_insituHT_US-A37_2024-2024.nc,Wind,0.0,9.8,ERA-Interim,mild
met_insituHT_US-A37_2024-2024.nc,Qair,0.0,10.7,observed,medium
met_insituHT_US-A37_2024-2024.nc,RH,0.0,10.7,ERA-Interim,medium
met_insituHT_US-A37_2024-2024.nc,CO2air,0.0,10.0,observed,mild
met_insituHT_US-A39_2024-2024.nc,Tair,0.0,1.4,observed,mild
met_insituHT_US-A39_2024-2024.nc,SWdown,0.0,1.7,observed,mild
met_insituHT_US-A39_2024-2024.nc,LWdown,0.0,1.1,observed,mild
met_insituHT_US-A39_2024-2024.nc,VPD,0.0,2.1,observed,mild
met_insituHT_US-A39_2024-2024.nc,PSurf,0.0,1.4,ERA-Interim,mild
met_insituHT_US-A39_2024-2024.nc,Rainf,0.0,0.5,ERA-Interim,mild
met_insituHT_US-A39_2024-2024.nc,Wind,0.0,1.4,ERA-Interim,mild
met_insituHT_US-A39_2024-2024.nc,Qair,0.0,2.1,observed,mild
met_insituHT_US-A39_2024-2024.nc,RH,0.0,2.1,ERA-Interim,mild
met_insituHT_US-A39_2024-2024.nc,CO2air,0.0,1.5,observed,mild
met_insituHT_US-A74_2016-2017.nc,Tair,0.0,21.5,ERA-Interim,medium
met_insituHT_US-A74_2016-2017.nc,SWdown,0.0,24.3,ERA-Interim,medium
met_insituHT_US-A74_2016-2017.nc,LWdown,0.0,38.5,ERA-Interim,heavy
met_insituHT_US-A74_2016-2017.nc,VPD,0.0,21.5,ERA-Interim,medium
met_insituHT_US-A74_2016-2017.nc,PSurf,0.0,21.5,ERA-Interim,medium
met_insituHT_US-A74_2016-2017.nc,Rainf,0.0,21.5,ERA-Interim,medium
met_insituHT_US-A74_2016-2017.nc,Wind,0.0,23.2,ERA-Interim,medium
met_insituHT_US-A74_2016-2017.nc,Qair,0.0,21.5,ERA-Interim,medium
met_insituHT_US-A74_2016-2017.nc,RH,0.0,21.5,ERA-Interim,medium
met_insituHT_US-A74_2016-2017.nc,CO2air,0.0,38.3,observed,heavy
met_insituHT_US-ABa_2014-2015.nc,Tair,0.0,0.4,ERA-Interim,mild
met_insituHT_US-ABa_2014-2015.nc,SWdown,0.0,0.7,ERA-Interim,mild
met_insituHT_US-ABa_2014-2015.nc,LWdown,0.0,0.0,ERA-Interim,mild
met_insituHT_US-ABa_2014-2015.nc,VPD,0.0,0.4,ERA-Interim,mild
met_insituHT_US-ABa_2014-2015.nc,PSurf,0.0,0.4,ERA-Interim,mild
met_insituHT_US-ABa_2014-2015.nc,Rainf,0.0,0.0,ERA-Interim,mild
met_insituHT_US-ABa_2014-2015.nc,Wind,0.0,0.4,ERA-Interim,mild
met_insituHT_US-ABa_2014-2015.nc,Qair,0.0,0.4,ERA-Interim,mild
met_insituHT_US-ABa_2014-2015.nc,RH,0.0,0.4,ERA-Interim,mild
met_insituHT_US-ABa_2014-2015.nc,CO2air,0.0,1.6,observed,mild
met_insituHT_US-ABb_2014-2015.nc,Tair,0.0,10.3,ERA-Interim,medium
met_insituHT_US-ABb_2014-2015.nc,SWdown,0.0,0.0,ERA-Interim,mild
met_insituHT_US-ABb_2014-2015.nc,LWdown,0.0,0.0,ERA-Interim,mild
met_insituHT_US-ABb_2014-2015.nc,VPD,0.0,10.3,ERA-Interim,medium
met_insituHT_US-ABb_2014-2015.nc,PSurf,0.0,10.3,ERA-Interim,medium
met_insituHT_US-ABb_2014-2015.nc,Rainf,0.0,0.0,ERA-Interim,mild
met_insituHT_US-ABb_2014-2015.nc,Wind,0.0,10.3,ERA-Interim,medium
met_insituHT_US-ABb_2014-2015.nc,Qair,0.0,10.3,ERA-Interim,medium
met_insituHT_US-ABb_2014-2015.nc,RH,0.0,10.3,ERA-Interim,medium
met_insituHT_US-ABb_2014-2015.nc,CO2air,0.0,11.9,observed,medium
met_insituHT_US-ABc_2014-2014.nc,Tair,0.0,2.0,ERA-Interim,mild
met_insituHT_US-ABc_2014-2014.nc,SWdown,0.0,0.2,ERA-Interim,mild
met_insituHT_US-ABc_2014-2014.nc,LWdown,0.0,0.8,ERA-Interim,mild
met_insituHT_US-ABc_2014-2014.nc,VPD,0.0,2.0,ERA-Interim,mild
met_insituHT_US-ABc_2014-2014.nc,PSurf,0.0,2.0,ERA-Interim,mild
met_insituHT_US-ABc_2014-2014.nc,Rainf,0.0,0.8,ERA-Interim,mild
met_insituHT_US-ABc_2014-2014.nc,Wind,0.0,2.0,ERA-Interim,mild
met_insituHT_US-ABc_2014-2014.nc,Qair,0.0,2.0,ERA-Interim,mild
met_insituHT_US-ABc_2014-2014.nc,RH,0.0,2.0,ERA-Interim,mild
met_insituHT_US-ABc_2014-2014.nc,CO2air,0.0,6.6,observed,mild
met_insituHT_US-ABd_2014-2014.nc,Tair,0.0,1.1,ERA-Interim,mild
met_insituHT_US-ABd_2014-2014.nc,SWdown,0.0,0.7,ERA-Interim,mild
met_insituHT_US-ABd_2014-2014.nc,LWdown,0.0,0.9,ERA-Interim,mild
met_insituHT_US-ABd_2014-2014.nc,VPD,0.0,1.1,ERA-Interim,mild
met_insituHT_US-ABd_2014-2014.nc,PSurf,0.0,1.1,ERA-Interim,mild
met_insituHT_US-ABd_2014-2014.nc,Rainf,0.0,0.0,ERA-Interim,mild
met_insituHT_US-ABd_2014-2014.nc,Wind,0.0,1.1,ERA-Interim,mild
met_insituHT_US-ABd_2014-2014.nc,Qair,0.0,1.1,ERA-Interim,mild
met_insituHT_US-ABd_2014-2014.nc,RH,0.0,1.1,ERA-Interim,mild
met_insituHT_US-ABd_2014-2014.nc,CO2air,0.0,1.3,observed,mild
met_insituHT_US-ABe_2014-2015.nc,Tair,0.0,4.2,ERA-Interim,mild
met_insituHT_US-ABe_2014-2015.nc,SWdown,0.0,0.2,ERA-Interim,mild
met_insituHT_US-ABe_2014-2015.nc,LWdown,0.0,100.0,ERA-Interim,complete
met_insituHT_US-ABe_2014-2015.nc,VPD,0.0,4.2,ERA-Interim,mild
met_insituHT_US-ABe_2014-2015.nc,PSurf,0.0,51.0,ERA-Interim,complete
met_insituHT_US-ABe_2014-2015.nc,Rainf,0.0,100.0,ERA-Interim,complete
met_insituHT_US-ABe_2014-2015.nc,Wind,0.0,4.2,ERA-Interim,mild
met_insituHT_US-ABe_2014-2015.nc,Qair,0.0,4.2,ERA-Interim,mild
met_insituHT_US-ABe_2014-2015.nc,RH,0.0,4.2,ERA-Interim,mild
met_insituHT_US-ABe_2014-2015.nc,CO2air,0.0,7.2,observed,mild
met_insituHT_US-ADR_2012-2016.nc,Tair,0.0,20.9,ERA-Interim,medium
met_insituHT_US-ADR_2012-2016.nc,SWdown,0.0,15.3,ERA-Interim,medium
met_insituHT_US-ADR_2012-2016.nc,LWdown,0.0,100.0,ERA-Interim,complete
met_insituHT_US-ADR_2012-2016.nc,VPD,0.0,23.8,ERA-Interim,medium
met_insituHT_US-ADR_2012-2016.nc,PSurf,0.0,80.2,ERA-Interim,complete
met_insituHT_US-ADR_2012-2016.nc,Rainf,0.0,15.4,ERA-Interim,medium
met_insituHT_US-ADR_2012-2016.nc,Wind,0.0,20.9,ERA-Interim,medium
met_insituHT_US-ADR_2012-2016.nc,Qair,0.0,23.8,ERA-Interim,medium
met_insituHT_US-ADR_2012-2016.nc,RH,0.0,23.8,ERA-Interim,medium
met_insituHT_US-ADR_2012-2016.nc,CO2air,0.0,55.3,observed,complete
met_insituHT_US-ALQ_2016-2025.nc,Tair,0.0,38.1,ERA-Interim,heavy
met_insituHT_US-ALQ_2016-2025.nc,SWdown,0.0,17.9,ERA-Interim,medium
met_insituHT_US-ALQ_2016-2025.nc,LWdown,0.0,40.6,ERA-Interim,heavy
met_insituHT_US-ALQ_2016-2025.nc,VPD,0.0,39.1,ERA-Interim,heavy
met_insituHT_US-ALQ_2016-2025.nc,PSurf,0.0,38.6,ERA-Interim,heavy
met_insituHT_US-ALQ_2016-2025.nc,Rainf,0.0,73.0,ERA-Interim,complete
met_insituHT_US-ALQ_2016-2025.nc,Wind,0.0,30.1,ERA-Interim,heavy
met_insituHT_US-ALQ_2016-2025.nc,Qair,0.0,39.1,ERA-Interim,heavy
met_insituHT_US-ALQ_2016-2025.nc,RH,0.0,35.0,ERA-Interim,heavy
met_insituHT_US-ALQ_2016-2025.nc,CO2air,0.0,34.8,observed,heavy
met_insituHT_US-AR1_2010-2012.nc,Tair,0.0,0.2,ERA-Interim,mild
met_insituHT_US-AR1_2010-2012.nc,SWdown,0.0,0.7,ERA-Interim,mild
met_insituHT_US-AR1_2010-2012.nc,LWdown,0.0,0.2,ERA-Interim,mild
met_insituHT_US-AR1_2010-2012.nc,VPD,0.0,6.0,ERA-Interim,mild
met_insituHT_US-AR1_2010-2012.nc,PSurf,0.0,0.2,ERA-Interim,mild
met_insituHT_US-AR1_2010-2012.nc,Rainf,0.0,0.2,ERA-Interim,mild
met_insituHT_US-AR1_2010-2012.nc,Wind,0.0,11.5,ERA-Interim,medium
met_insituHT_US-AR1_2010-2012.nc,Qair,0.0,6.0,ERA-Interim,mild
met_insituHT_US-AR1_2010-2012.nc,RH,0.0,6.0,ERA-Interim,mild
met_insituHT_US-AR1_2010-2012.nc,CO2air,0.0,11.8,observed,medium
met_insituHT_US-AR2_2010-2011.nc,Tair,0.0,0.6,ERA-Interim,mild
met_insituHT_US-AR2_2010-2011.nc,SWdown,0.0,1.4,ERA-Interim,mild
met_insituHT_US-AR2_2010-2011.nc,LWdown,0.0,0.7,ERA-Interim,mild
met_insituHT_US-AR2_2010-2011.nc,VPD,0.0,0.7,ERA-Interim,mild
met_insituHT_US-AR2_2010-2011.nc,PSurf,0.0,0.6,ERA-Interim,mild
met_insituHT_US-AR2_2010-2011.nc,Rainf,0.0,0.6,ERA-Interim,mild
met_insituHT_US-AR2_2010-2011.nc,Wind,0.0,6.4,ERA-Interim,mild
met_insituHT_US-AR2_2010-2011.nc,Qair,0.0,0.7,ERA-Interim,mild
met_insituHT_US-AR2_2010-2011.nc,RH,0.0,0.7,ERA-Interim,mild
met_insituHT_US-AR2_2010-2011.nc,CO2air,0.0,10.9,observed,medium
met_insituHT_US-ARM_2003-2025.nc,Tair,0.0,8.7,observed,mild
met_insituHT_US-ARM_2003-2025.nc,SWdown,0.0,9.4,observed,mild
met_insituHT_US-ARM_2003-2025.nc,LWdown,0.0,23.9,observed,medium
met_insituHT_US-ARM_2003-2025.nc,VPD,0.0,10.1,observed,medium
met_insituHT_US-ARM_2003-2025.nc,PSurf,0.0,5.9,ERA-Interim,mild
met_insituHT_US-ARM_2003-2025.nc,Rainf,0.0,9.7,ERA-Interim,mild
met_insituHT_US-ARM_2003-2025.nc,Wind,0.0,6.5,ERA-Interim,mild
met_insituHT_US-ARM_2003-2025.nc,Qair,0.0,10.1,observed,medium
met_insituHT_US-ARM_2003-2025.nc,RH,0.0,10.0,ERA-Interim,mild
met_insituHT_US-ARM_2003-2025.nc,CO2air,0.0,16.8,observed,medium
met_insituHT_US-ARb_2005-2006.nc,Tair,0.0,17.8,ERA-Interim,medium
met_insituHT_US-ARb_2005-2006.nc,SWdown,0.0,18.0,ERA-Interim,medium
met_insituHT_US-ARb_2005-2006.nc,LWdown,0.0,100.0,ERA-Interim,complete
met_insituHT_US-ARb_2005-2006.nc,VPD,0.0,24.7,ERA-Interim,medium
met_insituHT_US-ARb_2005-2006.nc,PSurf,0.0,17.8,ERA-Interim,medium
met_insituHT_US-ARb_2005-2006.nc,Rainf,0.0,17.8,ERA-Interim,medium
met_insituHT_US-ARb_2005-2006.nc,Wind,0.0,27.2,ERA-Interim,heavy
met_insituHT_US-ARb_2005-2006.nc,Qair,0.0,24.7,ERA-Interim,medium
met_insituHT_US-ARb_2005-2006.nc,RH,0.0,24.7,ERA-Interim,medium
met_insituHT_US-ARb_2005-2006.nc,CO2air,0.0,32.0,observed,heavy
met_insituHT_US-ARc_2005-2006.nc,Tair,0.0,17.5,ERA-Interim,medium
met_insituHT_US-ARc_2005-2006.nc,SWdown,0.0,17.7,ERA-Interim,medium
met_insituHT_US-ARc_2005-2006.nc,LWdown,0.0,100.0,ERA-Interim,complete
met_insituHT_US-ARc_2005-2006.nc,VPD,0.0,25.9,ERA-Interim,heavy
met_insituHT_US-ARc_2005-2006.nc,PSurf,0.0,17.5,ERA-Interim,medium
met_insituHT_US-ARc_2005-2006.nc,Rainf,0.0,17.5,ERA-Interim,medium
met_insituHT_US-ARc_2005-2006.nc,Wind,0.0,22.9,ERA-Interim,medium
met_insituHT_US-ARc_2005-2006.nc,Qair,0.0,25.9,ERA-Interim,heavy
met_insituHT_US-ARc_2005-2006.nc,RH,0.0,25.9,ERA-Interim,heavy
met_insituHT_US-ARc_2005-2006.nc,CO2air,0.0,28.4,observed,heavy
met_insituHT_US-ASH_2016-2016.nc,Tair,0.0,75.1,ERA-Interim,complete
met_insituHT_US-ASH_2016-2016.nc,SWdown,0.0,78.0,ERA-Interim,complete
met_insituHT_US-ASH_2016-2016.nc,LWdown,0.0,100.0,ERA-Interim,complete
met_insituHT_US-ASH_2016-2016.nc,VPD,0.0,75.2,ERA-Interim,complete
met_insituHT_US-ASH_2016-2016.nc,PSurf,0.0,75.0,ERA-Interim,complete
met_insituHT_US-ASH_2016-2016.nc,Rainf,0.0,100.0,ERA-Interim,complete
met_insituHT_US-ASH_2016-2016.nc,Wind,0.0,75.2,ERA-Interim,complete
met_insituHT_US-ASH_2016-2016.nc,Qair,0.0,75.2,ERA-Interim,complete
met_insituHT_US-ASH_2016-2016.nc,RH,0.0,75.1,ERA-Interim,complete
met_insituHT_US-ASH_2016-2016.nc,CO2air,0.0,77.9,observed,complete
met_insituHT_US-ASM_2016-2016.nc,Tair,0.0,75.1,ERA-Interim,complete
met_insituHT_US-ASM_2016-2016.nc,SWdown,0.0,75.1,ERA-Interim,complete
met_insituHT_US-ASM_2016-2016.nc,LWdown,0.0,100.0,ERA-Interim,complete
met_insituHT_US-ASM_2016-2016.nc,VPD,0.0,75.1,ERA-Interim,complete
met_insituHT_US-ASM_2016-2016.nc,PSurf,0.0,74.9,ERA-Interim,complete
met_insituHT_US-ASM_2016-2016.nc,Rainf,0.0,100.0,ERA-Interim,complete
met_insituHT_US-ASM_2016-2016.nc,Wind,0.0,75.2,ERA-Interim,complete
met_insituHT_US-ASM_2016-2016.nc,Qair,0.0,75.1,ERA-Interim,complete
met_insituHT_US-ASM_2016-2016.nc,RH,0.0,74.9,ERA-Interim,complete
met_insituHT_US-ASM_2016-2016.nc,CO2air,0.0,75.0,observed,complete
met_insituHT_US-Akn_2016-2021.nc,Tair,0.0,19.0,ERA-Interim,medium
met_insituHT_US-Akn_2016-2021.nc,SWdown,0.0,20.8,ERA-Interim,medium
met_insituHT_US-Akn_2016-2021.nc,LWdown,0.0,100.0,ERA-Interim,complete
met_insituHT_US-Akn_2016-2021.nc,VPD,0.0,27.4,ERA-Interim,heavy
met_insituHT_US-Akn_2016-2021.nc,PSurf,0.0,19.0,ERA-Interim,medium
met_insituHT_US-Akn_2016-2021.nc,Rainf,0.0,0.0,ERA-Interim,mild
met_insituHT_US-Akn_2016-2021.nc,Wind,0.0,19.0,ERA-Interim,medium
met_insituHT_US-Akn_2016-2021.nc,Qair,0.0,27.4,ERA-Interim,heavy
met_insituHT_US-Akn_2016-2021.nc,RH,0.0,27.4,ERA-Interim,heavy
met_insituHT_US-Akn_2016-2021.nc,CO2air,0.0,21.9,observed,medium
met_insituHT_US-Aud_2003-2024.nc,Tair,0.0,2.5,ERA-Interim,mild
met_insituHT_US-Aud_2003-2024.nc,SWdown,0.0,2.1,ERA-Interim,mild
met_insituHT_US-Aud_2003-2024.nc,LWdown,0.0,2.6,ERA-Interim,mild
met_insituHT_US-Aud_2003-2024.nc,VPD,0.0,2.5,ERA-Interim,mild
met_insituHT_US-Aud_2003-2024.nc,PSurf,0.0,9.6,ERA-Interim,mild
met_insituHT_US-Aud_2003-2024.nc,Rainf,0.0,0.1,ERA-Interim,mild
met_insituHT_US-Aud_2003-2024.nc,Wind,0.0,2.4,ERA-Interim,mild
met_insituHT_US-Aud_2003-2024.nc,Qair,0.0,2.5,ERA-Interim,mild
met_insituHT_US-Aud_2003-2024.nc,RH,0.0,2.4,ERA-Interim,mild
met_insituHT_US-Aud_2003-2024.nc,CO2air,0.0,23.3,observed,medium
met_insituHT_US-BRG_2018-2019.nc,Tair,0.0,25.5,ERA-Interim,heavy
met_insituHT_US-BRG_2018-2019.nc,SWdown,0.0,20.6,ERA-Interim,medium
met_insituHT_US-BRG_2018-2019.nc,LWdown,0.0,21.4,ERA-Interim,medium
met_insituHT_US-BRG_2018-2019.nc,VPD,0.0,25.5,ERA-Interim,heavy
met_insituHT_US-BRG_2018-2019.nc,PSurf,0.0,21.2,ERA-Interim,medium
met_insituHT_US-BRG_2018-2019.nc,Rainf,0.0,100.0,ERA-Interim,complete
met_insituHT_US-BRG_2018-2019.nc,Wind,0.0,20.7,ERA-Interim,medium
met_insituHT_US-BRG_2018-2019.nc,Qair,0.0,25.5,ERA-Interim,heavy
met_insituHT_US-BRG_2018-2019.nc,RH,0.0,25.5,ERA-Interim,heavy
met_insituHT_US-BRG_2018-2019.nc,CO2air,0.0,27.3,observed,heavy
met_insituHT_US-BZB_2017-2024.nc,Tair,0.0,2.4,ERA-Interim,mild
met_insituHT_US-BZB_2017-2024.nc,SWdown,0.0,4.9,ERA-Interim,mild
met_insituHT_US-BZB_2017-2024.nc,LWdown,0.0,100.0,ERA-Interim,complete
met_insituHT_US-BZB_2017-2024.nc,VPD,0.0,2.4,ERA-Interim,mild
met_insituHT_US-BZB_2017-2024.nc,PSurf,0.0,18.2,ERA-Interim,medium
met_insituHT_US-BZB_2017-2024.nc,Rainf,0.0,2.3,ERA-Interim,mild
met_insituHT_US-BZB_2017-2024.nc,Wind,0.0,7.7,ERA-Interim,mild
met_insituHT_US-BZB_2017-2024.nc,Qair,0.0,2.4,ERA-Interim,mild
met_insituHT_US-BZB_2017-2024.nc,RH,0.0,2.3,ERA-Interim,mild
met_insituHT_US-BZB_2017-2024.nc,CO2air,0.0,16.5,observed,medium
met_insituHT_US-BZF_2017-2024.nc,Tair,0.0,2.1,ERA-Interim,mild
met_insituHT_US-BZF_2017-2024.nc,SWdown,0.0,6.1,ERA-Interim,mild
met_insituHT_US-BZF_2017-2024.nc,LWdown,0.0,100.0,ERA-Interim,complete
met_insituHT_US-BZF_2017-2024.nc,VPD,0.0,5.6,ERA-Interim,mild
met_insituHT_US-BZF_2017-2024.nc,PSurf,0.0,20.0,ERA-Interim,medium
met_insituHT_US-BZF_2017-2024.nc,Rainf,0.0,2.1,ERA-Interim,mild
met_insituHT_US-BZF_2017-2024.nc,Wind,0.0,11.1,ERA-Interim,medium
met_insituHT_US-BZF_2017-2024.nc,Qair,0.0,5.6,ERA-Interim,mild
met_insituHT_US-BZF_2017-2024.nc,RH,0.0,5.6,ERA-Interim,mild
met_insituHT_US-BZF_2017-2024.nc,CO2air,0.0,31.3,observed,heavy
met_insituHT_US-BZo_2019-2024.nc,Tair,0.0,8.4,ERA-Interim,mild
met_insituHT_US-BZo_2019-2024.nc,SWdown,0.0,7.5,ERA-Interim,mild
met_insituHT_US-BZo_2019-2024.nc,LWdown,0.0,100.0,ERA-Interim,complete
met_insituHT_US-BZo_2019-2024.nc,VPD,0.0,8.4,ERA-Interim,mild
met_insituHT_US-BZo_2019-2024.nc,PSurf,0.0,10.6,ERA-Interim,medium
met_insituHT_US-BZo_2019-2024.nc,Rainf,0.0,8.4,ERA-Interim,mild
met_insituHT_US-BZo_2019-2024.nc,Wind,0.0,24.1,ERA-Interim,medium
met_insituHT_US-BZo_2019-2024.nc,Qair,0.0,8.4,ERA-Interim,mild
met_insituHT_US-BZo_2019-2024.nc,RH,0.0,8.4,ERA-Interim,mild
met_insituHT_US-BZo_2019-2024.nc,CO2air,0.0,24.7,observed,medium
met_insituHT_US-Bar_2005-2023.nc,Tair,0.0,1.2,ERA-Interim,mild
met_insituHT_US-Bar_2005-2023.nc,SWdown,0.0,0.4,ERA-Interim,mild
met_insituHT_US-Bar_2005-2023.nc,LWdown,0.0,100.0,ERA-Interim,complete
met_insituHT_US-Bar_2005-2023.nc,VPD,0.0,1.9,ERA-Interim,mild
met_insituHT_US-Bar_2005-2023.nc,PSurf,0.0,64.9,ERA-Interim,complete
met_insituHT_US-Bar_2005-2023.nc,Rainf,0.0,0.2,ERA-Interim,mild
met_insituHT_US-Bar_2005-2023.nc,Wind,0.0,22.7,ERA-Interim,medium
met_insituHT_US-Bar_2005-2023.nc,Qair,0.0,1.9,ERA-Interim,mild
met_insituHT_US-Bar_2005-2023.nc,RH,0.0,0.7,ERA-Interim,mild
met_insituHT_US-Bar_2005-2023.nc,CO2air,0.0,20.3,observed,medium
met_insituHT_US-Bi1_2017-2024.nc,Tair,0.0,2.0,ERA-Interim,mild
met_insituHT_US-Bi1_2017-2024.nc,SWdown,0.0,0.6,ERA-Interim,mild
met_insituHT_US-Bi1_2017-2024.nc,LWdown,0.0,0.2,ERA-Interim,mild
met_insituHT_US-Bi1_2017-2024.nc,VPD,0.0,2.0,ERA-Interim,mild
met_insituHT_US-Bi1_2017-2024.nc,PSurf,0.0,2.1,ERA-Interim,mild
met_insituHT_US-Bi1_2017-2024.nc,Rainf,0.0,4.3,ERA-Interim,mild
met_insituHT_US-Bi1_2017-2024.nc,Wind,0.0,0.1,ERA-Interim,mild
met_insituHT_US-Bi1_2017-2024.nc,Qair,0.0,2.0,ERA-Interim,mild
met_insituHT_US-Bi1_2017-2024.nc,RH,0.0,0.8,ERA-Interim,mild
met_insituHT_US-Bi1_2017-2024.nc,CO2air,0.0,10.1,observed,medium
met_insituHT_US-Bi2_2018-2024.nc,Tair,0.0,6.6,ERA-Interim,mild
met_insituHT_US-Bi2_2018-2024.nc,SWdown,0.0,3.6,ERA-Interim,mild
met_insituHT_US-Bi2_2018-2024.nc,LWdown,0.0,5.4,ERA-Interim,mild
met_insituHT_US-Bi2_2018-2024.nc,VPD,0.0,7.0,ERA-Interim,mild
met_insituHT_US-Bi2_2018-2024.nc,PSurf,0.0,4.9,ERA-Interim,mild
met_insituHT_US-Bi2_2018-2024.nc,Rainf,0.0,1.8,ERA-Interim,mild
met_insituHT_US-Bi2_2018-2024.nc,Wind,0.0,3.1,ERA-Interim,mild
met_insituHT_US-Bi2_2018-2024.nc,Qair,0.0,7.0,ERA-Interim,mild
met_insituHT_US-Bi2_2018-2024.nc,RH,0.0,5.7,ERA-Interim,mild
met_insituHT_US-Bi2_2018-2024.nc,CO2air,0.0,11.5,observed,medium
met_insituHT_US-CAK_2024-2025.nc,Tair,0.0,58.6,ERA-Interim,complete
met_insituHT_US-CAK_2024-2025.nc,SWdown,0.0,58.6,ERA-Interim,complete
met_insituHT_US-CAK_2024-2025.nc,LWdown,0.0,58.6,ERA-Interim,complete
met_insituHT_US-CAK_2024-2025.nc,VPD,0.0,58.6,ERA-Interim,complete
met_insituHT_US-CAK_2024-2025.nc,PSurf,0.0,58.7,ERA-Interim,complete
met_insituHT_US-CAK_2024-2025.nc,Rainf,0.0,60.4,ERA-Interim,complete
met_insituHT_US-CAK_2024-2025.nc,Wind,0.0,60.4,ERA-Interim,complete
met_insituHT_US-CAK_2024-2025.nc,Qair,0.0,58.6,ERA-Interim,complete
met_insituHT_US-CAK_2024-2025.nc,RH,0.0,58.6,ERA-Interim,complete
met_insituHT_US-CAK_2024-2025.nc,CO2air,0.0,68.6,observed,complete
met_insituHT_US-CF1_2018-2021.nc,Tair,0.0,18.6,ERA-Interim,medium
met_insituHT_US-CF1_2018-2021.nc,SWdown,0.0,10.3,ERA-Interim,medium
met_insituHT_US-CF1_2018-2021.nc,LWdown,0.0,100.0,ERA-Interim,complete
met_insituHT_US-CF1_2018-2021.nc,VPD,0.0,24.9,ERA-Interim,medium
met_insituHT_US-CF1_2018-2021.nc,PSurf,0.0,19.1,ERA-Interim,medium
met_insituHT_US-CF1_2018-2021.nc,Rainf,0.0,14.7,ERA-Interim,medium
met_insituHT_US-CF1_2018-2021.nc,Wind,0.0,18.9,ERA-Interim,medium
met_insituHT_US-CF1_2018-2021.nc,Qair,0.0,24.9,ERA-Interim,medium
met_insituHT_US-CF1_2018-2021.nc,RH,0.0,24.9,ERA-Interim,medium
met_insituHT_US-CF1_2018-2021.nc,CO2air,0.0,22.5,observed,medium
met_insituHT_US-CF2_2018-2020.nc,Tair,0.0,16.2,ERA-Interim,medium
met_insituHT_US-CF2_2018-2020.nc,SWdown,0.0,10.1,ERA-Interim,medium
met_insituHT_US-CF2_2018-2020.nc,LWdown,0.0,100.0,ERA-Interim,complete
met_insituHT_US-CF2_2018-2020.nc,VPD,0.0,25.0,ERA-Interim,medium
met_insituHT_US-CF2_2018-2020.nc,PSurf,0.0,16.3,ERA-Interim,medium
met_insituHT_US-CF2_2018-2020.nc,Rainf,0.0,14.7,ERA-Interim,medium
met_insituHT_US-CF2_2018-2020.nc,Wind,0.0,17.0,ERA-Interim,medium
met_insituHT_US-CF2_2018-2020.nc,Qair,0.0,25.0,ERA-Interim,medium
met_insituHT_US-CF2_2018-2020.nc,RH,0.0,25.0,ERA-Interim,medium
met_insituHT_US-CF2_2018-2020.nc,CO2air,0.0,20.6,observed,medium
met_insituHT_US-CF3_2018-2021.nc,Tair,0.0,38.6,ERA-Interim,heavy
met_insituHT_US-CF3_2018-2021.nc,SWdown,0.0,28.5,ERA-Interim,heavy
met_insituHT_US-CF3_2018-2021.nc,LWdown,0.0,100.0,ERA-Interim,complete
met_insituHT_US-CF3_2018-2021.nc,VPD,0.0,43.9,ERA-Interim,heavy
met_insituHT_US-CF3_2018-2021.nc,PSurf,0.0,38.7,ERA-Interim,heavy
met_insituHT_US-CF3_2018-2021.nc,Rainf,0.0,23.3,ERA-Interim,medium
met_insituHT_US-CF3_2018-2021.nc,Wind,0.0,39.1,ERA-Interim,heavy
met_insituHT_US-CF3_2018-2021.nc,Qair,0.0,43.9,ERA-Interim,heavy
met_insituHT_US-CF3_2018-2021.nc,RH,0.0,43.9,ERA-Interim,heavy
met_insituHT_US-CF3_2018-2021.nc,CO2air,0.0,43.0,observed,heavy
met_insituHT_US-CF4_2018-2021.nc,Tair,0.0,34.3,ERA-Interim,heavy
met_insituHT_US-CF4_2018-2021.nc,SWdown,0.0,24.0,ERA-Interim,medium
met_insituHT_US-CF4_2018-2021.nc,LWdown,0.0,100.0,ERA-Interim,complete
met_insituHT_US-CF4_2018-2021.nc,VPD,0.0,40.5,ERA-Interim,heavy
met_insituHT_US-CF4_2018-2021.nc,PSurf,0.0,36.5,ERA-Interim,heavy
met_insituHT_US-CF4_2018-2021.nc,Rainf,0.0,20.6,ERA-Interim,medium
met_insituHT_US-CF4_2018-2021.nc,Wind,0.0,34.2,ERA-Interim,heavy
met_insituHT_US-CF4_2018-2021.nc,Qair,0.0,40.5,ERA-Interim,heavy
met_insituHT_US-CF4_2018-2021.nc,RH,0.0,40.5,ERA-Interim,heavy
met_insituHT_US-CF4_2018-2021.nc,CO2air,0.0,44.0,observed,heavy
met_insituHT_US-CGG_2020-2023.nc,Tair,0.0,0.1,ERA-Interim,mild
met_insituHT_US-CGG_2020-2023.nc,SWdown,0.0,4.6,ERA-Interim,mild
met_insituHT_US-CGG_2020-2023.nc,LWdown,0.0,100.0,ERA-Interim,complete
met_insituHT_US-CGG_2020-2023.nc,VPD,0.0,0.2,ERA-Interim,mild
met_insituHT_US-CGG_2020-2023.nc,PSurf,0.0,0.0,ERA-Interim,mild
met_insituHT_US-CGG_2020-2023.nc,Rainf,0.0,0.0,ERA-Interim,mild
met_insituHT_US-CGG_2020-2023.nc,Wind,0.0,17.1,ERA-Interim,medium
met_insituHT_US-CGG_2020-2023.nc,Qair,0.0,0.2,ERA-Interim,mild
met_insituHT_US-CGG_2020-2023.nc,RH,0.0,0.1,ERA-Interim,mild
met_insituHT_US-CGG_2020-2023.nc,CO2air,0.0,18.1,observed,medium
met_insituHT_US-CLF_2018-2019.nc,Tair,0.0,0.0,ERA-Interim,mild
met_insituHT_US-CLF_2018-2019.nc,SWdown,0.0,33.4,ERA-Interim,heavy
met_insituHT_US-CLF_2018-2019.nc,LWdown,0.0,33.9,ERA-Interim,heavy
met_insituHT_US-CLF_2018-2019.nc,VPD,0.0,24.4,ERA-Interim,medium
met_insituHT_US-CLF_2018-2019.nc,PSurf,0.0,1.3,ERA-Interim,mild
met_insituHT_US-CLF_2018-2019.nc,Rainf,0.0,0.0,ERA-Interim,mild
met_insituHT_US-CLF_2018-2019.nc,Wind,0.0,45.3,ERA-Interim,heavy
met_insituHT_US-CLF_2018-2019.nc,Qair,0.0,24.4,ERA-Interim,medium
met_insituHT_US-CLF_2018-2019.nc,RH,0.0,24.4,ERA-Interim,medium
met_insituHT_US-CLF_2018-2019.nc,CO2air,0.0,77.1,observed,complete
met_insituHT_US-CMW_2002-2021.nc,Tair,0.0,1.8,ERA-Interim,mild
met_insituHT_US-CMW_2002-2021.nc,SWdown,0.0,0.5,observed,mild
met_insituHT_US-CMW_2002-2021.nc,LWdown,0.0,91.7,ERA-Interim,complete
met_insituHT_US-CMW_2002-2021.nc,VPD,0.0,2.1,ERA-Interim,mild
met_insituHT_US-CMW_2002-2021.nc,PSurf,0.0,2.4,ERA-Interim,mild
met_insituHT_US-CMW_2002-2021.nc,Rainf,0.0,0.3,ERA-Interim,mild
met_insituHT_US-CMW_2002-2021.nc,Wind,0.0,2.0,ERA-Interim,mild
met_insituHT_US-CMW_2002-2021.nc,Qair,0.0,2.1,ERA-Interim,mild
met_insituHT_US-CMW_2002-2021.nc,RH,0.0,2.1,ERA-Interim,mild
met_insituHT_US-CMW_2002-2021.nc,CO2air,0.0,6.5,observed,mild
met_insituHT_US-CRK_2022-2024.nc,Tair,0.0,11.5,ERA-Interim,medium
met_insituHT_US-CRK_2022-2024.nc,SWdown,0.0,10.7,ERA-Interim,medium
met_insituHT_US-CRK_2022-2024.nc,LWdown,0.0,52.1,ERA-Interim,complete
met_insituHT_US-CRK_2022-2024.nc,VPD,0.0,11.5,ERA-Interim,medium
met_insituHT_US-CRK_2022-2024.nc,PSurf,0.0,19.0,ERA-Interim,medium
met_insituHT_US-CRK_2022-2024.nc,Rainf,0.0,8.3,ERA-Interim,mild
met_insituHT_US-CRK_2022-2024.nc,Wind,0.0,19.0,ERA-Interim,medium
met_insituHT_US-CRK_2022-2024.nc,Qair,0.0,11.5,ERA-Interim,medium
met_insituHT_US-CRK_2022-2024.nc,RH,0.0,11.3,ERA-Interim,medium
met_insituHT_US-CRK_2022-2024.nc,CO2air,0.0,19.0,observed,medium
met_insituHT_US-CRT_2011-2013.nc,Tair,0.0,0.0,observed,mild
met_insituHT_US-CRT_2011-2013.nc,SWdown,0.0,0.3,observed,mild
met_insituHT_US-CRT_2011-2013.nc,LWdown,0.0,0.7,observed,mild
met_insituHT_US-CRT_2011-2013.nc,VPD,0.0,1.8,observed,mild
met_insituHT_US-CRT_2011-2013.nc,PSurf,0.0,29.7,ERA-Interim,heavy
met_insituHT_US-CRT_2011-2013.nc,Rainf,0.0,0.0,ERA-Interim,mild
met_insituHT_US-CRT_2011-2013.nc,Wind,0.0,29.7,ERA-Interim,heavy
met_insituHT_US-CRT_2011-2013.nc,Qair,0.0,1.8,observed,mild
met_insituHT_US-CRT_2011-2013.nc,RH,0.0,1.8,ERA-Interim,mild
met_insituHT_US-CRT_2011-2013.nc,CO2air,0.0,46.2,observed,heavy
met_insituHT_US-CS1_2018-2019.nc,Tair,0.0,58.9,ERA-Interim,complete
met_insituHT_US-CS1_2018-2019.nc,SWdown,0.0,59.5,ERA-Interim,complete
met_insituHT_US-CS1_2018-2019.nc,LWdown,0.0,58.9,ERA-Interim,complete
met_insituHT_US-CS1_2018-2019.nc,VPD,0.0,58.9,ERA-Interim,complete
met_insituHT_US-CS1_2018-2019.nc,PSurf,0.0,58.9,ERA-Interim,complete
met_insituHT_US-CS1_2018-2019.nc,Rainf,0.0,63.1,ERA-Interim,complete
met_insituHT_US-CS1_2018-2019.nc,Wind,0.0,59.0,ERA-Interim,complete
met_insituHT_US-CS1_2018-2019.nc,Qair,0.0,58.9,ERA-Interim,complete
met_insituHT_US-CS1_2018-2019.nc,RH,0.0,58.9,ERA-Interim,complete
met_insituHT_US-CS1_2018-2019.nc,CO2air,0.0,65.8,observed,complete
met_insituHT_US-CS2_2019-2021.nc,Tair,0.0,42.2,ERA-Interim,heavy
met_insituHT_US-CS2_2019-2021.nc,SWdown,0.0,23.0,ERA-Interim,medium
met_insituHT_US-CS2_2019-2021.nc,LWdown,0.0,42.3,ERA-Interim,heavy
met_insituHT_US-CS2_2019-2021.nc,VPD,0.0,42.3,ERA-Interim,heavy
met_insituHT_US-CS2_2019-2021.nc,PSurf,0.0,42.3,ERA-Interim,heavy
met_insituHT_US-CS2_2019-2021.nc,Rainf,0.0,100.0,ERA-Interim,complete
met_insituHT_US-CS2_2019-2021.nc,Wind,0.0,44.6,ERA-Interim,heavy
met_insituHT_US-CS2_2019-2021.nc,Qair,0.0,42.3,ERA-Interim,heavy
met_insituHT_US-CS2_2019-2021.nc,RH,0.0,42.3,ERA-Interim,heavy
met_insituHT_US-CS2_2019-2021.nc,CO2air,0.0,52.4,observed,complete
met_insituHT_US-CS3_2019-2020.nc,Tair,0.0,52.1,ERA-Interim,complete
met_insituHT_US-CS3_2019-2020.nc,SWdown,0.0,52.9,ERA-Interim,complete
met_insituHT_US-CS3_2019-2020.nc,LWdown,0.0,52.1,ERA-Interim,complete
met_insituHT_US-CS3_2019-2020.nc,VPD,0.0,52.1,ERA-Interim,complete
met_insituHT_US-CS3_2019-2020.nc,PSurf,0.0,52.1,ERA-Interim,complete
met_insituHT_US-CS3_2019-2020.nc,Rainf,0.0,52.1,ERA-Interim,complete
met_insituHT_US-CS3_2019-2020.nc,Wind,0.0,52.1,ERA-Interim,complete
met_insituHT_US-CS3_2019-2020.nc,Qair,0.0,52.1,ERA-Interim,complete
met_insituHT_US-CS3_2019-2020.nc,RH,0.0,52.1,ERA-Interim,complete
met_insituHT_US-CS3_2019-2020.nc,CO2air,0.0,56.8,observed,complete
met_insituHT_US-CS4_2020-2021.nc,Tair,0.0,49.0,ERA-Interim,heavy
met_insituHT_US-CS4_2020-2021.nc,SWdown,0.0,49.7,ERA-Interim,heavy
met_insituHT_US-CS4_2020-2021.nc,LWdown,0.0,49.7,ERA-Interim,heavy
met_insituHT_US-CS4_2020-2021.nc,VPD,0.0,49.0,ERA-Interim,heavy
met_insituHT_US-CS4_2020-2021.nc,PSurf,0.0,55.6,ERA-Interim,complete
met_insituHT_US-CS4_2020-2021.nc,Rainf,0.0,49.0,ERA-Interim,heavy
met_insituHT_US-CS4_2020-2021.nc,Wind,0.0,55.6,ERA-Interim,complete
met_insituHT_US-CS4_2020-2021.nc,Qair,0.0,49.0,ERA-Interim,heavy
met_insituHT_US-CS4_2020-2021.nc,RH,0.0,49.0,ERA-Interim,heavy
met_insituHT_US-CS4_2020-2021.nc,CO2air,0.0,63.0,observed,complete
met_insituHT_US-CS5_2021-2021.nc,Tair,0.0,32.0,ERA-Interim,heavy
met_insituHT_US-CS5_2021-2021.nc,SWdown,0.0,47.1,ERA-Interim,heavy
met_insituHT_US-CS5_2021-2021.nc,LWdown,0.0,46.1,ERA-Interim,heavy
met_insituHT_US-CS5_2021-2021.nc,VPD,0.0,32.0,ERA-Interim,heavy
met_insituHT_US-CS5_2021-2021.nc,PSurf,0.0,38.1,ERA-Interim,heavy
met_insituHT_US-CS5_2021-2021.nc,Rainf,0.0,32.0,ERA-Interim,heavy
met_insituHT_US-CS5_2021-2021.nc,Wind,0.0,39.0,ERA-Interim,heavy
met_insituHT_US-CS5_2021-2021.nc,Qair,0.0,32.0,ERA-Interim,heavy
met_insituHT_US-CS5_2021-2021.nc,RH,0.0,32.0,ERA-Interim,heavy
met_insituHT_US-CS5_2021-2021.nc,CO2air,0.0,45.0,observed,heavy
met_insituHT_US-CS6_2022-2023.nc,Tair,0.0,51.3,ERA-Interim,complete
met_insituHT_US-CS6_2022-2023.nc,SWdown,0.0,48.3,ERA-Interim,heavy
met_insituHT_US-CS6_2022-2023.nc,LWdown,0.0,51.3,ERA-Interim,complete
met_insituHT_US-CS6_2022-2023.nc,VPD,0.0,51.3,ERA-Interim,complete
met_insituHT_US-CS6_2022-2023.nc,PSurf,0.0,62.3,ERA-Interim,complete
met_insituHT_US-CS6_2022-2023.nc,Rainf,0.0,51.3,ERA-Interim,complete
met_insituHT_US-CS6_2022-2023.nc,Wind,0.0,62.3,ERA-Interim,complete
met_insituHT_US-CS6_2022-2023.nc,Qair,0.0,51.3,ERA-Interim,complete
met_insituHT_US-CS6_2022-2023.nc,RH,0.0,51.3,ERA-Interim,complete
met_insituHT_US-CS6_2022-2023.nc,CO2air,0.0,68.6,observed,complete
met_insituHT_US-CS8_2023-2023.nc,Tair,0.0,62.2,ERA-Interim,complete
met_insituHT_US-CS8_2023-2023.nc,SWdown,0.0,62.7,ERA-Interim,complete
met_insituHT_US-CS8_2023-2023.nc,LWdown,0.0,62.2,ERA-Interim,complete
met_insituHT_US-CS8_2023-2023.nc,VPD,0.0,62.2,ERA-Interim,complete
met_insituHT_US-CS8_2023-2023.nc,PSurf,0.0,62.3,ERA-Interim,complete
met_insituHT_US-CS8_2023-2023.nc,Rainf,0.0,62.2,ERA-Interim,complete
met_insituHT_US-CS8_2023-2023.nc,Wind,0.0,62.3,ERA-Interim,complete
met_insituHT_US-CS8_2023-2023.nc,Qair,0.0,62.2,ERA-Interim,complete
met_insituHT_US-CS8_2023-2023.nc,RH,0.0,62.2,ERA-Interim,complete
met_insituHT_US-CS8_2023-2023.nc,CO2air,0.0,64.8,observed,complete
met_insituHT_US-CdM_2020-2024.nc,Tair,0.0,31.3,ERA-Interim,heavy
met_insituHT_US-CdM_2020-2024.nc,SWdown,0.0,10.3,ERA-Interim,medium
met_insituHT_US-CdM_2020-2024.nc,LWdown,0.0,20.7,ERA-Interim,medium
met_insituHT_US-CdM_2020-2024.nc,VPD,0.0,31.9,ERA-Interim,heavy
met_insituHT_US-CdM_2020-2024.nc,PSurf,0.0,32.3,ERA-Interim,heavy
met_insituHT_US-CdM_2020-2024.nc,Rainf,0.0,10.5,ERA-Interim,medium
met_insituHT_US-CdM_2020-2024.nc,Wind,0.0,31.6,ERA-Interim,heavy
met_insituHT_US-CdM_2020-2024.nc,Qair,0.0,31.9,ERA-Interim,heavy
met_insituHT_US-CdM_2020-2024.nc,RH,0.0,31.9,ERA-Interim,heavy
met_insituHT_US-CdM_2020-2024.nc,CO2air,0.0,31.9,observed,heavy
met_insituHT_US-Ced_2006-2014.nc,Tair,0.0,0.3,ERA-Interim,mild
met_insituHT_US-Ced_2006-2014.nc,SWdown,0.0,0.5,ERA-Interim,mild
met_insituHT_US-Ced_2006-2014.nc,LWdown,0.0,100.0,ERA-Interim,complete
met_insituHT_US-Ced_2006-2014.nc,VPD,0.0,0.3,ERA-Interim,mild
met_insituHT_US-Ced_2006-2014.nc,PSurf,0.0,11.6,ERA-Interim,medium
met_insituHT_US-Ced_2006-2014.nc,Rainf,0.0,0.3,ERA-Interim,mild
met_insituHT_US-Ced_2006-2014.nc,Wind,0.0,0.3,ERA-Interim,mild
met_insituHT_US-Ced_2006-2014.nc,Qair,0.0,0.3,ERA-Interim,mild
met_insituHT_US-Ced_2006-2014.nc,RH,0.0,0.3,ERA-Interim,mild
met_insituHT_US-Ced_2006-2014.nc,CO2air,0.0,29.0,observed,heavy
met_insituHT_US-ChR_2006-2019.nc,Tair,0.0,0.9,observed,mild
met_insituHT_US-ChR_2006-2019.nc,SWdown,0.0,1.3,observed,mild
met_insituHT_US-ChR_2006-2019.nc,LWdown,0.0,1.1,observed,mild
met_insituHT_US-ChR_2006-2019.nc,VPD,0.0,14.2,observed,medium
met_insituHT_US-ChR_2006-2019.nc,PSurf,0.0,4.4,ERA-Interim,mild
met_insituHT_US-ChR_2006-2019.nc,Rainf,0.0,0.9,ERA-Interim,mild
met_insituHT_US-ChR_2006-2019.nc,Wind,0.0,2.2,ERA-Interim,mild
met_insituHT_US-ChR_2006-2019.nc,Qair,0.0,14.2,observed,medium
met_insituHT_US-ChR_2006-2019.nc,RH,0.0,14.2,ERA-Interim,medium
met_insituHT_US-ChR_2006-2019.nc,CO2air,0.0,18.6,observed,medium
met_insituHT_US-Cms_2001-2004.nc,Tair,0.0,20.2,ERA-Interim,medium
met_insituHT_US-Cms_2001-2004.nc,SWdown,0.0,16.8,ERA-Interim,medium
met_insituHT_US-Cms_2001-2004.nc,LWdown,0.0,18.4,ERA-Interim,medium
met_insituHT_US-Cms_2001-2004.nc,VPD,0.0,20.5,ERA-Interim,medium
met_insituHT_US-Cms_2001-2004.nc,PSurf,0.0,15.9,ERA-Interim,medium
met_insituHT_US-Cms_2001-2004.nc,Rainf,0.0,19.7,ERA-Interim,medium
met_insituHT_US-Cms_2001-2004.nc,Wind,0.0,18.0,ERA-Interim,medium
met_insituHT_US-Cms_2001-2004.nc,Qair,0.0,20.5,ERA-Interim,medium
met_insituHT_US-Cms_2001-2004.nc,RH,0.0,19.1,ERA-Interim,medium
met_insituHT_US-Cms_2001-2004.nc,CO2air,0.0,65.8,observed,complete
met_insituHT_US-Cop_2003-2006.nc,Tair,0.0,56.0,observed,complete
met_insituHT_US-Cop_2003-2006.nc,SWdown,0.0,56.0,observed,complete
met_insituHT_US-Cop_2003-2006.nc,LWdown,0.0,100.0,ERA-Interim,complete
met_insituHT_US-Cop_2003-2006.nc,VPD,0.0,56.0,observed,complete
met_insituHT_US-Cop_2003-2006.nc,PSurf,0.0,55.9,ERA-Interim,complete
met_insituHT_US-Cop_2003-2006.nc,Rainf,0.0,56.0,ERA-Interim,complete
met_insituHT_US-Cop_2003-2006.nc,Wind,0.0,56.0,ERA-Interim,complete
met_insituHT_US-Cop_2003-2006.nc,Qair,0.0,56.0,observed,complete
met_insituHT_US-Cop_2003-2006.nc,RH,0.0,56.0,ERA-Interim,complete
met_insituHT_US-Cop_2003-2006.nc,CO2air,0.0,76.8,observed,complete
met_insituHT_US-Cst_2014-2017.nc,Tair,0.0,2.7,ERA-Interim,mild
met_insituHT_US-Cst_2014-2017.nc,SWdown,0.0,2.7,ERA-Interim,mild
met_insituHT_US-Cst_2014-2017.nc,LWdown,0.0,27.5,ERA-Interim,heavy
met_insituHT_US-Cst_2014-2017.nc,VPD,0.0,2.7,ERA-Interim,mild
met_insituHT_US-Cst_2014-2017.nc,PSurf,0.0,17.5,ERA-Interim,medium
met_insituHT_US-Cst_2014-2017.nc,Rainf,0.0,49.2,ERA-Interim,heavy
met_insituHT_US-Cst_2014-2017.nc,Wind,0.0,17.6,ERA-Interim,medium
met_insituHT_US-Cst_2014-2017.nc,Qair,0.0,2.7,ERA-Interim,mild
met_insituHT_US-Cst_2014-2017.nc,RH,0.0,2.7,ERA-Interim,mild
met_insituHT_US-Cst_2014-2017.nc,CO2air,0.0,22.5,observed,medium
met_insituHT_US-Cwt_2011-2024.nc,Tair,0.0,88.4,ERA-Interim,complete
met_insituHT_US-Cwt_2011-2024.nc,SWdown,0.0,14.9,observed,medium
met_insituHT_US-Cwt_2011-2024.nc,LWdown,0.0,10.9,observed,medium
met_insituHT_US-Cwt_2011-2024.nc,VPD,0.0,88.5,ERA-Interim,complete
met_insituHT_US-Cwt_2011-2024.nc,PSurf,0.0,29.0,ERA-Interim,heavy
met_insituHT_US-Cwt_2011-2024.nc,Rainf,0.0,100.0,ERA-Interim,complete
met_insituHT_US-Cwt_2011-2024.nc,Wind,0.0,4.6,ERA-Interim,mild
met_insituHT_US-Cwt_2011-2024.nc,Qair,0.0,88.5,ERA-Interim,complete
met_insituHT_US-Cwt_2011-2024.nc,RH,0.0,12.3,ERA-Interim,medium
met_insituHT_US-Cwt_2011-2024.nc,CO2air,0.0,14.1,observed,medium
met_insituHT_US-DFC_2019-2024.nc,Tair,0.0,8.8,ERA-Interim,mild
met_insituHT_US-DFC_2019-2024.nc,SWdown,0.0,27.4,ERA-Interim,heavy
met_insituHT_US-DFC_2019-2024.nc,LWdown,0.0,45.5,ERA-Interim,heavy
met_insituHT_US-DFC_2019-2024.nc,VPD,0.0,9.5,ERA-Interim,mild
met_insituHT_US-DFC_2019-2024.nc,PSurf,0.0,13.1,ERA-Interim,medium
met_insituHT_US-DFC_2019-2024.nc,Rainf,0.0,20.2,ERA-Interim,medium
met_insituHT_US-DFC_2019-2024.nc,Wind,0.0,9.0,ERA-Interim,mild
met_insituHT_US-DFC_2019-2024.nc,Qair,0.0,9.5,ERA-Interim,mild
met_insituHT_US-DFC_2019-2024.nc,RH,0.0,9.5,ERA-Interim,mild
met_insituHT_US-DFC_2019-2024.nc,CO2air,0.0,9.1,observed,mild
met_insituHT_US-DFK_2019-2020.nc,Tair,0.0,26.8,ERA-Interim,heavy
met_insituHT_US-DFK_2019-2020.nc,SWdown,0.0,13.9,ERA-Interim,medium
met_insituHT_US-DFK_2019-2020.nc,LWdown,0.0,30.4,ERA-Interim,heavy
met_insituHT_US-DFK_2019-2020.nc,VPD,0.0,26.8,ERA-Interim,heavy
met_insituHT_US-DFK_2019-2020.nc,PSurf,0.0,16.0,ERA-Interim,medium
met_insituHT_US-DFK_2019-2020.nc,Rainf,0.0,100.0,ERA-Interim,complete
met_insituHT_US-DFK_2019-2020.nc,Wind,0.0,16.0,ERA-Interim,medium
met_insituHT_US-DFK_2019-2020.nc,Qair,0.0,26.8,ERA-Interim,heavy
met_insituHT_US-DFK_2019-2020.nc,RH,0.0,26.8,ERA-Interim,heavy
met_insituHT_US-DFK_2019-2020.nc,CO2air,0.0,17.2,observed,medium
met_insituHT_US-DPW_2014-2016.nc,Tair,0.0,4.6,ERA-Interim,mild
met_insituHT_US-DPW_2014-2016.nc,SWdown,0.0,32.9,ERA-Interim,heavy
met_insituHT_US-DPW_2014-2016.nc,LWdown,0.0,100.0,ERA-Interim,complete
met_insituHT_US-DPW_2014-2016.nc,VPD,0.0,8.3,ERA-Interim,mild
met_insituHT_US-DPW_2014-2016.nc,PSurf,0.0,25.7,ERA-Interim,heavy
met_insituHT_US-DPW_2014-2016.nc,Rainf,0.0,100.0,ERA-Interim,complete
met_insituHT_US-DPW_2014-2016.nc,Wind,0.0,4.5,ERA-Interim,mild
met_insituHT_US-DPW_2014-2016.nc,Qair,0.0,8.3,ERA-Interim,mild
met_insituHT_US-DPW_2014-2016.nc,RH,0.0,8.3,ERA-Interim,mild
met_insituHT_US-DPW_2014-2016.nc,CO2air,0.0,8.2,observed,mild
met_insituHT_US-DS1_2019-2019.nc,Tair,0.0,0.9,ERA-Interim,mild
met_insituHT_US-DS1_2019-2019.nc,SWdown,0.0,0.7,ERA-Interim,mild
met_insituHT_US-DS1_2019-2019.nc,LWdown,0.0,1.0,ERA-Interim,mild
met_insituHT_US-DS1_2019-2019.nc,VPD,0.0,0.9,ERA-Interim,mild
met_insituHT_US-DS1_2019-2019.nc,PSurf,0.0,9.7,ERA-Interim,mild
met_insituHT_US-DS1_2019-2019.nc,Rainf,0.0,9.6,ERA-Interim,mild
met_insituHT_US-DS1_2019-2019.nc,Wind,0.0,9.7,ERA-Interim,mild
met_insituHT_US-DS1_2019-2019.nc,Qair,0.0,0.9,ERA-Interim,mild
met_insituHT_US-DS1_2019-2019.nc,RH,0.0,0.9,ERA-Interim,mild
met_insituHT_US-DS1_2019-2019.nc,CO2air,0.0,10.5,observed,medium
met_insituHT_US-DS2_2021-2022.nc,Tair,0.0,0.0,ERA-Interim,mild
met_insituHT_US-DS2_2021-2022.nc,SWdown,0.0,0.3,ERA-Interim,mild
met_insituHT_US-DS2_2021-2022.nc,LWdown,0.0,0.0,ERA-Interim,mild
met_insituHT_US-DS2_2021-2022.nc,VPD,0.0,0.0,ERA-Interim,mild
met_insituHT_US-DS2_2021-2022.nc,PSurf,0.0,2.1,ERA-Interim,mild
met_insituHT_US-DS2_2021-2022.nc,Rainf,0.0,0.0,ERA-Interim,mild
met_insituHT_US-DS2_2021-2022.nc,Wind,0.0,2.1,ERA-Interim,mild
met_insituHT_US-DS2_2021-2022.nc,Qair,0.0,0.0,ERA-Interim,mild
met_insituHT_US-DS2_2021-2022.nc,RH,0.0,0.0,ERA-Interim,mild
met_insituHT_US-DS2_2021-2022.nc,CO2air,0.0,5.5,observed,mild
met_insituHT_US-DS3_2022-2024.nc,Tair,0.0,7.4,ERA-Interim,mild
met_insituHT_US-DS3_2022-2024.nc,SWdown,0.0,8.2,ERA-Interim,mild
met_insituHT_US-DS3_2022-2024.nc,LWdown,0.0,13.1,ERA-Interim,medium
met_insituHT_US-DS3_2022-2024.nc,VPD,0.0,7.4,ERA-Interim,mild
met_insituHT_US-DS3_2022-2024.nc,PSurf,0.0,7.1,ERA-Interim,mild
met_insituHT_US-DS3_2022-2024.nc,Rainf,0.0,7.4,ERA-Interim,mild
met_insituHT_US-DS3_2022-2024.nc,Wind,0.0,7.2,ERA-Interim,mild
met_insituHT_US-DS3_2022-2024.nc,Qair,0.0,7.4,ERA-Interim,mild
met_insituHT_US-DS3_2022-2024.nc,RH,0.0,7.4,ERA-Interim,mild
met_insituHT_US-DS3_2022-2024.nc,CO2air,0.0,25.9,observed,heavy
met_insituHT_US-Dix_2005-2007.nc,Tair,0.0,0.2,observed,mild
met_insituHT_US-Dix_2005-2007.nc,SWdown,0.0,0.5,observed,mild
met_insituHT_US-Dix_2005-2007.nc,LWdown,0.0,100.0,ERA-Interim,complete
met_insituHT_US-Dix_2005-2007.nc,VPD,0.0,0.2,observed,mild
met_insituHT_US-Dix_2005-2007.nc,PSurf,0.0,38.0,ERA-Interim,heavy
met_insituHT_US-Dix_2005-2007.nc,Rainf,0.0,0.0,ERA-Interim,mild
met_insituHT_US-Dix_2005-2007.nc,Wind,0.0,1.3,ERA-Interim,mild
met_insituHT_US-Dix_2005-2007.nc,Qair,0.0,0.2,observed,mild
met_insituHT_US-Dix_2005-2007.nc,RH,0.0,0.2,ERA-Interim,mild
met_insituHT_US-Dix_2005-2007.nc,CO2air,0.0,41.2,observed,heavy
met_insituHT_US-Dk1_2002-2008.nc,Tair,0.0,22.5,observed,medium
met_insituHT_US-Dk1_2002-2008.nc,SWdown,0.0,0.5,observed,mild
met_insituHT_US-Dk1_2002-2008.nc,LWdown,0.0,38.4,ERA-Interim,heavy
met_insituHT_US-Dk1_2002-2008.nc,VPD,0.0,26.1,observed,heavy
met_insituHT_US-Dk1_2002-2008.nc,PSurf,0.0,15.5,ERA-Interim,medium
met_insituHT_US-Dk1_2002-2008.nc,Rainf,0.0,0.0,ERA-Interim,mild
met_insituHT_US-Dk1_2002-2008.nc,Wind,0.0,23.4,ERA-Interim,medium
met_insituHT_US-Dk1_2002-2008.nc,Qair,0.0,26.1,observed,heavy
met_insituHT_US-Dk1_2002-2008.nc,RH,0.0,5.0,ERA-Interim,mild
met_insituHT_US-Dk1_2002-2008.nc,CO2air,0.0,19.9,observed,medium
met_insituHT_US-Dk2_2002-2008.nc,Tair,0.0,0.7,observed,mild
met_insituHT_US-Dk2_2002-2008.nc,SWdown,0.0,0.6,observed,mild
met_insituHT_US-Dk2_2002-2008.nc,LWdown,0.0,30.2,ERA-Interim,heavy
met_insituHT_US-Dk2_2002-2008.nc,VPD,0.0,5.7,observed,mild
met_insituHT_US-Dk2_2002-2008.nc,PSurf,0.0,2.3,ERA-Interim,mild
met_insituHT_US-Dk2_2002-2008.nc,Rainf,0.0,0.0,observed,mild
met_insituHT_US-Dk2_2002-2008.nc,Wind,0.0,6.7,ERA-Interim,mild
met_insituHT_US-Dk2_2002-2008.nc,Qair,0.0,5.7,observed,mild
met_insituHT_US-Dk2_2002-2008.nc,RH,0.0,5.0,ERA-Interim,mild
met_insituHT_US-Dk2_2002-2008.nc,CO2air,0.0,8.6,observed,mild
met_insituHT_US-Dk3_2002-2008.nc,Tair,0.0,3.2,observed,mild
met_insituHT_US-Dk3_2002-2008.nc,SWdown,0.0,0.2,observed,mild
met_insituHT_US-Dk3_2002-2008.nc,LWdown,0.0,29.9,ERA-Interim,heavy
met_insituHT_US-Dk3_2002-2008.nc,VPD,0.0,5.0,observed,mild
met_insituHT_US-Dk3_2002-2008.nc,PSurf,0.0,6.5,ERA-Interim,mild
met_insituHT_US-Dk3_2002-2008.nc,Rainf,0.0,0.0,ERA-Interim,mild
met_insituHT_US-Dk3_2002-2008.nc,Wind,0.0,16.8,ERA-Interim,medium
met_insituHT_US-Dk3_2002-2008.nc,Qair,0.0,5.0,observed,mild
met_insituHT_US-Dk3_2002-2008.nc,RH,0.0,5.0,ERA-Interim,mild
met_insituHT_US-Dk3_2002-2008.nc,CO2air,0.0,14.4,observed,medium
met_insituHT_US-Dmg_2022-2025.nc,Tair,0.0,6.7,ERA-Interim,mild
met_insituHT_US-Dmg_2022-2025.nc,SWdown,0.0,4.0,ERA-Interim,mild
met_insituHT_US-Dmg_2022-2025.nc,LWdown,0.0,8.2,ERA-Interim,mild
met_insituHT_US-Dmg_2022-2025.nc,VPD,0.0,8.1,ERA-Interim,mild
met_insituHT_US-Dmg_2022-2025.nc,PSurf,0.0,4.4,ERA-Interim,mild
met_insituHT_US-Dmg_2022-2025.nc,Rainf,0.0,4.2,ERA-Interim,mild
met_insituHT_US-Dmg_2022-2025.nc,Wind,0.0,3.9,ERA-Interim,mild
met_insituHT_US-Dmg_2022-2025.nc,Qair,0.0,8.1,ERA-Interim,mild
met_insituHT_US-Dmg_2022-2025.nc,RH,0.0,8.0,ERA-Interim,mild
met_insituHT_US-Dmg_2022-2025.nc,CO2air,0.0,13.6,observed,medium
met_insituHT_US-EA4_2022-2024.nc,Tair,0.0,9.4,ERA-Interim,mild
met_insituHT_US-EA4_2022-2024.nc,SWdown,0.0,35.8,ERA-Interim,heavy
met_insituHT_US-EA4_2022-2024.nc,LWdown,0.0,35.8,ERA-Interim,heavy
met_insituHT_US-EA4_2022-2024.nc,VPD,0.0,17.0,ERA-Interim,medium
met_insituHT_US-EA4_2022-2024.nc,PSurf,0.0,9.4,ERA-Interim,mild
met_insituHT_US-EA4_2022-2024.nc,Rainf,0.0,5.9,ERA-Interim,mild
met_insituHT_US-EA4_2022-2024.nc,Wind,0.0,9.9,ERA-Interim,mild
met_insituHT_US-EA4_2022-2024.nc,Qair,0.0,17.0,ERA-Interim,medium
met_insituHT_US-EA4_2022-2024.nc,RH,0.0,17.0,ERA-Interim,medium
met_insituHT_US-EA4_2022-2024.nc,CO2air,0.0,15.7,observed,medium
met_insituHT_US-EA5_2022-2022.nc,Tair,0.0,1.6,ERA-Interim,mild
met_insituHT_US-EA5_2022-2022.nc,SWdown,0.0,1.8,ERA-Interim,mild
met_insituHT_US-EA5_2022-2022.nc,LWdown,0.0,100.0,ERA-Interim,complete
met_insituHT_US-EA5_2022-2022.nc,VPD,0.0,2.6,ERA-Interim,mild
met_insituHT_US-EA5_2022-2022.nc,PSurf,0.0,0.2,ERA-Interim,mild
met_insituHT_US-EA5_2022-2022.nc,Rainf,0.0,0.0,ERA-Interim,mild
met_insituHT_US-EA5_2022-2022.nc,Wind,0.0,0.5,ERA-Interim,mild
met_insituHT_US-EA5_2022-2022.nc,Qair,0.0,2.6,ERA-Interim,mild
met_insituHT_US-EA5_2022-2022.nc,RH,0.0,2.6,ERA-Interim,mild
met_insituHT_US-EA5_2022-2022.nc,CO2air,0.0,1.8,observed,mild
met_insituHT_US-EA6_2023-2023.nc,Tair,0.0,56.7,ERA-Interim,complete
met_insituHT_US-EA6_2023-2023.nc,SWdown,0.0,57.0,ERA-Interim,complete
met_insituHT_US-EA6_2023-2023.nc,LWdown,0.0,56.7,ERA-Interim,complete
met_insituHT_US-EA6_2023-2023.nc,VPD,0.0,59.5,ERA-Interim,complete
met_insituHT_US-EA6_2023-2023.nc,PSurf,0.0,56.7,ERA-Interim,complete
met_insituHT_US-EA6_2023-2023.nc,Rainf,0.0,56.7,ERA-Interim,complete
met_insituHT_US-EA6_2023-2023.nc,Wind,0.0,56.7,ERA-Interim,complete
met_insituHT_US-EA6_2023-2023.nc,Qair,0.0,59.5,ERA-Interim,complete
met_insituHT_US-EA6_2023-2023.nc,RH,0.0,59.5,ERA-Interim,complete
met_insituHT_US-EA6_2023-2023.nc,CO2air,0.0,59.2,observed,complete
met_insituHT_US-EDN_2019-2024.nc,Tair,0.0,7.2,ERA-Interim,mild
met_insituHT_US-EDN_2019-2024.nc,SWdown,0.0,7.4,ERA-Interim,mild
met_insituHT_US-EDN_2019-2024.nc,LWdown,0.0,7.2,ERA-Interim,mild
met_insituHT_US-EDN_2019-2024.nc,VPD,0.0,7.3,ERA-Interim,mild
met_insituHT_US-EDN_2019-2024.nc,PSurf,0.0,18.4,ERA-Interim,medium
met_insituHT_US-EDN_2019-2024.nc,Rainf,0.0,7.2,ERA-Interim,mild
met_insituHT_US-EDN_2019-2024.nc,Wind,0.0,18.2,ERA-Interim,medium
met_insituHT_US-EDN_2019-2024.nc,Qair,0.0,7.3,ERA-Interim,mild
met_insituHT_US-EDN_2019-2024.nc,RH,0.0,7.3,ERA-Interim,mild
met_insituHT_US-EDN_2019-2024.nc,CO2air,0.0,20.7,observed,medium
met_insituHT_US-EKH_2023-2024.nc,Tair,0.0,14.3,ERA-Interim,medium
met_insituHT_US-EKH_2023-2024.nc,SWdown,0.0,10.4,ERA-Interim,medium
met_insituHT_US-EKH_2023-2024.nc,LWdown,0.0,46.6,ERA-Interim,heavy
met_insituHT_US-EKH_2023-2024.nc,VPD,0.0,92.2,ERA-Interim,complete
met_insituHT_US-EKH_2023-2024.nc,PSurf,0.0,15.2,ERA-Interim,medium
met_insituHT_US-EKH_2023-2024.nc,Rainf,0.0,10.4,ERA-Interim,medium
met_insituHT_US-EKH_2023-2024.nc,Wind,0.0,15.1,ERA-Interim,medium
met_insituHT_US-EKH_2023-2024.nc,Qair,0.0,92.2,ERA-Interim,complete
met_insituHT_US-EKH_2023-2024.nc,RH,0.0,92.2,ERA-Interim,complete
met_insituHT_US-EKH_2023-2024.nc,CO2air,0.0,16.5,observed,medium
met_insituHT_US-EKN_2024-2024.nc,Tair,0.0,0.0,ERA-Interim,mild
met_insituHT_US-EKN_2024-2024.nc,SWdown,0.0,0.0,ERA-Interim,mild
met_insituHT_US-EKN_2024-2024.nc,LWdown,0.0,0.2,ERA-Interim,mild
met_insituHT_US-EKN_2024-2024.nc,VPD,0.0,0.1,ERA-Interim,mild
met_insituHT_US-EKN_2024-2024.nc,PSurf,0.0,16.8,ERA-Interim,medium
met_insituHT_US-EKN_2024-2024.nc,Rainf,0.0,0.0,ERA-Interim,mild
met_insituHT_US-EKN_2024-2024.nc,Wind,0.0,16.7,ERA-Interim,medium
met_insituHT_US-EKN_2024-2024.nc,Qair,0.0,0.1,ERA-Interim,mild
met_insituHT_US-EKN_2024-2024.nc,RH,0.0,0.1,ERA-Interim,mild
met_insituHT_US-EKN_2024-2024.nc,CO2air,0.0,21.1,observed,medium
met_insituHT_US-EKP_2023-2024.nc,Tair,0.0,9.6,ERA-Interim,mild
met_insituHT_US-EKP_2023-2024.nc,SWdown,0.0,9.4,ERA-Interim,mild
met_insituHT_US-EKP_2023-2024.nc,LWdown,0.0,13.7,ERA-Interim,medium
met_insituHT_US-EKP_2023-2024.nc,VPD,0.0,9.6,ERA-Interim,mild
met_insituHT_US-EKP_2023-2024.nc,PSurf,0.0,20.8,ERA-Interim,medium
met_insituHT_US-EKP_2023-2024.nc,Rainf,0.0,9.5,ERA-Interim,mild
met_insituHT_US-EKP_2023-2024.nc,Wind,0.0,20.2,ERA-Interim,medium
met_insituHT_US-EKP_2023-2024.nc,Qair,0.0,9.6,ERA-Interim,mild
met_insituHT_US-EKP_2023-2024.nc,RH,0.0,9.6,ERA-Interim,mild
met_insituHT_US-EKP_2023-2024.nc,CO2air,0.0,23.8,observed,medium
met_insituHT_US-EML_2009-2022.nc,Tair,0.0,17.7,ERA-Interim,medium
met_insituHT_US-EML_2009-2022.nc,SWdown,0.0,15.8,ERA-Interim,medium
met_insituHT_US-EML_2009-2022.nc,LWdown,0.0,40.1,ERA-Interim,heavy
met_insituHT_US-EML_2009-2022.nc,VPD,0.0,34.9,ERA-Interim,heavy
met_insituHT_US-EML_2009-2022.nc,PSurf,0.0,34.8,ERA-Interim,heavy
met_insituHT_US-EML_2009-2022.nc,Rainf,0.0,100.0,ERA-Interim,complete
met_insituHT_US-EML_2009-2022.nc,Wind,0.0,27.0,ERA-Interim,heavy
met_insituHT_US-EML_2009-2022.nc,Qair,0.0,34.9,ERA-Interim,heavy
met_insituHT_US-EML_2009-2022.nc,RH,0.0,34.9,ERA-Interim,heavy
met_insituHT_US-EML_2009-2022.nc,CO2air,0.0,41.4,observed,heavy
met_insituHT_US-Elm_2009-2024.nc,Tair,0.0,15.1,ERA-Interim,medium
met_insituHT_US-Elm_2009-2024.nc,SWdown,0.0,8.2,ERA-Interim,mild
met_insituHT_US-Elm_2009-2024.nc,LWdown,0.0,100.0,ERA-Interim,complete
met_insituHT_US-Elm_2009-2024.nc,VPD,0.0,19.0,ERA-Interim,medium
met_insituHT_US-Elm_2009-2024.nc,PSurf,0.0,8.5,ERA-Interim,mild
met_insituHT_US-Elm_2009-2024.nc,Rainf,0.0,0.6,ERA-Interim,mild
met_insituHT_US-Elm_2009-2024.nc,Wind,0.0,4.3,ERA-Interim,mild
met_insituHT_US-Elm_2009-2024.nc,Qair,0.0,19.0,ERA-Interim,medium
met_insituHT_US-Elm_2009-2024.nc,RH,0.0,5.9,ERA-Interim,mild
met_insituHT_US-Elm_2009-2024.nc,CO2air,0.0,26.0,observed,heavy
met_insituHT_US-Esm_2008-2023.nc,Tair,0.0,7.1,ERA-Interim,mild
met_insituHT_US-Esm_2008-2023.nc,SWdown,0.0,2.3,observed,mild
met_insituHT_US-Esm_2008-2023.nc,LWdown,0.0,100.0,ERA-Interim,complete
met_insituHT_US-Esm_2008-2023.nc,VPD,0.0,12.0,ERA-Interim,medium
met_insituHT_US-Esm_2008-2023.nc,PSurf,0.0,12.7,ERA-Interim,medium
met_insituHT_US-Esm_2008-2023.nc,Rainf,0.0,5.2,ERA-Interim,mild
met_insituHT_US-Esm_2008-2023.nc,Wind,0.0,8.3,ERA-Interim,mild
met_insituHT_US-Esm_2008-2023.nc,Qair,0.0,12.0,ERA-Interim,medium
met_insituHT_US-Esm_2008-2023.nc,RH,0.0,6.8,ERA-Interim,mild
met_insituHT_US-Esm_2008-2023.nc,CO2air,0.0,30.8,observed,heavy
met_insituHT_US-EvM_2021-2022.nc,Tair,0.0,2.9,ERA-Interim,mild
met_insituHT_US-EvM_2021-2022.nc,SWdown,0.0,4.2,ERA-Interim,mild
met_insituHT_US-EvM_2021-2022.nc,LWdown,0.0,13.1,ERA-Interim,medium
met_insituHT_US-EvM_2021-2022.nc,VPD,0.0,4.1,ERA-Interim,mild
met_insituHT_US-EvM_2021-2022.nc,PSurf,0.0,1.8,ERA-Interim,mild
met_insituHT_US-EvM_2021-2022.nc,Rainf,0.0,0.0,ERA-Interim,mild
met_insituHT_US-EvM_2021-2022.nc,Wind,0.0,2.9,ERA-Interim,mild
met_insituHT_US-EvM_2021-2022.nc,Qair,0.0,4.1,ERA-Interim,mild
met_insituHT_US-EvM_2021-2022.nc,RH,0.0,1.2,ERA-Interim,mild
met_insituHT_US-EvM_2021-2022.nc,CO2air,0.0,23.2,observed,medium
met_insituHT_US-Fcr_2011-2014.nc,Tair,0.0,32.0,ERA-Interim,heavy
met_insituHT_US-Fcr_2011-2014.nc,SWdown,0.0,31.4,ERA-Interim,heavy
met_insituHT_US-Fcr_2011-2014.nc,LWdown,0.0,100.0,ERA-Interim,complete
met_insituHT_US-Fcr_2011-2014.nc,VPD,0.0,32.4,ERA-Interim,heavy
met_insituHT_US-Fcr_2011-2014.nc,PSurf,0.0,32.4,ERA-Interim,heavy
met_insituHT_US-Fcr_2011-2014.nc,Rainf,0.0,32.0,ERA-Interim,heavy
met_insituHT_US-Fcr_2011-2014.nc,Wind,0.0,48.3,ERA-Interim,heavy
met_insituHT_US-Fcr_2011-2014.nc,Qair,0.0,32.4,ERA-Interim,heavy
met_insituHT_US-Fcr_2011-2014.nc,RH,0.0,32.4,ERA-Interim,heavy
met_insituHT_US-Fcr_2011-2014.nc,CO2air,0.0,100.0,observed,complete
met_insituHT_US-Fmf_2006-2010.nc,Tair,0.0,7.4,ERA-Interim,mild
met_insituHT_US-Fmf_2006-2010.nc,SWdown,0.0,1.2,ERA-Interim,mild
met_insituHT_US-Fmf_2006-2010.nc,LWdown,0.0,8.5,ERA-Interim,mild
met_insituHT_US-Fmf_2006-2010.nc,VPD,0.0,7.7,ERA-Interim,mild
met_insituHT_US-Fmf_2006-2010.nc,PSurf,0.0,4.2,ERA-Interim,mild
met_insituHT_US-Fmf_2006-2010.nc,Rainf,0.0,7.7,ERA-Interim,mild
met_insituHT_US-Fmf_2006-2010.nc,Wind,0.0,7.7,ERA-Interim,mild
met_insituHT_US-Fmf_2006-2010.nc,Qair,0.0,7.7,ERA-Interim,mild
met_insituHT_US-Fmf_2006-2010.nc,RH,0.0,7.6,ERA-Interim,mild
met_insituHT_US-Fmf_2006-2010.nc,CO2air,0.0,11.8,observed,medium
met_insituHT_US-Fo1_2014-2023.nc,Tair,0.0,84.9,ERA-Interim,complete
met_insituHT_US-Fo1_2014-2023.nc,SWdown,0.0,84.7,ERA-Interim,complete
met_insituHT_US-Fo1_2014-2023.nc,LWdown,0.0,88.8,ERA-Interim,complete
met_insituHT_US-Fo1_2014-2023.nc,VPD,0.0,84.9,ERA-Interim,complete
met_insituHT_US-Fo1_2014-2023.nc,PSurf,0.0,89.5,ERA-Interim,complete
met_insituHT_US-Fo1_2014-2023.nc,Rainf,0.0,85.0,ERA-Interim,complete
met_insituHT_US-Fo1_2014-2023.nc,Wind,0.0,84.9,ERA-Interim,complete
met_insituHT_US-Fo1_2014-2023.nc,Qair,0.0,84.9,ERA-Interim,complete
met_insituHT_US-Fo1_2014-2023.nc,RH,0.0,84.9,ERA-Interim,complete
met_insituHT_US-Fo1_2014-2023.nc,CO2air,0.0,98.3,observed,complete
met_insituHT_US-Fo2_2023-2024.nc,Tair,0.0,29.1,ERA-Interim,heavy
met_insituHT_US-Fo2_2023-2024.nc,SWdown,0.0,28.3,ERA-Interim,heavy
met_insituHT_US-Fo2_2023-2024.nc,LWdown,0.0,29.1,ERA-Interim,heavy
met_insituHT_US-Fo2_2023-2024.nc,VPD,0.0,29.1,ERA-Interim,heavy
met_insituHT_US-Fo2_2023-2024.nc,PSurf,0.0,30.8,ERA-Interim,heavy
met_insituHT_US-Fo2_2023-2024.nc,Rainf,0.0,29.1,ERA-Interim,heavy
met_insituHT_US-Fo2_2023-2024.nc,Wind,0.0,29.1,ERA-Interim,heavy
met_insituHT_US-Fo2_2023-2024.nc,Qair,0.0,29.1,ERA-Interim,heavy
met_insituHT_US-Fo2_2023-2024.nc,RH,0.0,29.1,ERA-Interim,heavy
met_insituHT_US-Fo2_2023-2024.nc,CO2air,0.0,80.5,observed,complete
met_insituHT_US-Fuf_2006-2010.nc,Tair,0.0,7.5,ERA-Interim,mild
met_insituHT_US-Fuf_2006-2010.nc,SWdown,0.0,8.1,ERA-Interim,mild
met_insituHT_US-Fuf_2006-2010.nc,LWdown,0.0,9.3,ERA-Interim,mild
met_insituHT_US-Fuf_2006-2010.nc,VPD,0.0,13.8,ERA-Interim,medium
met_insituHT_US-Fuf_2006-2010.nc,PSurf,0.0,5.0,ERA-Interim,mild
met_insituHT_US-Fuf_2006-2010.nc,Rainf,0.0,14.1,ERA-Interim,medium
met_insituHT_US-Fuf_2006-2010.nc,Wind,0.0,7.6,ERA-Interim,mild
met_insituHT_US-Fuf_2006-2010.nc,Qair,0.0,13.8,ERA-Interim,medium
met_insituHT_US-Fuf_2006-2010.nc,RH,0.0,13.7,ERA-Interim,medium
met_insituHT_US-Fuf_2006-2010.nc,CO2air,0.0,11.4,observed,medium
met_insituHT_US-Fwf_2006-2010.nc,Tair,0.0,1.7,ERA-Interim,mild
met_insituHT_US-Fwf_2006-2010.nc,SWdown,0.0,0.8,ERA-Interim,mild
met_insituHT_US-Fwf_2006-2010.nc,LWdown,0.0,0.6,ERA-Interim,mild
met_insituHT_US-Fwf_2006-2010.nc,VPD,0.0,1.7,ERA-Interim,mild
met_insituHT_US-Fwf_2006-2010.nc,PSurf,0.0,0.5,ERA-Interim,mild
met_insituHT_US-Fwf_2006-2010.nc,Rainf,0.0,0.8,ERA-Interim,mild
met_insituHT_US-Fwf_2006-2010.nc,Wind,0.0,5.6,ERA-Interim,mild
met_insituHT_US-Fwf_2006-2010.nc,Qair,0.0,1.7,ERA-Interim,mild
met_insituHT_US-Fwf_2006-2010.nc,RH,0.0,0.8,ERA-Interim,mild
met_insituHT_US-Fwf_2006-2010.nc,CO2air,0.0,8.6,observed,mild
met_insituHT_US-GLE_2006-2019.nc,Tair,0.0,0.1,ERA-Interim,mild
met_insituHT_US-GLE_2006-2019.nc,SWdown,0.0,0.6,ERA-Interim,mild
met_insituHT_US-GLE_2006-2019.nc,LWdown,0.0,0.1,ERA-Interim,mild
met_insituHT_US-GLE_2006-2019.nc,VPD,0.0,4.4,ERA-Interim,mild
met_insituHT_US-GLE_2006-2019.nc,PSurf,0.0,95.2,ERA-Interim,complete
met_insituHT_US-GLE_2006-2019.nc,Rainf,0.0,22.3,ERA-Interim,medium
met_insituHT_US-GLE_2006-2019.nc,Wind,0.0,9.3,ERA-Interim,mild
met_insituHT_US-GLE_2006-2019.nc,Qair,0.0,4.4,ERA-Interim,mild
met_insituHT_US-GLE_2006-2019.nc,RH,0.0,4.4,ERA-Interim,mild
met_insituHT_US-GLE_2006-2019.nc,CO2air,0.0,7.8,observed,mild
met_insituHT_US-HB1_2018-2024.nc,Tair,0.0,8.4,observed,mild
met_insituHT_US-HB1_2018-2024.nc,SWdown,0.0,0.5,observed,mild
met_insituHT_US-HB1_2018-2024.nc,LWdown,0.0,8.3,observed,mild
met_insituHT_US-HB1_2018-2024.nc,VPD,0.0,8.4,observed,mild
met_insituHT_US-HB1_2018-2024.nc,PSurf,0.0,14.8,ERA-Interim,medium
met_insituHT_US-HB1_2018-2024.nc,Rainf,0.0,0.0,ERA-Interim,mild
met_insituHT_US-HB1_2018-2024.nc,Wind,0.0,14.8,ERA-Interim,medium
met_insituHT_US-HB1_2018-2024.nc,Qair,0.0,8.4,observed,mild
met_insituHT_US-HB1_2018-2024.nc,RH,0.0,8.4,ERA-Interim,mild
met_insituHT_US-HB1_2018-2024.nc,CO2air,0.0,15.3,observed,medium
met_insituHT_US-HB2_2019-2024.nc,Tair,0.0,1.7,ERA-Interim,mild
met_insituHT_US-HB2_2019-2024.nc,SWdown,0.0,1.1,ERA-Interim,mild
met_insituHT_US-HB2_2019-2024.nc,LWdown,0.0,2.2,ERA-Interim,mild
met_insituHT_US-HB2_2019-2024.nc,VPD,0.0,1.7,ERA-Interim,mild
met_insituHT_US-HB2_2019-2024.nc,PSurf,0.0,5.3,ERA-Interim,mild
met_insituHT_US-HB2_2019-2024.nc,Rainf,0.0,1.3,ERA-Interim,mild
met_insituHT_US-HB2_2019-2024.nc,Wind,0.0,5.3,ERA-Interim,mild
met_insituHT_US-HB2_2019-2024.nc,Qair,0.0,1.7,ERA-Interim,mild
met_insituHT_US-HB2_2019-2024.nc,RH,0.0,1.7,ERA-Interim,mild
met_insituHT_US-HB2_2019-2024.nc,CO2air,0.0,7.0,observed,mild
met_insituHT_US-HB3_2019-2024.nc,Tair,0.0,0.6,observed,mild
met_insituHT_US-HB3_2019-2024.nc,SWdown,0.0,0.5,observed,mild
met_insituHT_US-HB3_2019-2024.nc,LWdown,0.0,0.8,observed,mild
met_insituHT_US-HB3_2019-2024.nc,VPD,0.0,0.6,observed,mild
met_insituHT_US-HB3_2019-2024.nc,PSurf,0.0,13.5,ERA-Interim,medium
met_insituHT_US-HB3_2019-2024.nc,Rainf,0.0,0.2,ERA-Interim,mild
met_insituHT_US-HB3_2019-2024.nc,Wind,0.0,0.0,ERA-Interim,mild
met_insituHT_US-HB3_2019-2024.nc,Qair,0.0,0.6,observed,mild
met_insituHT_US-HB3_2019-2024.nc,RH,0.0,0.6,ERA-Interim,mild
met_insituHT_US-HB3_2019-2024.nc,CO2air,0.0,2.9,observed,mild
met_insituHT_US-HB4_2021-2024.nc,Tair,0.0,1.9,ERA-Interim,mild
met_insituHT_US-HB4_2021-2024.nc,SWdown,0.0,1.1,ERA-Interim,mild
met_insituHT_US-HB4_2021-2024.nc,LWdown,0.0,2.0,ERA-Interim,mild
met_insituHT_US-HB4_2021-2024.nc,VPD,0.0,1.9,ERA-Interim,mild
met_insituHT_US-HB4_2021-2024.nc,PSurf,0.0,8.3,ERA-Interim,mild
met_insituHT_US-HB4_2021-2024.nc,Rainf,0.0,2.1,ERA-Interim,mild
met_insituHT_US-HB4_2021-2024.nc,Wind,0.0,5.1,ERA-Interim,mild
met_insituHT_US-HB4_2021-2024.nc,Qair,0.0,1.9,ERA-Interim,mild
met_insituHT_US-HB4_2021-2024.nc,RH,0.0,1.9,ERA-Interim,mild
met_insituHT_US-HB4_2021-2024.nc,CO2air,0.0,5.3,observed,mild
met_insituHT_US-HBK_2017-2023.nc,Tair,0.0,8.0,ERA-Interim,mild
met_insituHT_US-HBK_2017-2023.nc,SWdown,0.0,7.2,ERA-Interim,mild
met_insituHT_US-HBK_2017-2023.nc,LWdown,0.0,8.0,ERA-Interim,mild
met_insituHT_US-HBK_2017-2023.nc,VPD,0.0,8.0,ERA-Interim,mild
met_insituHT_US-HBK_2017-2023.nc,PSurf,0.0,28.2,ERA-Interim,heavy
met_insituHT_US-HBK_2017-2023.nc,Rainf,0.0,100.0,ERA-Interim,complete
met_insituHT_US-HBK_2017-2023.nc,Wind,0.0,28.2,ERA-Interim,heavy
met_insituHT_US-HBK_2017-2023.nc,Qair,0.0,8.0,ERA-Interim,mild
met_insituHT_US-HBK_2017-2023.nc,RH,0.0,8.0,ERA-Interim,mild
met_insituHT_US-HBK_2017-2023.nc,CO2air,0.0,32.9,observed,heavy
met_insituHT_US-HRA_2016-2023.nc,Tair,0.0,43.9,ERA-Interim,heavy
met_insituHT_US-HRA_2016-2023.nc,SWdown,0.0,52.5,ERA-Interim,complete
met_insituHT_US-HRA_2016-2023.nc,LWdown,0.0,59.5,ERA-Interim,complete
met_insituHT_US-HRA_2016-2023.nc,VPD,0.0,45.9,ERA-Interim,heavy
met_insituHT_US-HRA_2016-2023.nc,PSurf,0.0,51.3,ERA-Interim,complete
met_insituHT_US-HRA_2016-2023.nc,Rainf,0.0,50.5,ERA-Interim,complete
met_insituHT_US-HRA_2016-2023.nc,Wind,0.0,36.8,ERA-Interim,heavy
met_insituHT_US-HRA_2016-2023.nc,Qair,0.0,45.9,ERA-Interim,heavy
met_insituHT_US-HRA_2016-2023.nc,RH,0.0,42.6,ERA-Interim,heavy
met_insituHT_US-HRA_2016-2023.nc,CO2air,0.0,44.7,observed,heavy
met_insituHT_US-HRC_2016-2023.nc,Tair,0.0,48.2,ERA-Interim,heavy
met_insituHT_US-HRC_2016-2023.nc,SWdown,0.0,52.2,ERA-Interim,complete
met_insituHT_US-HRC_2016-2023.nc,LWdown,0.0,44.5,ERA-Interim,heavy
met_insituHT_US-HRC_2016-2023.nc,VPD,0.0,53.4,ERA-Interim,complete
met_insituHT_US-HRC_2016-2023.nc,PSurf,0.0,63.1,ERA-Interim,complete
met_insituHT_US-HRC_2016-2023.nc,Rainf,0.0,58.9,ERA-Interim,complete
met_insituHT_US-HRC_2016-2023.nc,Wind,0.0,40.2,ERA-Interim,heavy
met_insituHT_US-HRC_2016-2023.nc,Qair,0.0,53.4,ERA-Interim,complete
met_insituHT_US-HRC_2016-2023.nc,RH,0.0,52.9,ERA-Interim,complete
met_insituHT_US-HRC_2016-2023.nc,CO2air,0.0,49.1,observed,heavy
met_insituHT_US-HVs_1995-1995.nc,Tair,0.0,73.0,ERA-Interim,complete
met_insituHT_US-HVs_1995-1995.nc,SWdown,0.0,72.6,ERA-Interim,complete
met_insituHT_US-HVs_1995-1995.nc,LWdown,0.0,100.0,ERA-Interim,complete
met_insituHT_US-HVs_1995-1995.nc,VPD,0.0,73.3,ERA-Interim,complete
met_insituHT_US-HVs_1995-1995.nc,PSurf,0.0,72.9,ERA-Interim,complete
met_insituHT_US-HVs_1995-1995.nc,Rainf,0.0,100.0,ERA-Interim,complete
met_insituHT_US-HVs_1995-1995.nc,Wind,0.0,73.9,ERA-Interim,complete
met_insituHT_US-HVs_1995-1995.nc,Qair,0.0,73.3,ERA-Interim,complete
met_insituHT_US-HVs_1995-1995.nc,RH,0.0,73.3,ERA-Interim,complete
met_insituHT_US-HVs_1995-1995.nc,CO2air,0.0,73.8,observed,complete
met_insituHT_US-HWB_2016-2017.nc,Tair,0.0,0.0,ERA-Interim,mild
met_insituHT_US-HWB_2016-2017.nc,SWdown,0.0,0.4,ERA-Interim,mild
met_insituHT_US-HWB_2016-2017.nc,LWdown,0.0,0.0,ERA-Interim,mild
met_insituHT_US-HWB_2016-2017.nc,VPD,0.0,0.0,ERA-Interim,mild
met_insituHT_US-HWB_2016-2017.nc,PSurf,0.0,6.0,ERA-Interim,mild
met_insituHT_US-HWB_2016-2017.nc,Rainf,0.0,0.0,ERA-Interim,mild
met_insituHT_US-HWB_2016-2017.nc,Wind,0.0,6.0,ERA-Interim,mild
met_insituHT_US-HWB_2016-2017.nc,Qair,0.0,0.0,ERA-Interim,mild
met_insituHT_US-HWB_2016-2017.nc,RH,0.0,0.0,ERA-Interim,mild
met_insituHT_US-HWB_2016-2017.nc,CO2air,0.0,7.1,observed,mild
met_insituHT_US-Ha1_1994-2024.nc,Tair,0.0,12.0,ERA-Interim,medium
met_insituHT_US-Ha1_1994-2024.nc,SWdown,0.0,5.5,ERA-Interim,mild
met_insituHT_US-Ha1_1994-2024.nc,LWdown,0.0,100.0,ERA-Interim,complete
met_insituHT_US-Ha1_1994-2024.nc,VPD,0.0,14.7,ERA-Interim,medium
met_insituHT_US-Ha1_1994-2024.nc,PSurf,0.0,11.8,ERA-Interim,medium
met_insituHT_US-Ha1_1994-2024.nc,Rainf,0.0,35.5,ERA-Interim,heavy
met_insituHT_US-Ha1_1994-2024.nc,Wind,0.0,17.9,ERA-Interim,medium
met_insituHT_US-Ha1_1994-2024.nc,Qair,0.0,14.7,ERA-Interim,medium
met_insituHT_US-Ha1_1994-2024.nc,RH,0.0,11.9,ERA-Interim,medium
met_insituHT_US-Ha1_1994-2024.nc,CO2air,0.0,27.3,observed,heavy
met_insituHT_US-Hn2_2016-2018.nc,Tair,0.0,29.5,ERA-Interim,heavy
met_insituHT_US-Hn2_2016-2018.nc,SWdown,0.0,72.2,ERA-Interim,complete
met_insituHT_US-Hn2_2016-2018.nc,LWdown,0.0,100.0,ERA-Interim,complete
met_insituHT_US-Hn2_2016-2018.nc,VPD,0.0,29.5,ERA-Interim,heavy
met_insituHT_US-Hn2_2016-2018.nc,PSurf,0.0,24.2,ERA-Interim,medium
met_insituHT_US-Hn2_2016-2018.nc,Rainf,0.0,6.4,ERA-Interim,mild
met_insituHT_US-Hn2_2016-2018.nc,Wind,0.0,29.6,ERA-Interim,heavy
met_insituHT_US-Hn2_2016-2018.nc,Qair,0.0,29.5,ERA-Interim,heavy
met_insituHT_US-Hn2_2016-2018.nc,RH,0.0,23.4,ERA-Interim,medium
met_insituHT_US-Hn2_2016-2018.nc,CO2air,0.0,32.0,observed,heavy
met_insituHT_US-Hn3_2018-2018.nc,Tair,0.0,31.2,ERA-Interim,heavy
met_insituHT_US-Hn3_2018-2018.nc,SWdown,0.0,27.7,ERA-Interim,heavy
met_insituHT_US-Hn3_2018-2018.nc,LWdown,0.0,28.0,ERA-Interim,heavy
met_insituHT_US-Hn3_2018-2018.nc,VPD,0.0,31.2,ERA-Interim,heavy
met_insituHT_US-Hn3_2018-2018.nc,PSurf,0.0,29.9,ERA-Interim,heavy
met_insituHT_US-Hn3_2018-2018.nc,Rainf,0.0,74.8,ERA-Interim,complete
met_insituHT_US-Hn3_2018-2018.nc,Wind,0.0,44.9,ERA-Interim,heavy
met_insituHT_US-Hn3_2018-2018.nc,Qair,0.0,31.2,ERA-Interim,heavy
met_insituHT_US-Hn3_2018-2018.nc,RH,0.0,31.2,ERA-Interim,heavy
met_insituHT_US-Hn3_2018-2018.nc,CO2air,0.0,46.4,observed,heavy
met_insituHT_US-Ho2_1999-2024.nc,Tair,0.0,25.2,ERA-Interim,heavy
met_insituHT_US-Ho2_1999-2024.nc,SWdown,0.0,7.1,ERA-Interim,mild
met_insituHT_US-Ho2_1999-2024.nc,LWdown,0.0,34.0,ERA-Interim,heavy
met_insituHT_US-Ho2_1999-2024.nc,VPD,0.0,48.3,ERA-Interim,heavy
met_insituHT_US-Ho2_1999-2024.nc,PSurf,0.0,2.1,ERA-Interim,mild
met_insituHT_US-Ho2_1999-2024.nc,Rainf,0.0,7.8,ERA-Interim,mild
met_insituHT_US-Ho2_1999-2024.nc,Wind,0.0,30.4,ERA-Interim,heavy
met_insituHT_US-Ho2_1999-2024.nc,Qair,0.0,48.3,ERA-Interim,heavy
met_insituHT_US-Ho2_1999-2024.nc,RH,0.0,27.3,ERA-Interim,heavy
met_insituHT_US-Ho2_1999-2024.nc,CO2air,0.0,20.7,observed,medium
met_insituHT_US-Ho3_2004-2021.nc,Tair,0.0,0.3,observed,mild
met_insituHT_US-Ho3_2004-2021.nc,SWdown,0.0,11.3,observed,medium
met_insituHT_US-Ho3_2004-2021.nc,LWdown,0.0,100.0,ERA-Interim,complete
met_insituHT_US-Ho3_2004-2021.nc,VPD,0.0,41.7,observed,heavy
met_insituHT_US-Ho3_2004-2021.nc,PSurf,0.0,2.2,ERA-Interim,mild
met_insituHT_US-Ho3_2004-2021.nc,Rainf,0.0,0.1,ERA-Interim,mild
met_insituHT_US-Ho3_2004-2021.nc,Wind,0.0,75.3,ERA-Interim,complete
met_insituHT_US-Ho3_2004-2021.nc,Qair,0.0,41.7,observed,heavy
met_insituHT_US-Ho3_2004-2021.nc,RH,0.0,41.7,ERA-Interim,heavy
met_insituHT_US-Ho3_2004-2021.nc,CO2air,0.0,43.2,observed,heavy
met_insituHT_US-Hsm_2022-2025.nc,Tair,0.0,2.1,ERA-Interim,mild
met_insituHT_US-Hsm_2022-2025.nc,SWdown,0.0,0.9,ERA-Interim,mild
met_insituHT_US-Hsm_2022-2025.nc,LWdown,0.0,2.2,ERA-Interim,mild
met_insituHT_US-Hsm_2022-2025.nc,VPD,0.0,2.1,ERA-Interim,mild
met_insituHT_US-Hsm_2022-2025.nc,PSurf,0.0,4.1,ERA-Interim,mild
met_insituHT_US-Hsm_2022-2025.nc,Rainf,0.0,10.9,ERA-Interim,medium
met_insituHT_US-Hsm_2022-2025.nc,Wind,0.0,3.3,ERA-Interim,mild
met_insituHT_US-Hsm_2022-2025.nc,Qair,0.0,2.1,ERA-Interim,mild
met_insituHT_US-Hsm_2022-2025.nc,RH,0.0,2.0,ERA-Interim,mild
met_insituHT_US-Hsm_2022-2025.nc,CO2air,0.0,11.1,observed,medium
met_insituHT_US-IAB_2020-2023.nc,Tair,0.0,12.7,ERA-Interim,medium
met_insituHT_US-IAB_2020-2023.nc,SWdown,0.0,32.2,ERA-Interim,heavy
met_insituHT_US-IAB_2020-2023.nc,LWdown,0.0,33.0,ERA-Interim,heavy
met_insituHT_US-IAB_2020-2023.nc,VPD,0.0,14.5,ERA-Interim,medium
met_insituHT_US-IAB_2020-2023.nc,PSurf,0.0,28.9,ERA-Interim,heavy
met_insituHT_US-IAB_2020-2023.nc,Rainf,0.0,100.0,ERA-Interim,complete
met_insituHT_US-IAB_2020-2023.nc,Wind,0.0,13.1,ERA-Interim,medium
met_insituHT_US-IAB_2020-2023.nc,Qair,0.0,14.5,ERA-Interim,medium
met_insituHT_US-IAB_2020-2023.nc,RH,0.0,14.5,ERA-Interim,medium
met_insituHT_US-IAB_2020-2023.nc,CO2air,0.0,13.3,observed,medium
met_insituHT_US-IAC_2020-2023.nc,Tair,0.0,8.8,ERA-Interim,mild
met_insituHT_US-IAC_2020-2023.nc,SWdown,0.0,21.7,ERA-Interim,medium
met_insituHT_US-IAC_2020-2023.nc,LWdown,0.0,22.3,ERA-Interim,medium
met_insituHT_US-IAC_2020-2023.nc,VPD,0.0,15.9,ERA-Interim,medium
met_insituHT_US-IAC_2020-2023.nc,PSurf,0.0,8.9,ERA-Interim,mild
met_insituHT_US-IAC_2020-2023.nc,Rainf,0.0,100.0,ERA-Interim,complete
met_insituHT_US-IAC_2020-2023.nc,Wind,0.0,8.8,ERA-Interim,mild
met_insituHT_US-IAC_2020-2023.nc,Qair,0.0,15.9,ERA-Interim,medium
met_insituHT_US-IAC_2020-2023.nc,RH,0.0,15.9,ERA-Interim,medium
met_insituHT_US-IAC_2020-2023.nc,CO2air,0.0,11.4,observed,medium
met_insituHT_US-IAM_2020-2023.nc,Tair,0.0,13.9,ERA-Interim,medium
met_insituHT_US-IAM_2020-2023.nc,SWdown,0.0,18.5,ERA-Interim,medium
met_insituHT_US-IAM_2020-2023.nc,LWdown,0.0,20.9,ERA-Interim,medium
met_insituHT_US-IAM_2020-2023.nc,VPD,0.0,14.7,ERA-Interim,medium
met_insituHT_US-IAM_2020-2023.nc,PSurf,0.0,18.6,ERA-Interim,medium
met_insituHT_US-IAM_2020-2023.nc,Rainf,0.0,100.0,ERA-Interim,complete
met_insituHT_US-IAM_2020-2023.nc,Wind,0.0,14.9,ERA-Interim,medium
met_insituHT_US-IAM_2020-2023.nc,Qair,0.0,14.7,ERA-Interim,medium
met_insituHT_US-IAM_2020-2023.nc,RH,0.0,14.7,ERA-Interim,medium
met_insituHT_US-IAM_2020-2023.nc,CO2air,0.0,16.8,observed,medium
met_insituHT_US-ICh_2008-2025.nc,Tair,0.0,6.0,ERA-Interim,mild
met_insituHT_US-ICh_2008-2025.nc,SWdown,0.0,13.9,ERA-Interim,medium
met_insituHT_US-ICh_2008-2025.nc,LWdown,0.0,100.0,ERA-Interim,complete
met_insituHT_US-ICh_2008-2025.nc,VPD,0.0,6.2,ERA-Interim,mild
met_insituHT_US-ICh_2008-2025.nc,PSurf,0.0,12.7,ERA-Interim,medium
met_insituHT_US-ICh_2008-2025.nc,Rainf,0.0,19.3,ERA-Interim,medium
met_insituHT_US-ICh_2008-2025.nc,Wind,0.0,6.0,ERA-Interim,mild
met_insituHT_US-ICh_2008-2025.nc,Qair,0.0,6.2,ERA-Interim,mild
met_insituHT_US-ICh_2008-2025.nc,RH,0.0,6.2,ERA-Interim,mild
met_insituHT_US-ICh_2008-2025.nc,CO2air,0.0,27.3,observed,heavy
met_insituHT_US-ICs_2008-2025.nc,Tair,0.0,5.9,ERA-Interim,mild
met_insituHT_US-ICs_2008-2025.nc,SWdown,0.0,14.2,ERA-Interim,medium
met_insituHT_US-ICs_2008-2025.nc,LWdown,0.0,100.0,ERA-Interim,complete
met_insituHT_US-ICs_2008-2025.nc,VPD,0.0,7.3,ERA-Interim,mild
met_insituHT_US-ICs_2008-2025.nc,PSurf,0.0,11.4,ERA-Interim,medium
met_insituHT_US-ICs_2008-2025.nc,Rainf,0.0,4.5,ERA-Interim,mild
met_insituHT_US-ICs_2008-2025.nc,Wind,0.0,4.7,ERA-Interim,mild
met_insituHT_US-ICs_2008-2025.nc,Qair,0.0,7.3,ERA-Interim,mild
met_insituHT_US-ICs_2008-2025.nc,RH,0.0,7.3,ERA-Interim,mild
met_insituHT_US-ICs_2008-2025.nc,CO2air,0.0,30.9,observed,heavy
met_insituHT_US-ICt_2009-2025.nc,Tair,0.0,10.6,ERA-Interim,medium
met_insituHT_US-ICt_2009-2025.nc,SWdown,0.0,20.0,ERA-Interim,medium
met_insituHT_US-ICt_2009-2025.nc,LWdown,0.0,100.0,ERA-Interim,complete
met_insituHT_US-ICt_2009-2025.nc,VPD,0.0,10.6,ERA-Interim,medium
met_insituHT_US-ICt_2009-2025.nc,PSurf,0.0,17.4,ERA-Interim,medium
met_insituHT_US-ICt_2009-2025.nc,Rainf,0.0,11.2,ERA-Interim,medium
met_insituHT_US-ICt_2009-2025.nc,Wind,0.0,11.9,ERA-Interim,medium
met_insituHT_US-ICt_2009-2025.nc,Qair,0.0,10.6,ERA-Interim,medium
met_insituHT_US-ICt_2009-2025.nc,RH,0.0,10.6,ERA-Interim,medium
met_insituHT_US-ICt_2009-2025.nc,CO2air,0.0,34.3,observed,heavy
met_insituHT_US-Jo1_2010-2021.nc,Tair,0.0,13.4,ERA-Interim,medium
met_insituHT_US-Jo1_2010-2021.nc,SWdown,0.0,23.5,ERA-Interim,medium
met_insituHT_US-Jo1_2010-2021.nc,LWdown,0.0,32.9,ERA-Interim,heavy
met_insituHT_US-Jo1_2010-2021.nc,VPD,0.0,13.4,ERA-Interim,medium
met_insituHT_US-Jo1_2010-2021.nc,PSurf,0.0,10.2,ERA-Interim,medium
met_insituHT_US-Jo1_2010-2021.nc,Rainf,0.0,14.0,ERA-Interim,medium
met_insituHT_US-Jo1_2010-2021.nc,Wind,0.0,100.0,ERA-Interim,complete
met_insituHT_US-Jo1_2010-2021.nc,Qair,0.0,13.4,ERA-Interim,medium
met_insituHT_US-Jo1_2010-2021.nc,RH,0.0,13.4,ERA-Interim,medium
met_insituHT_US-Jo1_2010-2021.nc,CO2air,0.0,10.6,observed,medium
met_insituHT_US-Jo2_2011-2020.nc,Tair,0.0,10.9,ERA-Interim,medium
met_insituHT_US-Jo2_2011-2020.nc,SWdown,0.0,41.0,ERA-Interim,heavy
met_insituHT_US-Jo2_2011-2020.nc,LWdown,0.0,100.0,ERA-Interim,complete
met_insituHT_US-Jo2_2011-2020.nc,VPD,0.0,11.1,ERA-Interim,medium
met_insituHT_US-Jo2_2011-2020.nc,PSurf,0.0,62.5,ERA-Interim,complete
met_insituHT_US-Jo2_2011-2020.nc,Rainf,0.0,0.0,ERA-Interim,mild
met_insituHT_US-Jo2_2011-2020.nc,Wind,0.0,5.9,ERA-Interim,mild
met_insituHT_US-Jo2_2011-2020.nc,Qair,0.0,11.1,ERA-Interim,medium
met_insituHT_US-Jo2_2011-2020.nc,RH,0.0,11.1,ERA-Interim,medium
met_insituHT_US-Jo2_2011-2020.nc,CO2air,0.0,7.6,observed,mild
met_insituHT_US-KFS_2008-2019.nc,Tair,0.0,13.2,ERA-Interim,medium
met_insituHT_US-KFS_2008-2019.nc,SWdown,0.0,27.3,ERA-Interim,heavy
met_insituHT_US-KFS_2008-2019.nc,LWdown,0.0,29.0,ERA-Interim,heavy
met_insituHT_US-KFS_2008-2019.nc,VPD,0.0,26.5,ERA-Interim,heavy
met_insituHT_US-KFS_2008-2019.nc,PSurf,0.0,13.1,ERA-Interim,medium
met_insituHT_US-KFS_2008-2019.nc,Rainf,0.0,19.8,ERA-Interim,medium
met_insituHT_US-KFS_2008-2019.nc,Wind,0.0,12.4,ERA-Interim,medium
met_insituHT_US-KFS_2008-2019.nc,Qair,0.0,26.5,ERA-Interim,heavy
met_insituHT_US-KFS_2008-2019.nc,RH,0.0,23.6,ERA-Interim,medium
met_insituHT_US-KFS_2008-2019.nc,CO2air,0.0,19.9,observed,medium
met_insituHT_US-KLS_2013-2019.nc,Tair,0.0,25.7,ERA-Interim,heavy
met_insituHT_US-KLS_2013-2019.nc,SWdown,0.0,27.2,ERA-Interim,heavy
met_insituHT_US-KLS_2013-2019.nc,LWdown,0.0,26.4,ERA-Interim,heavy
met_insituHT_US-KLS_2013-2019.nc,VPD,0.0,40.0,ERA-Interim,heavy
met_insituHT_US-KLS_2013-2019.nc,PSurf,0.0,32.4,ERA-Interim,heavy
met_insituHT_US-KLS_2013-2019.nc,Rainf,0.0,31.0,ERA-Interim,heavy
met_insituHT_US-KLS_2013-2019.nc,Wind,0.0,19.0,ERA-Interim,medium
met_insituHT_US-KLS_2013-2019.nc,Qair,0.0,40.0,ERA-Interim,heavy
met_insituHT_US-KLS_2013-2019.nc,RH,0.0,37.9,ERA-Interim,heavy
met_insituHT_US-KLS_2013-2019.nc,CO2air,0.0,37.5,observed,heavy
met_insituHT_US-KPL_2022-2024.nc,Tair,0.0,0.1,ERA-Interim,mild
met_insituHT_US-KPL_2022-2024.nc,SWdown,0.0,0.3,ERA-Interim,mild
met_insituHT_US-KPL_2022-2024.nc,LWdown,0.0,49.4,ERA-Interim,heavy
met_insituHT_US-KPL_2022-2024.nc,VPD,0.0,49.4,ERA-Interim,heavy
met_insituHT_US-KPL_2022-2024.nc,PSurf,0.0,49.4,ERA-Interim,heavy
met_insituHT_US-KPL_2022-2024.nc,Rainf,0.0,49.4,ERA-Interim,heavy
met_insituHT_US-KPL_2022-2024.nc,Wind,0.0,49.4,ERA-Interim,heavy
met_insituHT_US-KPL_2022-2024.nc,Qair,0.0,49.4,ERA-Interim,heavy
met_insituHT_US-KPL_2022-2024.nc,RH,0.0,49.4,ERA-Interim,heavy
met_insituHT_US-KPL_2022-2024.nc,CO2air,0.0,49.4,observed,heavy
met_insituHT_US-KS1_2002-2003.nc,Tair,0.0,54.4,ERA-Interim,complete
met_insituHT_US-KS1_2002-2003.nc,SWdown,0.0,56.1,ERA-Interim,complete
met_insituHT_US-KS1_2002-2003.nc,LWdown,0.0,100.0,ERA-Interim,complete
met_insituHT_US-KS1_2002-2003.nc,VPD,0.0,54.4,ERA-Interim,complete
met_insituHT_US-KS1_2002-2003.nc,PSurf,0.0,52.2,ERA-Interim,complete
met_insituHT_US-KS1_2002-2003.nc,Rainf,0.0,54.4,ERA-Interim,complete
met_insituHT_US-KS1_2002-2003.nc,Wind,0.0,60.8,ERA-Interim,complete
met_insituHT_US-KS1_2002-2003.nc,Qair,0.0,54.4,ERA-Interim,complete
met_insituHT_US-KS1_2002-2003.nc,RH,0.0,54.4,ERA-Interim,complete
met_insituHT_US-KS1_2002-2003.nc,CO2air,0.0,61.2,observed,complete
met_insituHT_US-KS2_2003-2006.nc,Tair,0.0,4.6,observed,mild
met_insituHT_US-KS2_2003-2006.nc,SWdown,0.0,1.4,observed,mild
met_insituHT_US-KS2_2003-2006.nc,LWdown,0.0,100.0,ERA-Interim,complete
met_insituHT_US-KS2_2003-2006.nc,VPD,0.0,5.7,observed,mild
met_insituHT_US-KS2_2003-2006.nc,PSurf,0.0,3.1,ERA-Interim,mild
met_insituHT_US-KS2_2003-2006.nc,Rainf,0.0,0.8,ERA-Interim,mild
met_insituHT_US-KS2_2003-2006.nc,Wind,0.0,17.9,ERA-Interim,medium
met_insituHT_US-KS2_2003-2006.nc,Qair,0.0,5.7,observed,mild
met_insituHT_US-KS2_2003-2006.nc,RH,0.0,5.7,ERA-Interim,mild
met_insituHT_US-KS2_2003-2006.nc,CO2air,0.0,17.3,observed,medium
met_insituHT_US-KS3_2018-2018.nc,Tair,0.0,27.6,ERA-Interim,heavy
met_insituHT_US-KS3_2018-2018.nc,SWdown,0.0,27.8,ERA-Interim,heavy
met_insituHT_US-KS3_2018-2018.nc,LWdown,0.0,27.6,ERA-Interim,heavy
met_insituHT_US-KS3_2018-2018.nc,VPD,0.0,28.1,ERA-Interim,heavy
met_insituHT_US-KS3_2018-2018.nc,PSurf,0.0,28.4,ERA-Interim,heavy
met_insituHT_US-KS3_2018-2018.nc,Rainf,0.0,27.6,ERA-Interim,heavy
met_insituHT_US-KS3_2018-2018.nc,Wind,0.0,28.4,ERA-Interim,heavy
met_insituHT_US-KS3_2018-2018.nc,Qair,0.0,28.1,ERA-Interim,heavy
met_insituHT_US-KS3_2018-2018.nc,RH,0.0,28.1,ERA-Interim,heavy
met_insituHT_US-KS3_2018-2018.nc,CO2air,0.0,28.6,observed,heavy
met_insituHT_US-Kon_2004-2019.nc,Tair,0.0,23.1,observed,medium
met_insituHT_US-Kon_2004-2019.nc,SWdown,0.0,16.2,ERA-Interim,medium
met_insituHT_US-Kon_2004-2019.nc,LWdown,0.0,55.2,ERA-Interim,complete
met_insituHT_US-Kon_2004-2019.nc,VPD,0.0,34.3,observed,heavy
met_insituHT_US-Kon_2004-2019.nc,PSurf,0.0,35.2,ERA-Interim,heavy
met_insituHT_US-Kon_2004-2019.nc,Rainf,0.0,16.3,ERA-Interim,medium
met_insituHT_US-Kon_2004-2019.nc,Wind,0.0,21.9,ERA-Interim,medium
met_insituHT_US-Kon_2004-2019.nc,Qair,0.0,34.3,observed,heavy
met_insituHT_US-Kon_2004-2019.nc,RH,0.0,25.1,ERA-Interim,heavy
met_insituHT_US-Kon_2004-2019.nc,CO2air,0.0,25.2,observed,heavy
met_insituHT_US-LA2_2022-2022.nc,Tair,0.0,65.7,ERA-Interim,complete
met_insituHT_US-LA2_2022-2022.nc,SWdown,0.0,41.1,ERA-Interim,heavy
met_insituHT_US-LA2_2022-2022.nc,LWdown,0.0,43.3,ERA-Interim,heavy
met_insituHT_US-LA2_2022-2022.nc,VPD,0.0,65.7,ERA-Interim,complete
met_insituHT_US-LA2_2022-2022.nc,PSurf,0.0,29.4,ERA-Interim,heavy
met_insituHT_US-LA2_2022-2022.nc,Rainf,0.0,32.7,ERA-Interim,heavy
met_insituHT_US-LA2_2022-2022.nc,Wind,0.0,29.5,ERA-Interim,heavy
met_insituHT_US-LA2_2022-2022.nc,Qair,0.0,65.7,ERA-Interim,complete
met_insituHT_US-LA2_2022-2022.nc,RH,0.0,65.7,ERA-Interim,complete
met_insituHT_US-LA2_2022-2022.nc,CO2air,0.0,29.6,observed,heavy
met_insituHT_US-LA3_2020-2023.nc,Tair,0.0,46.5,ERA-Interim,heavy
met_insituHT_US-LA3_2020-2023.nc,SWdown,0.0,44.0,ERA-Interim,heavy
met_insituHT_US-LA3_2020-2023.nc,LWdown,0.0,44.4,ERA-Interim,heavy
met_insituHT_US-LA3_2020-2023.nc,VPD,0.0,46.5,ERA-Interim,heavy
met_insituHT_US-LA3_2020-2023.nc,PSurf,0.0,59.4,ERA-Interim,complete
met_insituHT_US-LA3_2020-2023.nc,Rainf,0.0,55.7,ERA-Interim,complete
met_insituHT_US-LA3_2020-2023.nc,Wind,0.0,36.4,ERA-Interim,heavy
met_insituHT_US-LA3_2020-2023.nc,Qair,0.0,46.5,ERA-Interim,heavy
met_insituHT_US-LA3_2020-2023.nc,RH,0.0,46.5,ERA-Interim,heavy
met_insituHT_US-LA3_2020-2023.nc,CO2air,0.0,37.5,observed,heavy
met_insituHT_US-LS1_2004-2007.nc,Tair,0.0,0.2,ERA-Interim,mild
met_insituHT_US-LS1_2004-2007.nc,SWdown,0.0,0.1,ERA-Interim,mild
met_insituHT_US-LS1_2004-2007.nc,LWdown,0.0,100.0,ERA-Interim,complete
met_insituHT_US-LS1_2004-2007.nc,VPD,0.0,2.6,ERA-Interim,mild
met_insituHT_US-LS1_2004-2007.nc,PSurf,0.0,2.4,ERA-Interim,mild
met_insituHT_US-LS1_2004-2007.nc,Rainf,0.0,0.8,ERA-Interim,mild
met_insituHT_US-LS1_2004-2007.nc,Wind,0.0,1.7,ERA-Interim,mild
met_insituHT_US-LS1_2004-2007.nc,Qair,0.0,2.6,ERA-Interim,mild
met_insituHT_US-LS1_2004-2007.nc,RH,0.0,2.6,ERA-Interim,mild
met_insituHT_US-LS1_2004-2007.nc,CO2air,0.0,9.9,observed,mild
met_insituHT_US-LS2_2003-2007.nc,Tair,0.0,4.7,observed,mild
met_insituHT_US-LS2_2003-2007.nc,SWdown,0.0,3.9,observed,mild
met_insituHT_US-LS2_2003-2007.nc,LWdown,0.0,100.0,ERA-Interim,complete
met_insituHT_US-LS2_2003-2007.nc,VPD,0.0,4.7,observed,mild
met_insituHT_US-LS2_2003-2007.nc,PSurf,0.0,6.0,ERA-Interim,mild
met_insituHT_US-LS2_2003-2007.nc,Rainf,0.0,4.7,ERA-Interim,mild
met_insituHT_US-LS2_2003-2007.nc,Wind,0.0,5.8,ERA-Interim,mild
met_insituHT_US-LS2_2003-2007.nc,Qair,0.0,4.7,observed,mild
met_insituHT_US-LS2_2003-2007.nc,RH,0.0,4.7,ERA-Interim,mild
met_insituHT_US-LS2_2003-2007.nc,CO2air,0.0,10.6,observed,medium
met_insituHT_US-Lin_2009-2010.nc,Tair,0.0,49.3,ERA-Interim,heavy
met_insituHT_US-Lin_2009-2010.nc,SWdown,0.0,49.3,ERA-Interim,heavy
met_insituHT_US-Lin_2009-2010.nc,LWdown,0.0,100.0,ERA-Interim,complete
met_insituHT_US-Lin_2009-2010.nc,VPD,0.0,49.3,ERA-Interim,heavy
met_insituHT_US-Lin_2009-2010.nc,PSurf,0.0,49.2,ERA-Interim,heavy
met_insituHT_US-Lin_2009-2010.nc,Rainf,0.0,49.2,ERA-Interim,heavy
met_insituHT_US-Lin_2009-2010.nc,Wind,0.0,49.3,ERA-Interim,heavy
met_insituHT_US-Lin_2009-2010.nc,Qair,0.0,49.3,ERA-Interim,heavy
met_insituHT_US-Lin_2009-2010.nc,RH,0.0,49.3,ERA-Interim,heavy
met_insituHT_US-Lin_2009-2010.nc,CO2air,0.0,52.9,observed,complete
met_insituHT_US-Los_2001-2024.nc,Tair,0.0,27.4,ERA-Interim,heavy
met_insituHT_US-Los_2001-2024.nc,SWdown,0.0,22.8,ERA-Interim,medium
met_insituHT_US-Los_2001-2024.nc,LWdown,0.0,59.7,ERA-Interim,complete
met_insituHT_US-Los_2001-2024.nc,VPD,0.0,35.1,ERA-Interim,heavy
met_insituHT_US-Los_2001-2024.nc,PSurf,0.0,26.4,ERA-Interim,heavy
met_insituHT_US-Los_2001-2024.nc,Rainf,0.0,12.6,ERA-Interim,medium
met_insituHT_US-Los_2001-2024.nc,Wind,0.0,27.6,ERA-Interim,heavy
met_insituHT_US-Los_2001-2024.nc,Qair,0.0,35.1,ERA-Interim,heavy
met_insituHT_US-Los_2001-2024.nc,RH,0.0,35.0,ERA-Interim,heavy
met_insituHT_US-Los_2001-2024.nc,CO2air,0.0,59.3,observed,complete
met_insituHT_US-MBP_2009-2024.nc,Tair,0.0,1.5,observed,mild
met_insituHT_US-MBP_2009-2024.nc,SWdown,0.0,0.7,observed,mild
met_insituHT_US-MBP_2009-2024.nc,LWdown,0.0,81.9,ERA-Interim,complete
met_insituHT_US-MBP_2009-2024.nc,VPD,0.0,1.8,observed,mild
met_insituHT_US-MBP_2009-2024.nc,PSurf,0.0,8.5,ERA-Interim,mild
met_insituHT_US-MBP_2009-2024.nc,Rainf,0.0,100.0,ERA-Interim,complete
met_insituHT_US-MBP_2009-2024.nc,Wind,0.0,9.4,ERA-Interim,mild
met_insituHT_US-MBP_2009-2024.nc,Qair,0.0,1.8,observed,mild
met_insituHT_US-MBP_2009-2024.nc,RH,0.0,1.8,ERA-Interim,mild
met_insituHT_US-MBP_2009-2024.nc,CO2air,0.0,21.0,observed,medium
met_insituHT_US-MEF_2024-2025.nc,Tair,0.0,1.7,observed,mild
met_insituHT_US-MEF_2024-2025.nc,SWdown,0.0,1.7,observed,mild
met_insituHT_US-MEF_2024-2025.nc,LWdown,0.0,1.7,observed,mild
met_insituHT_US-MEF_2024-2025.nc,VPD,0.0,1.7,observed,mild
met_insituHT_US-MEF_2024-2025.nc,PSurf,0.0,4.4,ERA-Interim,mild
met_insituHT_US-MEF_2024-2025.nc,Rainf,0.0,0.0,ERA-Interim,mild
met_insituHT_US-MEF_2024-2025.nc,Wind,0.0,1.7,ERA-Interim,mild
met_insituHT_US-MEF_2024-2025.nc,Qair,0.0,1.7,observed,mild
met_insituHT_US-MEF_2024-2025.nc,RH,0.0,1.7,ERA-Interim,mild
met_insituHT_US-MEF_2024-2025.nc,CO2air,0.0,4.1,observed,mild
met_insituHT_US-MMS_1999-2023.nc,Tair,0.0,4.0,ERA-Interim,mild
met_insituHT_US-MMS_1999-2023.nc,SWdown,0.0,1.7,observed,mild
met_insituHT_US-MMS_1999-2023.nc,LWdown,0.0,4.2,observed,mild
met_insituHT_US-MMS_1999-2023.nc,VPD,0.0,6.0,ERA-Interim,mild
met_insituHT_US-MMS_1999-2023.nc,PSurf,0.0,7.1,ERA-Interim,mild
met_insituHT_US-MMS_1999-2023.nc,Rainf,0.0,1.7,ERA-Interim,mild
met_insituHT_US-MMS_1999-2023.nc,Wind,0.0,8.2,ERA-Interim,mild
met_insituHT_US-MMS_1999-2023.nc,Qair,0.0,6.0,ERA-Interim,mild
met_insituHT_US-MMS_1999-2023.nc,RH,0.0,5.9,ERA-Interim,mild
met_insituHT_US-MMS_1999-2023.nc,CO2air,0.0,6.5,observed,mild
met_insituHT_US-MN1_2018-2024.nc,Tair,0.0,0.1,ERA-Interim,mild
met_insituHT_US-MN1_2018-2024.nc,SWdown,0.0,0.5,ERA-Interim,mild
met_insituHT_US-MN1_2018-2024.nc,LWdown,0.0,0.1,ERA-Interim,mild
met_insituHT_US-MN1_2018-2024.nc,VPD,0.0,0.1,ERA-Interim,mild
met_insituHT_US-MN1_2018-2024.nc,PSurf,0.0,3.7,ERA-Interim,mild
met_insituHT_US-MN1_2018-2024.nc,Rainf,0.0,0.1,ERA-Interim,mild
met_insituHT_US-MN1_2018-2024.nc,Wind,0.0,3.7,ERA-Interim,mild
met_insituHT_US-MN1_2018-2024.nc,Qair,0.0,0.1,ERA-Interim,mild
met_insituHT_US-MN1_2018-2024.nc,RH,0.0,0.1,ERA-Interim,mild
met_insituHT_US-MN1_2018-2024.nc,CO2air,0.0,8.6,observed,mild
met_insituHT_US-MN2_2018-2024.nc,Tair,0.0,0.5,ERA-Interim,mild
met_insituHT_US-MN2_2018-2024.nc,SWdown,0.0,1.0,ERA-Interim,mild
met_insituHT_US-MN2_2018-2024.nc,LWdown,0.0,0.5,ERA-Interim,mild
met_insituHT_US-MN2_2018-2024.nc,VPD,0.0,0.5,ERA-Interim,mild
met_insituHT_US-MN2_2018-2024.nc,PSurf,0.0,4.6,ERA-Interim,mild
met_insituHT_US-MN2_2018-2024.nc,Rainf,0.0,0.5,ERA-Interim,mild
met_insituHT_US-MN2_2018-2024.nc,Wind,0.0,4.6,ERA-Interim,mild
met_insituHT_US-MN2_2018-2024.nc,Qair,0.0,0.5,ERA-Interim,mild
met_insituHT_US-MN2_2018-2024.nc,RH,0.0,0.5,ERA-Interim,mild
met_insituHT_US-MN2_2018-2024.nc,CO2air,0.0,8.0,observed,mild
met_insituHT_US-MN3_2021-2024.nc,Tair,0.0,0.8,ERA-Interim,mild
met_insituHT_US-MN3_2021-2024.nc,SWdown,0.0,2.2,ERA-Interim,mild
met_insituHT_US-MN3_2021-2024.nc,LWdown,0.0,1.5,ERA-Interim,mild
met_insituHT_US-MN3_2021-2024.nc,VPD,0.0,0.9,ERA-Interim,mild
met_insituHT_US-MN3_2021-2024.nc,PSurf,0.0,0.1,ERA-Interim,mild
met_insituHT_US-MN3_2021-2024.nc,Rainf,0.0,0.1,ERA-Interim,mild
met_insituHT_US-MN3_2021-2024.nc,Wind,0.0,1.2,ERA-Interim,mild
met_insituHT_US-MN3_2021-2024.nc,Qair,0.0,0.9,ERA-Interim,mild
met_insituHT_US-MN3_2021-2024.nc,RH,0.0,0.9,ERA-Interim,mild
met_insituHT_US-MN3_2021-2024.nc,CO2air,0.0,6.1,observed,mild
met_insituHT_US-MOz_2005-2021.nc,Tair,0.0,2.3,ERA-Interim,mild
met_insituHT_US-MOz_2005-2021.nc,SWdown,0.0,6.0,ERA-Interim,mild
met_insituHT_US-MOz_2005-2021.nc,LWdown,0.0,6.1,ERA-Interim,mild
met_insituHT_US-MOz_2005-2021.nc,VPD,0.0,2.3,ERA-Interim,mild
met_insituHT_US-MOz_2005-2021.nc,PSurf,0.0,0.3,ERA-Interim,mild
met_insituHT_US-MOz_2005-2021.nc,Rainf,0.0,3.9,ERA-Interim,mild
met_insituHT_US-MOz_2005-2021.nc,Wind,0.0,2.0,ERA-Interim,mild
met_insituHT_US-MOz_2005-2021.nc,Qair,0.0,2.3,ERA-Interim,mild
met_insituHT_US-MOz_2005-2021.nc,RH,0.0,2.2,ERA-Interim,mild
met_insituHT_US-MOz_2005-2021.nc,CO2air,0.0,3.9,observed,mild
met_insituHT_US-MZA_2024-2025.nc,Tair,0.0,72.3,ERA-Interim,complete
met_insituHT_US-MZA_2024-2025.nc,SWdown,0.0,71.6,ERA-Interim,complete
met_insituHT_US-MZA_2024-2025.nc,LWdown,0.0,100.0,ERA-Interim,complete
met_insituHT_US-MZA_2024-2025.nc,VPD,0.0,72.3,ERA-Interim,complete
met_insituHT_US-MZA_2024-2025.nc,PSurf,0.0,89.5,ERA-Interim,complete
met_insituHT_US-MZA_2024-2025.nc,Rainf,0.0,72.2,ERA-Interim,complete
met_insituHT_US-MZA_2024-2025.nc,Wind,0.0,72.4,ERA-Interim,complete
met_insituHT_US-MZA_2024-2025.nc,Qair,0.0,72.3,ERA-Interim,complete
met_insituHT_US-MZA_2024-2025.nc,RH,0.0,72.2,ERA-Interim,complete
met_insituHT_US-MZA_2024-2025.nc,CO2air,0.0,74.3,observed,complete
met_insituHT_US-Me1_2004-2005.nc,Tair,0.0,63.2,ERA-Interim,complete
met_insituHT_US-Me1_2004-2005.nc,SWdown,0.0,54.3,ERA-Interim,complete
met_insituHT_US-Me1_2004-2005.nc,LWdown,0.0,100.0,ERA-Interim,complete
met_insituHT_US-Me1_2004-2005.nc,VPD,0.0,63.2,ERA-Interim,complete
met_insituHT_US-Me1_2004-2005.nc,PSurf,0.0,50.1,ERA-Interim,complete
met_insituHT_US-Me1_2004-2005.nc,Rainf,0.0,60.3,ERA-Interim,complete
met_insituHT_US-Me1_2004-2005.nc,Wind,0.0,59.4,ERA-Interim,complete
met_insituHT_US-Me1_2004-2005.nc,Qair,0.0,63.2,ERA-Interim,complete
met_insituHT_US-Me1_2004-2005.nc,RH,0.0,63.2,ERA-Interim,complete
met_insituHT_US-Me1_2004-2005.nc,CO2air,0.0,64.8,observed,complete
met_insituHT_US-Me3_2004-2008.nc,Tair,0.0,15.7,ERA-Interim,medium
met_insituHT_US-Me3_2004-2008.nc,SWdown,0.0,15.3,ERA-Interim,medium
met_insituHT_US-Me3_2004-2008.nc,LWdown,0.0,100.0,ERA-Interim,complete
met_insituHT_US-Me3_2004-2008.nc,VPD,0.0,17.9,ERA-Interim,medium
met_insituHT_US-Me3_2004-2008.nc,PSurf,0.0,1.5,ERA-Interim,mild
met_insituHT_US-Me3_2004-2008.nc,Rainf,0.0,15.2,ERA-Interim,medium
met_insituHT_US-Me3_2004-2008.nc,Wind,0.0,16.0,ERA-Interim,medium
met_insituHT_US-Me3_2004-2008.nc,Qair,0.0,17.9,ERA-Interim,medium
met_insituHT_US-Me3_2004-2008.nc,RH,0.0,17.8,ERA-Interim,medium
met_insituHT_US-Me3_2004-2008.nc,CO2air,0.0,35.2,observed,heavy
met_insituHT_US-Me5_2001-2002.nc,Tair,0.0,0.0,observed,mild
met_insituHT_US-Me5_2001-2002.nc,SWdown,0.0,1.2,observed,mild
met_insituHT_US-Me5_2001-2002.nc,LWdown,0.0,100.0,ERA-Interim,complete
met_insituHT_US-Me5_2001-2002.nc,VPD,0.0,0.0,observed,mild
met_insituHT_US-Me5_2001-2002.nc,PSurf,0.0,5.3,ERA-Interim,mild
met_insituHT_US-Me5_2001-2002.nc,Rainf,0.0,0.0,ERA-Interim,mild
met_insituHT_US-Me5_2001-2002.nc,Wind,0.0,0.0,ERA-Interim,mild
met_insituHT_US-Me5_2001-2002.nc,Qair,0.0,0.0,observed,mild
met_insituHT_US-Me5_2001-2002.nc,RH,0.0,0.0,ERA-Interim,mild
met_insituHT_US-Me5_2001-2002.nc,CO2air,0.0,33.2,observed,heavy
met_insituHT_US-Me6_2011-2025.nc,Tair,0.0,5.9,ERA-Interim,mild
met_insituHT_US-Me6_2011-2025.nc,SWdown,0.0,5.5,ERA-Interim,mild
met_insituHT_US-Me6_2011-2025.nc,LWdown,0.0,11.5,ERA-Interim,medium
met_insituHT_US-Me6_2011-2025.nc,VPD,0.0,10.3,ERA-Interim,medium
met_insituHT_US-Me6_2011-2025.nc,PSurf,0.0,14.5,ERA-Interim,medium
met_insituHT_US-Me6_2011-2025.nc,Rainf,0.0,2.7,ERA-Interim,mild
met_insituHT_US-Me6_2011-2025.nc,Wind,0.0,14.0,ERA-Interim,medium
met_insituHT_US-Me6_2011-2025.nc,Qair,0.0,10.3,ERA-Interim,medium
met_insituHT_US-Me6_2011-2025.nc,RH,0.0,10.3,ERA-Interim,medium
met_insituHT_US-Me6_2011-2025.nc,CO2air,0.0,18.5,observed,medium
met_insituHT_US-Me7_2023-2023.nc,Tair,0.0,4.9,ERA-Interim,mild
met_insituHT_US-Me7_2023-2023.nc,SWdown,0.0,4.4,ERA-Interim,mild
met_insituHT_US-Me7_2023-2023.nc,LWdown,0.0,4.9,ERA-Interim,mild
met_insituHT_US-Me7_2023-2023.nc,VPD,0.0,4.9,ERA-Interim,mild
met_insituHT_US-Me7_2023-2023.nc,PSurf,0.0,5.1,ERA-Interim,mild
met_insituHT_US-Me7_2023-2023.nc,Rainf,0.0,100.0,ERA-Interim,complete
met_insituHT_US-Me7_2023-2023.nc,Wind,0.0,4.8,ERA-Interim,mild
met_insituHT_US-Me7_2023-2023.nc,Qair,0.0,4.9,ERA-Interim,mild
met_insituHT_US-Me7_2023-2023.nc,RH,0.0,4.9,ERA-Interim,mild
met_insituHT_US-Me7_2023-2023.nc,CO2air,0.0,5.0,observed,mild
met_insituHT_US-Mo1_2016-2024.nc,Tair,0.0,3.8,ERA-Interim,mild
met_insituHT_US-Mo1_2016-2024.nc,SWdown,0.0,3.6,ERA-Interim,mild
met_insituHT_US-Mo1_2016-2024.nc,LWdown,0.0,3.8,ERA-Interim,mild
met_insituHT_US-Mo1_2016-2024.nc,VPD,0.0,5.7,ERA-Interim,mild
met_insituHT_US-Mo1_2016-2024.nc,PSurf,0.0,3.9,ERA-Interim,mild
met_insituHT_US-Mo1_2016-2024.nc,Rainf,0.0,3.3,ERA-Interim,mild
met_insituHT_US-Mo1_2016-2024.nc,Wind,0.0,4.4,ERA-Interim,mild
met_insituHT_US-Mo1_2016-2024.nc,Qair,0.0,5.7,ERA-Interim,mild
met_insituHT_US-Mo1_2016-2024.nc,RH,0.0,5.7,ERA-Interim,mild
met_insituHT_US-Mo1_2016-2024.nc,CO2air,0.0,12.2,observed,medium
met_insituHT_US-Mo2_2018-2024.nc,Tair,0.0,7.5,observed,mild
met_insituHT_US-Mo2_2018-2024.nc,SWdown,0.0,4.6,observed,mild
met_insituHT_US-Mo2_2018-2024.nc,LWdown,0.0,4.9,observed,mild
met_insituHT_US-Mo2_2018-2024.nc,VPD,0.0,7.5,observed,mild
met_insituHT_US-Mo2_2018-2024.nc,PSurf,0.0,5.0,ERA-Interim,mild
met_insituHT_US-Mo2_2018-2024.nc,Rainf,0.0,70.5,ERA-Interim,complete
met_insituHT_US-Mo2_2018-2024.nc,Wind,0.0,6.1,ERA-Interim,mild
met_insituHT_US-Mo2_2018-2024.nc,Qair,0.0,7.5,observed,mild
met_insituHT_US-Mo2_2018-2024.nc,RH,0.0,7.5,ERA-Interim,mild
met_insituHT_US-Mo2_2018-2024.nc,CO2air,0.0,22.2,observed,medium
met_insituHT_US-Mo3_2017-2023.nc,Tair,0.0,3.5,ERA-Interim,mild
met_insituHT_US-Mo3_2017-2023.nc,SWdown,0.0,3.0,ERA-Interim,mild
met_insituHT_US-Mo3_2017-2023.nc,LWdown,0.0,3.7,ERA-Interim,mild
met_insituHT_US-Mo3_2017-2023.nc,VPD,0.0,3.5,ERA-Interim,mild
met_insituHT_US-Mo3_2017-2023.nc,PSurf,0.0,3.5,ERA-Interim,mild
met_insituHT_US-Mo3_2017-2023.nc,Rainf,0.0,2.8,ERA-Interim,mild
met_insituHT_US-Mo3_2017-2023.nc,Wind,0.0,4.2,ERA-Interim,mild
met_insituHT_US-Mo3_2017-2023.nc,Qair,0.0,3.5,ERA-Interim,mild
met_insituHT_US-Mo3_2017-2023.nc,RH,0.0,3.5,ERA-Interim,mild
met_insituHT_US-Mo3_2017-2023.nc,CO2air,0.0,11.1,observed,medium
met_insituHT_US-Mpj_2008-2025.nc,Tair,0.0,3.5,observed,mild
met_insituHT_US-Mpj_2008-2025.nc,SWdown,0.0,1.8,ERA-Interim,mild
met_insituHT_US-Mpj_2008-2025.nc,LWdown,0.0,3.8,ERA-Interim,mild
met_insituHT_US-Mpj_2008-2025.nc,VPD,0.0,3.7,observed,mild
met_insituHT_US-Mpj_2008-2025.nc,PSurf,0.0,1.7,ERA-Interim,mild
met_insituHT_US-Mpj_2008-2025.nc,Rainf,0.0,1.2,ERA-Interim,mild
met_insituHT_US-Mpj_2008-2025.nc,Wind,0.0,2.5,ERA-Interim,mild
met_insituHT_US-Mpj_2008-2025.nc,Qair,0.0,3.7,observed,mild
met_insituHT_US-Mpj_2008-2025.nc,RH,0.0,1.3,ERA-Interim,mild
met_insituHT_US-Mpj_2008-2025.nc,CO2air,0.0,10.3,observed,medium
met_insituHT_US-MtB_2010-2024.nc,Tair,0.0,3.9,ERA-Interim,mild
met_insituHT_US-MtB_2010-2024.nc,SWdown,0.0,13.0,ERA-Interim,medium
met_insituHT_US-MtB_2010-2024.nc,LWdown,0.0,19.8,ERA-Interim,medium
met_insituHT_US-MtB_2010-2024.nc,VPD,0.0,17.4,ERA-Interim,medium
met_insituHT_US-MtB_2010-2024.nc,PSurf,0.0,12.5,ERA-Interim,medium
met_insituHT_US-MtB_2010-2024.nc,Rainf,0.0,0.5,ERA-Interim,mild
met_insituHT_US-MtB_2010-2024.nc,Wind,0.0,13.5,ERA-Interim,medium
met_insituHT_US-MtB_2010-2024.nc,Qair,0.0,17.4,ERA-Interim,medium
met_insituHT_US-MtB_2010-2024.nc,RH,0.0,16.9,ERA-Interim,medium
met_insituHT_US-MtB_2010-2024.nc,CO2air,0.0,31.7,observed,heavy
met_insituHT_US-Myb_2011-2024.nc,Tair,0.0,2.7,ERA-Interim,mild
met_insituHT_US-Myb_2011-2024.nc,SWdown,0.0,2.6,ERA-Interim,mild
met_insituHT_US-Myb_2011-2024.nc,LWdown,0.0,46.0,ERA-Interim,heavy
met_insituHT_US-Myb_2011-2024.nc,VPD,0.0,2.8,ERA-Interim,mild
met_insituHT_US-Myb_2011-2024.nc,PSurf,0.0,2.0,ERA-Interim,mild
met_insituHT_US-Myb_2011-2024.nc,Rainf,0.0,35.0,ERA-Interim,heavy
met_insituHT_US-Myb_2011-2024.nc,Wind,0.0,3.8,ERA-Interim,mild
met_insituHT_US-Myb_2011-2024.nc,Qair,0.0,2.8,ERA-Interim,mild
met_insituHT_US-Myb_2011-2024.nc,RH,0.0,2.6,ERA-Interim,mild
met_insituHT_US-Myb_2011-2024.nc,CO2air,0.0,13.9,observed,medium
met_insituHT_US-NC1_2005-2012.nc,Tair,0.0,5.2,observed,mild
met_insituHT_US-NC1_2005-2012.nc,SWdown,0.0,1.2,observed,mild
met_insituHT_US-NC1_2005-2012.nc,LWdown,0.0,3.9,observed,mild
met_insituHT_US-NC1_2005-2012.nc,VPD,0.0,6.3,observed,mild
met_insituHT_US-NC1_2005-2012.nc,PSurf,0.0,8.3,ERA-Interim,mild
met_insituHT_US-NC1_2005-2012.nc,Rainf,0.0,1.2,ERA-Interim,mild
met_insituHT_US-NC1_2005-2012.nc,Wind,0.0,9.6,ERA-Interim,mild
met_insituHT_US-NC1_2005-2012.nc,Qair,0.0,6.3,observed,mild
met_insituHT_US-NC1_2005-2012.nc,RH,0.0,5.9,ERA-Interim,mild
met_insituHT_US-NC1_2005-2012.nc,CO2air,0.0,29.2,observed,heavy
met_insituHT_US-NC2_2005-2025.nc,Tair,0.0,11.2,observed,medium
met_insituHT_US-NC2_2005-2025.nc,SWdown,0.0,8.7,observed,mild
met_insituHT_US-NC2_2005-2025.nc,LWdown,0.0,9.9,observed,mild
met_insituHT_US-NC2_2005-2025.nc,VPD,0.0,13.1,observed,medium
met_insituHT_US-NC2_2005-2025.nc,PSurf,0.0,27.8,ERA-Interim,heavy
met_insituHT_US-NC2_2005-2025.nc,Rainf,0.0,13.8,ERA-Interim,medium
met_insituHT_US-NC2_2005-2025.nc,Wind,0.0,18.1,ERA-Interim,medium
met_insituHT_US-NC2_2005-2025.nc,Qair,0.0,13.1,observed,medium
met_insituHT_US-NC2_2005-2025.nc,RH,0.0,12.6,ERA-Interim,medium
met_insituHT_US-NC2_2005-2025.nc,CO2air,0.0,30.5,observed,heavy
met_insituHT_US-NC3_2014-2020.nc,Tair,0.0,6.2,ERA-Interim,mild
met_insituHT_US-NC3_2014-2020.nc,SWdown,0.0,4.2,ERA-Interim,mild
met_insituHT_US-NC3_2014-2020.nc,LWdown,0.0,20.9,ERA-Interim,medium
met_insituHT_US-NC3_2014-2020.nc,VPD,0.0,6.2,ERA-Interim,mild
met_insituHT_US-NC3_2014-2020.nc,PSurf,0.0,57.2,ERA-Interim,complete
met_insituHT_US-NC3_2014-2020.nc,Rainf,0.0,5.5,ERA-Interim,mild
met_insituHT_US-NC3_2014-2020.nc,Wind,0.0,23.1,ERA-Interim,medium
met_insituHT_US-NC3_2014-2020.nc,Qair,0.0,6.2,ERA-Interim,mild
met_insituHT_US-NC3_2014-2020.nc,RH,0.0,5.5,ERA-Interim,mild
met_insituHT_US-NC3_2014-2020.nc,CO2air,0.0,28.6,observed,heavy
met_insituHT_US-NC4_2010-2025.nc,Tair,0.0,31.7,ERA-Interim,heavy
met_insituHT_US-NC4_2010-2025.nc,SWdown,0.0,28.4,ERA-Interim,heavy
met_insituHT_US-NC4_2010-2025.nc,LWdown,0.0,59.9,ERA-Interim,complete
met_insituHT_US-NC4_2010-2025.nc,VPD,0.0,31.7,ERA-Interim,heavy
met_insituHT_US-NC4_2010-2025.nc,PSurf,0.0,43.9,ERA-Interim,heavy
met_insituHT_US-NC4_2010-2025.nc,Rainf,0.0,32.4,ERA-Interim,heavy
met_insituHT_US-NC4_2010-2025.nc,Wind,0.0,41.0,ERA-Interim,heavy
met_insituHT_US-NC4_2010-2025.nc,Qair,0.0,31.7,ERA-Interim,heavy
met_insituHT_US-NC4_2010-2025.nc,RH,0.0,29.7,ERA-Interim,heavy
met_insituHT_US-NC4_2010-2025.nc,CO2air,0.0,42.8,observed,heavy
met_insituHT_US-NC5_2025-2025.nc,Tair,0.0,37.8,ERA-Interim,heavy
met_insituHT_US-NC5_2025-2025.nc,SWdown,0.0,38.4,ERA-Interim,heavy
met_insituHT_US-NC5_2025-2025.nc,LWdown,0.0,37.8,ERA-Interim,heavy
met_insituHT_US-NC5_2025-2025.nc,VPD,0.0,37.8,ERA-Interim,heavy
met_insituHT_US-NC5_2025-2025.nc,PSurf,0.0,53.5,ERA-Interim,complete
met_insituHT_US-NC5_2025-2025.nc,Rainf,0.0,37.8,ERA-Interim,heavy
met_insituHT_US-NC5_2025-2025.nc,Wind,0.0,53.5,ERA-Interim,complete
met_insituHT_US-NC5_2025-2025.nc,Qair,0.0,37.8,ERA-Interim,heavy
met_insituHT_US-NC5_2025-2025.nc,RH,0.0,37.8,ERA-Interim,heavy
met_insituHT_US-NC5_2025-2025.nc,CO2air,0.0,54.4,observed,complete
met_insituHT_US-NGB_2013-2022.nc,Tair,0.0,44.3,ERA-Interim,heavy
met_insituHT_US-NGB_2013-2022.nc,SWdown,0.0,43.9,ERA-Interim,heavy
met_insituHT_US-NGB_2013-2022.nc,LWdown,0.0,44.2,ERA-Interim,heavy
met_insituHT_US-NGB_2013-2022.nc,VPD,0.0,44.4,ERA-Interim,heavy
met_insituHT_US-NGB_2013-2022.nc,PSurf,0.0,44.2,ERA-Interim,heavy
met_insituHT_US-NGB_2013-2022.nc,Rainf,0.0,100.0,ERA-Interim,complete
met_insituHT_US-NGB_2013-2022.nc,Wind,0.0,63.8,ERA-Interim,complete
met_insituHT_US-NGB_2013-2022.nc,Qair,0.0,44.4,ERA-Interim,heavy
met_insituHT_US-NGB_2013-2022.nc,RH,0.0,44.4,ERA-Interim,heavy
met_insituHT_US-NGB_2013-2022.nc,CO2air,0.0,69.7,observed,complete
met_insituHT_US-NGC_2018-2022.nc,Tair,0.0,31.7,ERA-Interim,heavy
met_insituHT_US-NGC_2018-2022.nc,SWdown,0.0,30.2,ERA-Interim,heavy
met_insituHT_US-NGC_2018-2022.nc,LWdown,0.0,31.7,ERA-Interim,heavy
met_insituHT_US-NGC_2018-2022.nc,VPD,0.0,60.2,ERA-Interim,complete
met_insituHT_US-NGC_2018-2022.nc,PSurf,0.0,50.4,ERA-Interim,complete
met_insituHT_US-NGC_2018-2022.nc,Rainf,0.0,100.0,ERA-Interim,complete
met_insituHT_US-NGC_2018-2022.nc,Wind,0.0,50.4,ERA-Interim,complete
met_insituHT_US-NGC_2018-2022.nc,Qair,0.0,60.2,ERA-Interim,complete
met_insituHT_US-NGC_2018-2022.nc,RH,0.0,59.4,ERA-Interim,complete
met_insituHT_US-NGC_2018-2022.nc,CO2air,0.0,55.9,observed,complete
met_insituHT_US-NR1_2004-2015.nc,Tair,0.0,0.5,ERA-Interim,mild
met_insituHT_US-NR1_2004-2015.nc,SWdown,0.0,0.6,ERA-Interim,mild
met_insituHT_US-NR1_2004-2015.nc,LWdown,0.0,17.1,ERA-Interim,medium
met_insituHT_US-NR1_2004-2015.nc,VPD,0.0,3.4,ERA-Interim,mild
met_insituHT_US-NR1_2004-2015.nc,PSurf,0.0,34.4,ERA-Interim,heavy
met_insituHT_US-NR1_2004-2015.nc,Rainf,0.0,44.5,ERA-Interim,heavy
met_insituHT_US-NR1_2004-2015.nc,Wind,0.0,1.1,ERA-Interim,mild
met_insituHT_US-NR1_2004-2015.nc,Qair,0.0,3.4,ERA-Interim,mild
met_insituHT_US-NR1_2004-2015.nc,RH,0.0,3.2,ERA-Interim,mild
met_insituHT_US-NR1_2004-2015.nc,CO2air,0.0,38.5,observed,heavy
met_insituHT_US-NR3_2008-2023.nc,Tair,0.0,47.5,ERA-Interim,heavy
met_insituHT_US-NR3_2008-2023.nc,SWdown,0.0,44.8,ERA-Interim,heavy
met_insituHT_US-NR3_2008-2023.nc,LWdown,0.0,100.0,ERA-Interim,complete
met_insituHT_US-NR3_2008-2023.nc,VPD,0.0,48.3,ERA-Interim,heavy
met_insituHT_US-NR3_2008-2023.nc,PSurf,0.0,100.0,ERA-Interim,complete
met_insituHT_US-NR3_2008-2023.nc,Rainf,0.0,100.0,ERA-Interim,complete
met_insituHT_US-NR3_2008-2023.nc,Wind,0.0,38.1,ERA-Interim,heavy
met_insituHT_US-NR3_2008-2023.nc,Qair,0.0,48.3,ERA-Interim,heavy
met_insituHT_US-NR3_2008-2023.nc,RH,0.0,43.9,ERA-Interim,heavy
met_insituHT_US-NR3_2008-2023.nc,CO2air,0.0,52.9,observed,complete
met_insituHT_US-NSa_2024-2024.nc,Tair,0.0,30.0,ERA-Interim,heavy
met_insituHT_US-NSa_2024-2024.nc,SWdown,0.0,21.8,ERA-Interim,medium
met_insituHT_US-NSa_2024-2024.nc,LWdown,0.0,100.0,ERA-Interim,complete
met_insituHT_US-NSa_2024-2024.nc,VPD,0.0,30.0,ERA-Interim,heavy
met_insituHT_US-NSa_2024-2024.nc,PSurf,0.0,30.0,ERA-Interim,heavy
met_insituHT_US-NSa_2024-2024.nc,Rainf,0.0,100.0,ERA-Interim,complete
met_insituHT_US-NSa_2024-2024.nc,Wind,0.0,30.0,ERA-Interim,heavy
met_insituHT_US-NSa_2024-2024.nc,Qair,0.0,30.0,ERA-Interim,heavy
met_insituHT_US-NSa_2024-2024.nc,RH,0.0,30.0,ERA-Interim,heavy
met_insituHT_US-NSa_2024-2024.nc,CO2air,0.0,30.0,observed,heavy
met_insituHT_US-NSb_2024-2024.nc,Tair,0.0,34.9,ERA-Interim,heavy
met_insituHT_US-NSb_2024-2024.nc,SWdown,0.0,29.8,ERA-Interim,heavy
met_insituHT_US-NSb_2024-2024.nc,LWdown,0.0,34.9,ERA-Interim,heavy
met_insituHT_US-NSb_2024-2024.nc,VPD,0.0,34.9,ERA-Interim,heavy
met_insituHT_US-NSb_2024-2024.nc,PSurf,0.0,34.9,ERA-Interim,heavy
met_insituHT_US-NSb_2024-2024.nc,Rainf,0.0,100.0,ERA-Interim,complete
met_insituHT_US-NSb_2024-2024.nc,Wind,0.0,34.9,ERA-Interim,heavy
met_insituHT_US-NSb_2024-2024.nc,Qair,0.0,34.9,ERA-Interim,heavy
met_insituHT_US-NSb_2024-2024.nc,RH,0.0,34.9,ERA-Interim,heavy
met_insituHT_US-NSb_2024-2024.nc,CO2air,0.0,34.9,observed,heavy
met_insituHT_US-Ne1_2002-2024.nc,Tair,0.0,0.3,ERA-Interim,mild
met_insituHT_US-Ne1_2002-2024.nc,SWdown,0.0,2.2,ERA-Interim,mild
met_insituHT_US-Ne1_2002-2024.nc,LWdown,0.0,0.8,ERA-Interim,mild
met_insituHT_US-Ne1_2002-2024.nc,VPD,0.0,0.3,ERA-Interim,mild
met_insituHT_US-Ne1_2002-2024.nc,PSurf,0.0,1.2,ERA-Interim,mild
met_insituHT_US-Ne1_2002-2024.nc,Rainf,0.0,100.0,ERA-Interim,complete
met_insituHT_US-Ne1_2002-2024.nc,Wind,0.0,70.3,ERA-Interim,complete
met_insituHT_US-Ne1_2002-2024.nc,Qair,0.0,0.3,ERA-Interim,mild
met_insituHT_US-Ne1_2002-2024.nc,RH,0.0,0.3,ERA-Interim,mild
met_insituHT_US-Ne1_2002-2024.nc,CO2air,0.0,2.7,observed,mild
met_insituHT_US-Ne2_2003-2024.nc,Tair,0.0,0.5,ERA-Interim,mild
met_insituHT_US-Ne2_2003-2024.nc,SWdown,0.0,2.3,ERA-Interim,mild
met_insituHT_US-Ne2_2003-2024.nc,LWdown,0.0,1.0,ERA-Interim,mild
met_insituHT_US-Ne2_2003-2024.nc,VPD,0.0,0.6,ERA-Interim,mild
met_insituHT_US-Ne2_2003-2024.nc,PSurf,0.0,1.3,ERA-Interim,mild
met_insituHT_US-Ne2_2003-2024.nc,Rainf,0.0,100.0,ERA-Interim,complete
met_insituHT_US-Ne2_2003-2024.nc,Wind,0.0,80.1,ERA-Interim,complete
met_insituHT_US-Ne2_2003-2024.nc,Qair,0.0,0.6,ERA-Interim,mild
met_insituHT_US-Ne2_2003-2024.nc,RH,0.0,0.5,ERA-Interim,mild
met_insituHT_US-Ne2_2003-2024.nc,CO2air,0.0,7.5,observed,mild
met_insituHT_US-Ne3_2002-2024.nc,Tair,0.0,0.4,ERA-Interim,mild
met_insituHT_US-Ne3_2002-2024.nc,SWdown,0.0,1.6,ERA-Interim,mild
met_insituHT_US-Ne3_2002-2024.nc,LWdown,0.0,0.8,ERA-Interim,mild
met_insituHT_US-Ne3_2002-2024.nc,VPD,0.0,0.5,ERA-Interim,mild
met_insituHT_US-Ne3_2002-2024.nc,PSurf,0.0,1.7,ERA-Interim,mild
met_insituHT_US-Ne3_2002-2024.nc,Rainf,0.0,100.0,ERA-Interim,complete
met_insituHT_US-Ne3_2002-2024.nc,Wind,0.0,83.4,ERA-Interim,complete
met_insituHT_US-Ne3_2002-2024.nc,Qair,0.0,0.5,ERA-Interim,mild
met_insituHT_US-Ne3_2002-2024.nc,RH,0.0,0.4,ERA-Interim,mild
met_insituHT_US-Ne3_2002-2024.nc,CO2air,0.0,2.5,observed,mild
met_insituHT_US-ONA_2017-2022.nc,Tair,0.0,11.9,ERA-Interim,medium
met_insituHT_US-ONA_2017-2022.nc,SWdown,0.0,5.1,observed,mild
met_insituHT_US-ONA_2017-2022.nc,LWdown,0.0,7.7,observed,mild
met_insituHT_US-ONA_2017-2022.nc,VPD,0.0,13.0,ERA-Interim,medium
met_insituHT_US-ONA_2017-2022.nc,PSurf,0.0,13.2,ERA-Interim,medium
met_insituHT_US-ONA_2017-2022.nc,Rainf,0.0,2.6,ERA-Interim,mild
met_insituHT_US-ONA_2017-2022.nc,Wind,0.0,13.2,ERA-Interim,medium
met_insituHT_US-ONA_2017-2022.nc,Qair,0.0,13.0,ERA-Interim,medium
met_insituHT_US-ONA_2017-2022.nc,RH,0.0,5.8,ERA-Interim,mild
met_insituHT_US-ONA_2017-2022.nc,CO2air,0.0,18.6,observed,medium
met_insituHT_US-OPE_2022-2022.nc,Tair,0.0,0.6,observed,mild
met_insituHT_US-OPE_2022-2022.nc,SWdown,0.0,0.5,observed,mild
met_insituHT_US-OPE_2022-2022.nc,LWdown,0.0,0.4,observed,mild
met_insituHT_US-OPE_2022-2022.nc,VPD,0.0,0.6,observed,mild
met_insituHT_US-OPE_2022-2022.nc,PSurf,0.0,0.6,ERA-Interim,mild
met_insituHT_US-OPE_2022-2022.nc,Rainf,0.0,0.4,ERA-Interim,mild
met_insituHT_US-OPE_2022-2022.nc,Wind,0.0,2.3,ERA-Interim,mild
met_insituHT_US-OPE_2022-2022.nc,Qair,0.0,0.6,observed,mild
met_insituHT_US-OPE_2022-2022.nc,RH,0.0,0.6,ERA-Interim,mild
met_insituHT_US-OPE_2022-2022.nc,CO2air,0.0,11.5,observed,medium
met_insituHT_US-OWC_2016-2024.nc,Tair,0.0,46.9,ERA-Interim,heavy
met_insituHT_US-OWC_2016-2024.nc,SWdown,0.0,44.5,ERA-Interim,heavy
met_insituHT_US-OWC_2016-2024.nc,LWdown,0.0,67.0,ERA-Interim,complete
met_insituHT_US-OWC_2016-2024.nc,VPD,0.0,48.1,ERA-Interim,heavy
met_insituHT_US-OWC_2016-2024.nc,PSurf,0.0,48.0,ERA-Interim,heavy
met_insituHT_US-OWC_2016-2024.nc,Rainf,0.0,44.2,ERA-Interim,heavy
met_insituHT_US-OWC_2016-2024.nc,Wind,0.0,46.2,ERA-Interim,heavy
met_insituHT_US-OWC_2016-2024.nc,Qair,0.0,48.1,ERA-Interim,heavy
met_insituHT_US-OWC_2016-2024.nc,RH,0.0,46.9,ERA-Interim,heavy
met_insituHT_US-OWC_2016-2024.nc,CO2air,0.0,70.6,observed,complete
met_insituHT_US-Oho_2004-2012.nc,Tair,0.0,8.2,observed,mild
met_insituHT_US-Oho_2004-2012.nc,SWdown,0.0,6.8,observed,mild
met_insituHT_US-Oho_2004-2012.nc,LWdown,0.0,11.3,ERA-Interim,medium
met_insituHT_US-Oho_2004-2012.nc,VPD,0.0,8.7,observed,mild
met_insituHT_US-Oho_2004-2012.nc,PSurf,0.0,28.3,ERA-Interim,heavy
met_insituHT_US-Oho_2004-2012.nc,Rainf,0.0,8.2,ERA-Interim,mild
met_insituHT_US-Oho_2004-2012.nc,Wind,0.0,28.3,ERA-Interim,heavy
met_insituHT_US-Oho_2004-2012.nc,Qair,0.0,8.7,observed,mild
met_insituHT_US-Oho_2004-2012.nc,RH,0.0,8.7,ERA-Interim,mild
met_insituHT_US-Oho_2004-2012.nc,CO2air,0.0,42.5,observed,heavy
met_insituHT_US-PAS_2022-2022.nc,Tair,0.0,1.2,ERA-Interim,mild
met_insituHT_US-PAS_2022-2022.nc,SWdown,0.0,2.5,ERA-Interim,mild
met_insituHT_US-PAS_2022-2022.nc,LWdown,0.0,15.9,ERA-Interim,medium
met_insituHT_US-PAS_2022-2022.nc,VPD,0.0,1.2,ERA-Interim,mild
met_insituHT_US-PAS_2022-2022.nc,PSurf,0.0,20.8,ERA-Interim,medium
met_insituHT_US-PAS_2022-2022.nc,Rainf,0.0,100.0,ERA-Interim,complete
met_insituHT_US-PAS_2022-2022.nc,Wind,0.0,20.8,ERA-Interim,medium
met_insituHT_US-PAS_2022-2022.nc,Qair,0.0,1.2,ERA-Interim,mild
met_insituHT_US-PAS_2022-2022.nc,RH,0.0,1.2,ERA-Interim,mild
met_insituHT_US-PAS_2022-2022.nc,CO2air,0.0,21.4,observed,medium
met_insituHT_US-PFL_2019-2019.nc,Tair,0.0,73.0,ERA-Interim,complete
met_insituHT_US-PFL_2019-2019.nc,SWdown,0.0,82.6,ERA-Interim,complete
met_insituHT_US-PFL_2019-2019.nc,LWdown,0.0,86.5,ERA-Interim,complete
met_insituHT_US-PFL_2019-2019.nc,VPD,0.0,73.0,ERA-Interim,complete
met_insituHT_US-PFL_2019-2019.nc,PSurf,0.0,71.7,ERA-Interim,complete
met_insituHT_US-PFL_2019-2019.nc,Rainf,0.0,100.0,ERA-Interim,complete
met_insituHT_US-PFL_2019-2019.nc,Wind,0.0,70.9,ERA-Interim,complete
met_insituHT_US-PFL_2019-2019.nc,Qair,0.0,73.0,ERA-Interim,complete
met_insituHT_US-PFL_2019-2019.nc,RH,0.0,73.0,ERA-Interim,complete
met_insituHT_US-PFL_2019-2019.nc,CO2air,0.0,74.3,observed,complete
met_insituHT_US-PFb_2019-2019.nc,Tair,0.0,77.7,ERA-Interim,complete
met_insituHT_US-PFb_2019-2019.nc,SWdown,0.0,77.3,ERA-Interim,complete
met_insituHT_US-PFb_2019-2019.nc,LWdown,0.0,81.6,ERA-Interim,complete
met_insituHT_US-PFb_2019-2019.nc,VPD,0.0,77.7,ERA-Interim,complete
met_insituHT_US-PFb_2019-2019.nc,PSurf,0.0,73.5,ERA-Interim,complete
met_insituHT_US-PFb_2019-2019.nc,Rainf,0.0,100.0,ERA-Interim,complete
met_insituHT_US-PFb_2019-2019.nc,Wind,0.0,72.2,ERA-Interim,complete
met_insituHT_US-PFb_2019-2019.nc,Qair,0.0,77.7,ERA-Interim,complete
met_insituHT_US-PFb_2019-2019.nc,RH,0.0,77.7,ERA-Interim,complete
met_insituHT_US-PFb_2019-2019.nc,CO2air,0.0,78.5,observed,complete
met_insituHT_US-PFc_2019-2019.nc,Tair,0.0,72.2,ERA-Interim,complete
met_insituHT_US-PFc_2019-2019.nc,SWdown,0.0,77.9,ERA-Interim,complete
met_insituHT_US-PFc_2019-2019.nc,LWdown,0.0,78.0,ERA-Interim,complete
met_insituHT_US-PFc_2019-2019.nc,VPD,0.0,72.2,ERA-Interim,complete
met_insituHT_US-PFc_2019-2019.nc,PSurf,0.0,72.2,ERA-Interim,complete
met_insituHT_US-PFc_2019-2019.nc,Rainf,0.0,100.0,ERA-Interim,complete
met_insituHT_US-PFc_2019-2019.nc,Wind,0.0,71.2,ERA-Interim,complete
met_insituHT_US-PFc_2019-2019.nc,Qair,0.0,72.2,ERA-Interim,complete
met_insituHT_US-PFc_2019-2019.nc,RH,0.0,72.2,ERA-Interim,complete
met_insituHT_US-PFc_2019-2019.nc,CO2air,0.0,78.5,observed,complete
met_insituHT_US-PFd_2019-2019.nc,Tair,0.0,68.4,ERA-Interim,complete
met_insituHT_US-PFd_2019-2019.nc,SWdown,0.0,75.4,ERA-Interim,complete
met_insituHT_US-PFd_2019-2019.nc,LWdown,0.0,75.6,ERA-Interim,complete
met_insituHT_US-PFd_2019-2019.nc,VPD,0.0,68.4,ERA-Interim,complete
met_insituHT_US-PFd_2019-2019.nc,PSurf,0.0,68.4,ERA-Interim,complete
met_insituHT_US-PFd_2019-2019.nc,Rainf,0.0,100.0,ERA-Interim,complete
met_insituHT_US-PFd_2019-2019.nc,Wind,0.0,68.3,ERA-Interim,complete
met_insituHT_US-PFd_2019-2019.nc,Qair,0.0,68.4,ERA-Interim,complete
met_insituHT_US-PFd_2019-2019.nc,RH,0.0,68.4,ERA-Interim,complete
met_insituHT_US-PFd_2019-2019.nc,CO2air,0.0,78.9,observed,complete
met_insituHT_US-PFf_2019-2019.nc,Tair,0.0,68.5,ERA-Interim,complete
met_insituHT_US-PFf_2019-2019.nc,SWdown,0.0,68.8,ERA-Interim,complete
met_insituHT_US-PFf_2019-2019.nc,LWdown,0.0,68.5,ERA-Interim,complete
met_insituHT_US-PFf_2019-2019.nc,VPD,0.0,68.5,ERA-Interim,complete
met_insituHT_US-PFf_2019-2019.nc,PSurf,0.0,68.6,ERA-Interim,complete
met_insituHT_US-PFf_2019-2019.nc,Rainf,0.0,100.0,ERA-Interim,complete
met_insituHT_US-PFf_2019-2019.nc,Wind,0.0,68.6,ERA-Interim,complete
met_insituHT_US-PFf_2019-2019.nc,Qair,0.0,68.5,ERA-Interim,complete
met_insituHT_US-PFf_2019-2019.nc,RH,0.0,68.5,ERA-Interim,complete
met_insituHT_US-PFf_2019-2019.nc,CO2air,0.0,74.2,observed,complete
met_insituHT_US-PFg_2019-2019.nc,Tair,0.0,77.6,ERA-Interim,complete
met_insituHT_US-PFg_2019-2019.nc,SWdown,0.0,79.6,ERA-Interim,complete
met_insituHT_US-PFg_2019-2019.nc,LWdown,0.0,83.6,ERA-Interim,complete
met_insituHT_US-PFg_2019-2019.nc,VPD,0.0,77.7,ERA-Interim,complete
met_insituHT_US-PFg_2019-2019.nc,PSurf,0.0,77.4,ERA-Interim,complete
met_insituHT_US-PFg_2019-2019.nc,Rainf,0.0,100.0,ERA-Interim,complete
met_insituHT_US-PFg_2019-2019.nc,Wind,0.0,77.2,ERA-Interim,complete
met_insituHT_US-PFg_2019-2019.nc,Qair,0.0,77.7,ERA-Interim,complete
met_insituHT_US-PFg_2019-2019.nc,RH,0.0,77.7,ERA-Interim,complete
met_insituHT_US-PFg_2019-2019.nc,CO2air,0.0,81.1,observed,complete
met_insituHT_US-PFh_2019-2019.nc,Tair,0.0,74.0,ERA-Interim,complete
met_insituHT_US-PFh_2019-2019.nc,SWdown,0.0,76.7,ERA-Interim,complete
met_insituHT_US-PFh_2019-2019.nc,LWdown,0.0,80.7,ERA-Interim,complete
met_insituHT_US-PFh_2019-2019.nc,VPD,0.0,74.1,ERA-Interim,complete
met_insituHT_US-PFh_2019-2019.nc,PSurf,0.0,73.8,ERA-Interim,complete
met_insituHT_US-PFh_2019-2019.nc,Rainf,0.0,100.0,ERA-Interim,complete
met_insituHT_US-PFh_2019-2019.nc,Wind,0.0,73.7,ERA-Interim,complete
met_insituHT_US-PFh_2019-2019.nc,Qair,0.0,74.1,ERA-Interim,complete
met_insituHT_US-PFh_2019-2019.nc,RH,0.0,74.1,ERA-Interim,complete
met_insituHT_US-PFh_2019-2019.nc,CO2air,0.0,75.8,observed,complete
met_insituHT_US-PFi_2019-2019.nc,Tair,0.0,72.7,ERA-Interim,complete
met_insituHT_US-PFi_2019-2019.nc,SWdown,0.0,80.0,ERA-Interim,complete
met_insituHT_US-PFi_2019-2019.nc,LWdown,0.0,83.4,ERA-Interim,complete
met_insituHT_US-PFi_2019-2019.nc,VPD,0.0,73.5,ERA-Interim,complete
met_insituHT_US-PFi_2019-2019.nc,PSurf,0.0,76.4,ERA-Interim,complete
met_insituHT_US-PFi_2019-2019.nc,Rainf,0.0,100.0,ERA-Interim,complete
met_insituHT_US-PFi_2019-2019.nc,Wind,0.0,77.3,ERA-Interim,complete
met_insituHT_US-PFi_2019-2019.nc,Qair,0.0,73.5,ERA-Interim,complete
met_insituHT_US-PFi_2019-2019.nc,RH,0.0,73.5,ERA-Interim,complete
met_insituHT_US-PFi_2019-2019.nc,CO2air,0.0,82.2,observed,complete
met_insituHT_US-PFj_2019-2019.nc,Tair,0.0,74.2,ERA-Interim,complete
met_insituHT_US-PFj_2019-2019.nc,SWdown,0.0,75.9,ERA-Interim,complete
met_insituHT_US-PFj_2019-2019.nc,LWdown,0.0,79.7,ERA-Interim,complete
met_insituHT_US-PFj_2019-2019.nc,VPD,0.0,74.2,ERA-Interim,complete
met_insituHT_US-PFj_2019-2019.nc,PSurf,0.0,73.1,ERA-Interim,complete
met_insituHT_US-PFj_2019-2019.nc,Rainf,0.0,100.0,ERA-Interim,complete
met_insituHT_US-PFj_2019-2019.nc,Wind,0.0,72.8,ERA-Interim,complete
met_insituHT_US-PFj_2019-2019.nc,Qair,0.0,74.2,ERA-Interim,complete
met_insituHT_US-PFj_2019-2019.nc,RH,0.0,74.2,ERA-Interim,complete
met_insituHT_US-PFj_2019-2019.nc,CO2air,0.0,75.4,observed,complete
met_insituHT_US-PFk_2019-2019.nc,Tair,0.0,74.2,ERA-Interim,complete
met_insituHT_US-PFk_2019-2019.nc,SWdown,0.0,76.9,ERA-Interim,complete
met_insituHT_US-PFk_2019-2019.nc,LWdown,0.0,81.0,ERA-Interim,complete
met_insituHT_US-PFk_2019-2019.nc,VPD,0.0,74.6,ERA-Interim,complete
met_insituHT_US-PFk_2019-2019.nc,PSurf,0.0,73.4,ERA-Interim,complete
met_insituHT_US-PFk_2019-2019.nc,Rainf,0.0,100.0,ERA-Interim,complete
met_insituHT_US-PFk_2019-2019.nc,Wind,0.0,73.1,ERA-Interim,complete
met_insituHT_US-PFk_2019-2019.nc,Qair,0.0,74.6,ERA-Interim,complete
met_insituHT_US-PFk_2019-2019.nc,RH,0.0,74.6,ERA-Interim,complete
met_insituHT_US-PFk_2019-2019.nc,CO2air,0.0,76.5,observed,complete
met_insituHT_US-PFm_2019-2019.nc,Tair,0.0,71.7,ERA-Interim,complete
met_insituHT_US-PFm_2019-2019.nc,SWdown,0.0,73.8,ERA-Interim,complete
met_insituHT_US-PFm_2019-2019.nc,LWdown,0.0,77.5,ERA-Interim,complete
met_insituHT_US-PFm_2019-2019.nc,VPD,0.0,72.9,ERA-Interim,complete
met_insituHT_US-PFm_2019-2019.nc,PSurf,0.0,71.1,ERA-Interim,complete
met_insituHT_US-PFm_2019-2019.nc,Rainf,0.0,100.0,ERA-Interim,complete
met_insituHT_US-PFm_2019-2019.nc,Wind,0.0,70.8,ERA-Interim,complete
met_insituHT_US-PFm_2019-2019.nc,Qair,0.0,72.9,ERA-Interim,complete
met_insituHT_US-PFm_2019-2019.nc,RH,0.0,72.9,ERA-Interim,complete
met_insituHT_US-PFm_2019-2019.nc,CO2air,0.0,73.9,observed,complete
met_insituHT_US-PFn_2019-2019.nc,Tair,0.0,79.4,ERA-Interim,complete
met_insituHT_US-PFn_2019-2019.nc,SWdown,0.0,76.3,ERA-Interim,complete
met_insituHT_US-PFn_2019-2019.nc,LWdown,0.0,79.6,ERA-Interim,complete
met_insituHT_US-PFn_2019-2019.nc,VPD,0.0,79.4,ERA-Interim,complete
met_insituHT_US-PFn_2019-2019.nc,PSurf,0.0,71.0,ERA-Interim,complete
met_insituHT_US-PFn_2019-2019.nc,Rainf,0.0,100.0,ERA-Interim,complete
met_insituHT_US-PFn_2019-2019.nc,Wind,0.0,70.7,ERA-Interim,complete
met_insituHT_US-PFn_2019-2019.nc,Qair,0.0,79.4,ERA-Interim,complete
met_insituHT_US-PFn_2019-2019.nc,RH,0.0,79.4,ERA-Interim,complete
met_insituHT_US-PFn_2019-2019.nc,CO2air,0.0,77.0,observed,complete
met_insituHT_US-PFp_2019-2019.nc,Tair,0.0,87.8,ERA-Interim,complete
met_insituHT_US-PFp_2019-2019.nc,SWdown,0.0,75.1,ERA-Interim,complete
met_insituHT_US-PFp_2019-2019.nc,LWdown,0.0,79.4,ERA-Interim,complete
met_insituHT_US-PFp_2019-2019.nc,VPD,0.0,87.8,ERA-Interim,complete
met_insituHT_US-PFp_2019-2019.nc,PSurf,0.0,72.1,ERA-Interim,complete
met_insituHT_US-PFp_2019-2019.nc,Rainf,0.0,100.0,ERA-Interim,complete
met_insituHT_US-PFp_2019-2019.nc,Wind,0.0,70.8,ERA-Interim,complete
met_insituHT_US-PFp_2019-2019.nc,Qair,0.0,87.8,ERA-Interim,complete
met_insituHT_US-PFp_2019-2019.nc,RH,0.0,87.8,ERA-Interim,complete
met_insituHT_US-PFp_2019-2019.nc,CO2air,0.0,76.1,observed,complete
met_insituHT_US-PFq_2019-2019.nc,Tair,0.0,74.7,ERA-Interim,complete
met_insituHT_US-PFq_2019-2019.nc,SWdown,0.0,75.5,ERA-Interim,complete
met_insituHT_US-PFq_2019-2019.nc,LWdown,0.0,79.7,ERA-Interim,complete
met_insituHT_US-PFq_2019-2019.nc,VPD,0.0,74.7,ERA-Interim,complete
met_insituHT_US-PFq_2019-2019.nc,PSurf,0.0,72.3,ERA-Interim,complete
met_insituHT_US-PFq_2019-2019.nc,Rainf,0.0,100.0,ERA-Interim,complete
met_insituHT_US-PFq_2019-2019.nc,Wind,0.0,72.0,ERA-Interim,complete
met_insituHT_US-PFq_2019-2019.nc,Qair,0.0,74.7,ERA-Interim,complete
met_insituHT_US-PFq_2019-2019.nc,RH,0.0,74.7,ERA-Interim,complete
met_insituHT_US-PFq_2019-2019.nc,CO2air,0.0,75.1,observed,complete
met_insituHT_US-PFr_2019-2019.nc,Tair,0.0,72.4,ERA-Interim,complete
met_insituHT_US-PFr_2019-2019.nc,SWdown,0.0,73.5,ERA-Interim,complete
met_insituHT_US-PFr_2019-2019.nc,LWdown,0.0,83.2,ERA-Interim,complete
met_insituHT_US-PFr_2019-2019.nc,VPD,0.0,72.4,ERA-Interim,complete
met_insituHT_US-PFr_2019-2019.nc,PSurf,0.0,72.8,ERA-Interim,complete
met_insituHT_US-PFr_2019-2019.nc,Rainf,0.0,100.0,ERA-Interim,complete
met_insituHT_US-PFr_2019-2019.nc,Wind,0.0,70.3,ERA-Interim,complete
met_insituHT_US-PFr_2019-2019.nc,Qair,0.0,72.4,ERA-Interim,complete
met_insituHT_US-PFr_2019-2019.nc,RH,0.0,72.4,ERA-Interim,complete
met_insituHT_US-PFr_2019-2019.nc,CO2air,0.0,81.8,observed,complete
met_insituHT_US-PFt_2019-2019.nc,Tair,0.0,71.8,ERA-Interim,complete
met_insituHT_US-PFt_2019-2019.nc,SWdown,0.0,75.5,ERA-Interim,complete
met_insituHT_US-PFt_2019-2019.nc,LWdown,0.0,80.2,ERA-Interim,complete
met_insituHT_US-PFt_2019-2019.nc,VPD,0.0,77.3,ERA-Interim,complete
met_insituHT_US-PFt_2019-2019.nc,PSurf,0.0,72.3,ERA-Interim,complete
met_insituHT_US-PFt_2019-2019.nc,Rainf,0.0,100.0,ERA-Interim,complete
met_insituHT_US-PFt_2019-2019.nc,Wind,0.0,71.1,ERA-Interim,complete
met_insituHT_US-PFt_2019-2019.nc,Qair,0.0,77.3,ERA-Interim,complete
met_insituHT_US-PFt_2019-2019.nc,RH,0.0,77.3,ERA-Interim,complete
met_insituHT_US-PFt_2019-2019.nc,CO2air,0.0,76.0,observed,complete
met_insituHT_US-PLo_2023-2023.nc,Tair,0.0,0.8,ERA-Interim,mild
met_insituHT_US-PLo_2023-2023.nc,SWdown,0.0,16.8,ERA-Interim,medium
met_insituHT_US-PLo_2023-2023.nc,LWdown,0.0,19.9,ERA-Interim,medium
met_insituHT_US-PLo_2023-2023.nc,VPD,0.0,1.0,ERA-Interim,mild
met_insituHT_US-PLo_2023-2023.nc,PSurf,0.0,0.4,ERA-Interim,mild
met_insituHT_US-PLo_2023-2023.nc,Rainf,0.0,100.0,ERA-Interim,complete
met_insituHT_US-PLo_2023-2023.nc,Wind,0.0,8.0,ERA-Interim,mild
met_insituHT_US-PLo_2023-2023.nc,Qair,0.0,1.0,ERA-Interim,mild
met_insituHT_US-PLo_2023-2023.nc,RH,0.0,1.0,ERA-Interim,mild
met_insituHT_US-PLo_2023-2023.nc,CO2air,0.0,8.0,observed,mild
met_insituHT_US-PSH_2016-2016.nc,Tair,0.0,78.7,ERA-Interim,complete
met_insituHT_US-PSH_2016-2016.nc,SWdown,0.0,78.8,ERA-Interim,complete
met_insituHT_US-PSH_2016-2016.nc,LWdown,0.0,100.0,ERA-Interim,complete
met_insituHT_US-PSH_2016-2016.nc,VPD,0.0,78.7,ERA-Interim,complete
met_insituHT_US-PSH_2016-2016.nc,PSurf,0.0,78.6,ERA-Interim,complete
met_insituHT_US-PSH_2016-2016.nc,Rainf,0.0,100.0,ERA-Interim,complete
met_insituHT_US-PSH_2016-2016.nc,Wind,0.0,78.6,ERA-Interim,complete
met_insituHT_US-PSH_2016-2016.nc,Qair,0.0,78.7,ERA-Interim,complete
met_insituHT_US-PSH_2016-2016.nc,RH,0.0,78.7,ERA-Interim,complete
met_insituHT_US-PSH_2016-2016.nc,CO2air,0.0,81.7,observed,complete
met_insituHT_US-PSL_2016-2016.nc,Tair,0.0,75.6,ERA-Interim,complete
met_insituHT_US-PSL_2016-2016.nc,SWdown,0.0,76.2,ERA-Interim,complete
met_insituHT_US-PSL_2016-2016.nc,LWdown,0.0,100.0,ERA-Interim,complete
met_insituHT_US-PSL_2016-2016.nc,VPD,0.0,78.4,ERA-Interim,complete
met_insituHT_US-PSL_2016-2016.nc,PSurf,0.0,74.9,ERA-Interim,complete
met_insituHT_US-PSL_2016-2016.nc,Rainf,0.0,100.0,ERA-Interim,complete
met_insituHT_US-PSL_2016-2016.nc,Wind,0.0,75.1,ERA-Interim,complete
met_insituHT_US-PSL_2016-2016.nc,Qair,0.0,78.4,ERA-Interim,complete
met_insituHT_US-PSL_2016-2016.nc,RH,0.0,78.0,ERA-Interim,complete
met_insituHT_US-PSL_2016-2016.nc,CO2air,0.0,81.8,observed,complete
met_insituHT_US-Prr_2011-2022.nc,Tair,0.0,1.8,ERA-Interim,mild
met_insituHT_US-Prr_2011-2022.nc,SWdown,0.0,2.7,ERA-Interim,mild
met_insituHT_US-Prr_2011-2022.nc,LWdown,0.0,8.7,ERA-Interim,mild
met_insituHT_US-Prr_2011-2022.nc,VPD,0.0,1.9,ERA-Interim,mild
met_insituHT_US-Prr_2011-2022.nc,PSurf,0.0,1.7,ERA-Interim,mild
met_insituHT_US-Prr_2011-2022.nc,Rainf,0.0,7.5,ERA-Interim,mild
met_insituHT_US-Prr_2011-2022.nc,Wind,0.0,34.1,ERA-Interim,heavy
met_insituHT_US-Prr_2011-2022.nc,Qair,0.0,1.9,ERA-Interim,mild
met_insituHT_US-Prr_2011-2022.nc,RH,0.0,1.9,ERA-Interim,mild
met_insituHT_US-Prr_2011-2022.nc,CO2air,0.0,32.9,observed,heavy
met_insituHT_US-RC1_2012-2015.nc,Tair,0.0,22.2,ERA-Interim,medium
met_insituHT_US-RC1_2012-2015.nc,SWdown,0.0,4.2,ERA-Interim,mild
met_insituHT_US-RC1_2012-2015.nc,LWdown,0.0,100.0,ERA-Interim,complete
met_insituHT_US-RC1_2012-2015.nc,VPD,0.0,22.2,ERA-Interim,medium
met_insituHT_US-RC1_2012-2015.nc,PSurf,0.0,22.2,ERA-Interim,medium
met_insituHT_US-RC1_2012-2015.nc,Rainf,0.0,0.0,ERA-Interim,mild
met_insituHT_US-RC1_2012-2015.nc,Wind,0.0,22.2,ERA-Interim,medium
met_insituHT_US-RC1_2012-2015.nc,Qair,0.0,22.2,ERA-Interim,medium
met_insituHT_US-RC1_2012-2015.nc,RH,0.0,22.2,ERA-Interim,medium
met_insituHT_US-RC1_2012-2015.nc,CO2air,0.0,22.2,observed,medium
met_insituHT_US-RC2_2013-2015.nc,Tair,0.0,23.1,ERA-Interim,medium
met_insituHT_US-RC2_2013-2015.nc,SWdown,0.0,0.0,ERA-Interim,mild
met_insituHT_US-RC2_2013-2015.nc,LWdown,0.0,100.0,ERA-Interim,complete
met_insituHT_US-RC2_2013-2015.nc,VPD,0.0,23.1,ERA-Interim,medium
met_insituHT_US-RC2_2013-2015.nc,PSurf,0.0,23.1,ERA-Interim,medium
met_insituHT_US-RC2_2013-2015.nc,Rainf,0.0,0.0,ERA-Interim,mild
met_insituHT_US-RC2_2013-2015.nc,Wind,0.0,23.1,ERA-Interim,medium
met_insituHT_US-RC2_2013-2015.nc,Qair,0.0,23.1,ERA-Interim,medium
met_insituHT_US-RC2_2013-2015.nc,RH,0.0,23.1,ERA-Interim,medium
met_insituHT_US-RC2_2013-2015.nc,CO2air,0.0,23.1,observed,medium
met_insituHT_US-RC3_2012-2015.nc,Tair,0.0,21.0,ERA-Interim,medium
met_insituHT_US-RC3_2012-2015.nc,SWdown,0.0,4.1,ERA-Interim,mild
met_insituHT_US-RC3_2012-2015.nc,LWdown,0.0,100.0,ERA-Interim,complete
met_insituHT_US-RC3_2012-2015.nc,VPD,0.0,21.3,ERA-Interim,medium
met_insituHT_US-RC3_2012-2015.nc,PSurf,0.0,21.0,ERA-Interim,medium
met_insituHT_US-RC3_2012-2015.nc,Rainf,0.0,0.0,ERA-Interim,mild
met_insituHT_US-RC3_2012-2015.nc,Wind,0.0,21.0,ERA-Interim,medium
met_insituHT_US-RC3_2012-2015.nc,Qair,0.0,21.3,ERA-Interim,medium
met_insituHT_US-RC3_2012-2015.nc,RH,0.0,21.3,ERA-Interim,medium
met_insituHT_US-RC3_2012-2015.nc,CO2air,0.0,21.0,observed,medium
met_insituHT_US-RC4_2013-2015.nc,Tair,0.0,32.7,ERA-Interim,heavy
met_insituHT_US-RC4_2013-2015.nc,SWdown,0.0,0.1,ERA-Interim,mild
met_insituHT_US-RC4_2013-2015.nc,LWdown,0.0,100.0,ERA-Interim,complete
met_insituHT_US-RC4_2013-2015.nc,VPD,0.0,32.8,ERA-Interim,heavy
met_insituHT_US-RC4_2013-2015.nc,PSurf,0.0,32.7,ERA-Interim,heavy
met_insituHT_US-RC4_2013-2015.nc,Rainf,0.0,0.0,ERA-Interim,mild
met_insituHT_US-RC4_2013-2015.nc,Wind,0.0,32.7,ERA-Interim,heavy
met_insituHT_US-RC4_2013-2015.nc,Qair,0.0,32.8,ERA-Interim,heavy
met_insituHT_US-RC4_2013-2015.nc,RH,0.0,32.8,ERA-Interim,heavy
met_insituHT_US-RC4_2013-2015.nc,CO2air,0.0,32.7,observed,heavy
met_insituHT_US-RC5_2014-2014.nc,Tair,0.0,15.7,ERA-Interim,medium
met_insituHT_US-RC5_2014-2014.nc,SWdown,0.0,0.0,ERA-Interim,mild
met_insituHT_US-RC5_2014-2014.nc,LWdown,0.0,100.0,ERA-Interim,complete
met_insituHT_US-RC5_2014-2014.nc,VPD,0.0,15.7,ERA-Interim,medium
met_insituHT_US-RC5_2014-2014.nc,PSurf,0.0,15.7,ERA-Interim,medium
met_insituHT_US-RC5_2014-2014.nc,Rainf,0.0,0.0,ERA-Interim,mild
met_insituHT_US-RC5_2014-2014.nc,Wind,0.0,15.7,ERA-Interim,medium
met_insituHT_US-RC5_2014-2014.nc,Qair,0.0,15.7,ERA-Interim,medium
met_insituHT_US-RC5_2014-2014.nc,RH,0.0,15.7,ERA-Interim,medium
met_insituHT_US-RC5_2014-2014.nc,CO2air,0.0,15.9,observed,medium
met_insituHT_US-RGA_2022-2024.nc,Tair,0.0,8.7,ERA-Interim,mild
met_insituHT_US-RGA_2022-2024.nc,SWdown,0.0,9.8,ERA-Interim,mild
met_insituHT_US-RGA_2022-2024.nc,LWdown,0.0,21.8,ERA-Interim,medium
met_insituHT_US-RGA_2022-2024.nc,VPD,0.0,16.6,ERA-Interim,medium
met_insituHT_US-RGA_2022-2024.nc,PSurf,0.0,8.8,ERA-Interim,mild
met_insituHT_US-RGA_2022-2024.nc,Rainf,0.0,8.8,ERA-Interim,mild
met_insituHT_US-RGA_2022-2024.nc,Wind,0.0,12.4,ERA-Interim,medium
met_insituHT_US-RGA_2022-2024.nc,Qair,0.0,16.6,ERA-Interim,medium
met_insituHT_US-RGA_2022-2024.nc,RH,0.0,16.6,ERA-Interim,medium
met_insituHT_US-RGA_2022-2024.nc,CO2air,0.0,23.2,observed,medium
met_insituHT_US-RGB_2022-2023.nc,Tair,0.0,2.8,ERA-Interim,mild
met_insituHT_US-RGB_2022-2023.nc,SWdown,0.0,4.1,ERA-Interim,mild
met_insituHT_US-RGB_2022-2023.nc,LWdown,0.0,8.6,ERA-Interim,mild
met_insituHT_US-RGB_2022-2023.nc,VPD,0.0,3.0,ERA-Interim,mild
met_insituHT_US-RGB_2022-2023.nc,PSurf,0.0,2.9,ERA-Interim,mild
met_insituHT_US-RGB_2022-2023.nc,Rainf,0.0,2.9,ERA-Interim,mild
met_insituHT_US-RGB_2022-2023.nc,Wind,0.0,5.2,ERA-Interim,mild
met_insituHT_US-RGB_2022-2023.nc,Qair,0.0,3.0,ERA-Interim,mild
met_insituHT_US-RGB_2022-2023.nc,RH,0.0,3.0,ERA-Interim,mild
met_insituHT_US-RGB_2022-2023.nc,CO2air,0.0,16.7,observed,medium
met_insituHT_US-RGF_2024-2024.nc,Tair,0.0,0.1,ERA-Interim,mild
met_insituHT_US-RGF_2024-2024.nc,SWdown,0.0,3.4,ERA-Interim,mild
met_insituHT_US-RGF_2024-2024.nc,LWdown,0.0,0.1,ERA-Interim,mild
met_insituHT_US-RGF_2024-2024.nc,VPD,0.0,0.2,ERA-Interim,mild
met_insituHT_US-RGF_2024-2024.nc,PSurf,0.0,0.2,ERA-Interim,mild
met_insituHT_US-RGF_2024-2024.nc,Rainf,0.0,0.1,ERA-Interim,mild
met_insituHT_US-RGF_2024-2024.nc,Wind,0.0,3.2,ERA-Interim,mild
met_insituHT_US-RGF_2024-2024.nc,Qair,0.0,0.2,ERA-Interim,mild
met_insituHT_US-RGF_2024-2024.nc,RH,0.0,0.2,ERA-Interim,mild
met_insituHT_US-RGF_2024-2024.nc,CO2air,0.0,15.8,observed,medium
met_insituHT_US-RGW_2023-2024.nc,Tair,0.0,1.6,ERA-Interim,mild
met_insituHT_US-RGW_2023-2024.nc,SWdown,0.0,2.6,ERA-Interim,mild
met_insituHT_US-RGW_2023-2024.nc,LWdown,0.0,14.6,ERA-Interim,medium
met_insituHT_US-RGW_2023-2024.nc,VPD,0.0,9.6,ERA-Interim,mild
met_insituHT_US-RGW_2023-2024.nc,PSurf,0.0,1.6,ERA-Interim,mild
met_insituHT_US-RGW_2023-2024.nc,Rainf,0.0,55.7,ERA-Interim,complete
met_insituHT_US-RGW_2023-2024.nc,Wind,0.0,5.2,ERA-Interim,mild
met_insituHT_US-RGW_2023-2024.nc,Qair,0.0,9.6,ERA-Interim,mild
met_insituHT_US-RGW_2023-2024.nc,RH,0.0,9.6,ERA-Interim,mild
met_insituHT_US-RGW_2023-2024.nc,CO2air,0.0,15.6,observed,medium
met_insituHT_US-RGo_2022-2024.nc,Tair,0.0,3.1,ERA-Interim,mild
met_insituHT_US-RGo_2022-2024.nc,SWdown,0.0,3.2,ERA-Interim,mild
met_insituHT_US-RGo_2022-2024.nc,LWdown,0.0,3.1,ERA-Interim,mild
met_insituHT_US-RGo_2022-2024.nc,VPD,0.0,3.2,ERA-Interim,mild
met_insituHT_US-RGo_2022-2024.nc,PSurf,0.0,3.2,ERA-Interim,mild
met_insituHT_US-RGo_2022-2024.nc,Rainf,0.0,3.1,ERA-Interim,mild
met_insituHT_US-RGo_2022-2024.nc,Wind,0.0,5.3,ERA-Interim,mild
met_insituHT_US-RGo_2022-2024.nc,Qair,0.0,3.2,ERA-Interim,mild
met_insituHT_US-RGo_2022-2024.nc,RH,0.0,3.1,ERA-Interim,mild
met_insituHT_US-RGo_2022-2024.nc,CO2air,0.0,17.6,observed,medium
met_insituHT_US-RRC_2023-2023.nc,Tair,0.0,3.4,ERA-Interim,mild
met_insituHT_US-RRC_2023-2023.nc,SWdown,0.0,1.7,ERA-Interim,mild
met_insituHT_US-RRC_2023-2023.nc,LWdown,0.0,100.0,ERA-Interim,complete
met_insituHT_US-RRC_2023-2023.nc,VPD,0.0,5.2,ERA-Interim,mild
met_insituHT_US-RRC_2023-2023.nc,PSurf,0.0,12.5,ERA-Interim,medium
met_insituHT_US-RRC_2023-2023.nc,Rainf,0.0,3.3,ERA-Interim,mild
met_insituHT_US-RRC_2023-2023.nc,Wind,0.0,15.5,ERA-Interim,medium
met_insituHT_US-RRC_2023-2023.nc,Qair,0.0,5.2,ERA-Interim,mild
met_insituHT_US-RRC_2023-2023.nc,RH,0.0,5.2,ERA-Interim,mild
met_insituHT_US-RRC_2023-2023.nc,CO2air,0.0,24.7,observed,medium
met_insituHT_US-Rls_2015-2022.nc,Tair,0.0,1.7,ERA-Interim,mild
met_insituHT_US-Rls_2015-2022.nc,SWdown,0.0,1.9,ERA-Interim,mild
met_insituHT_US-Rls_2015-2022.nc,LWdown,0.0,1.7,ERA-Interim,mild
met_insituHT_US-Rls_2015-2022.nc,VPD,0.0,1.7,ERA-Interim,mild
met_insituHT_US-Rls_2015-2022.nc,PSurf,0.0,4.7,ERA-Interim,mild
met_insituHT_US-Rls_2015-2022.nc,Rainf,0.0,100.0,ERA-Interim,complete
met_insituHT_US-Rls_2015-2022.nc,Wind,0.0,2.9,ERA-Interim,mild
met_insituHT_US-Rls_2015-2022.nc,Qair,0.0,1.7,ERA-Interim,mild
met_insituHT_US-Rls_2015-2022.nc,RH,0.0,1.7,ERA-Interim,mild
met_insituHT_US-Rls_2015-2022.nc,CO2air,0.0,9.6,observed,mild
met_insituHT_US-Rms_2015-2022.nc,Tair,0.0,3.5,ERA-Interim,mild
met_insituHT_US-Rms_2015-2022.nc,SWdown,0.0,3.6,ERA-Interim,mild
met_insituHT_US-Rms_2015-2022.nc,LWdown,0.0,3.5,ERA-Interim,mild
met_insituHT_US-Rms_2015-2022.nc,VPD,0.0,3.5,ERA-Interim,mild
met_insituHT_US-Rms_2015-2022.nc,PSurf,0.0,5.5,ERA-Interim,mild
met_insituHT_US-Rms_2015-2022.nc,Rainf,0.0,100.0,ERA-Interim,complete
met_insituHT_US-Rms_2015-2022.nc,Wind,0.0,8.3,ERA-Interim,mild
met_insituHT_US-Rms_2015-2022.nc,Qair,0.0,3.5,ERA-Interim,mild
met_insituHT_US-Rms_2015-2022.nc,RH,0.0,3.5,ERA-Interim,mild
met_insituHT_US-Rms_2015-2022.nc,CO2air,0.0,16.0,observed,medium
met_insituHT_US-Ro1_2004-2016.nc,Tair,0.0,2.8,observed,mild
met_insituHT_US-Ro1_2004-2016.nc,SWdown,0.0,1.2,observed,mild
met_insituHT_US-Ro1_2004-2016.nc,LWdown,0.0,6.9,observed,mild
met_insituHT_US-Ro1_2004-2016.nc,VPD,0.0,3.4,observed,mild
met_insituHT_US-Ro1_2004-2016.nc,PSurf,0.0,40.4,ERA-Interim,heavy
met_insituHT_US-Ro1_2004-2016.nc,Rainf,0.0,5.3,ERA-Interim,mild
met_insituHT_US-Ro1_2004-2016.nc,Wind,0.0,1.7,ERA-Interim,mild
met_insituHT_US-Ro1_2004-2016.nc,Qair,0.0,3.4,observed,mild
met_insituHT_US-Ro1_2004-2016.nc,RH,0.0,3.4,ERA-Interim,mild
met_insituHT_US-Ro1_2004-2016.nc,CO2air,0.0,27.1,observed,heavy
met_insituHT_US-Ro2_2008-2016.nc,Tair,0.0,7.8,observed,mild
met_insituHT_US-Ro2_2008-2016.nc,SWdown,0.0,4.5,observed,mild
met_insituHT_US-Ro2_2008-2016.nc,LWdown,0.0,13.4,observed,medium
met_insituHT_US-Ro2_2008-2016.nc,VPD,0.0,8.3,observed,mild
met_insituHT_US-Ro2_2008-2016.nc,PSurf,0.0,38.4,ERA-Interim,heavy
met_insituHT_US-Ro2_2008-2016.nc,Rainf,0.0,7.6,ERA-Interim,mild
met_insituHT_US-Ro2_2008-2016.nc,Wind,0.0,6.4,ERA-Interim,mild
met_insituHT_US-Ro2_2008-2016.nc,Qair,0.0,8.3,observed,mild
met_insituHT_US-Ro2_2008-2016.nc,RH,0.0,8.3,ERA-Interim,mild
met_insituHT_US-Ro2_2008-2016.nc,CO2air,0.0,48.8,observed,heavy
met_insituHT_US-Ro3_2005-2007.nc,Tair,0.0,13.3,observed,medium
met_insituHT_US-Ro3_2005-2007.nc,SWdown,0.0,0.1,observed,mild
met_insituHT_US-Ro3_2005-2007.nc,LWdown,0.0,100.0,ERA-Interim,complete
met_insituHT_US-Ro3_2005-2007.nc,VPD,0.0,13.3,observed,medium
met_insituHT_US-Ro3_2005-2007.nc,PSurf,0.0,2.6,ERA-Interim,mild
met_insituHT_US-Ro3_2005-2007.nc,Rainf,0.0,0.0,ERA-Interim,mild
met_insituHT_US-Ro3_2005-2007.nc,Wind,0.0,3.0,ERA-Interim,mild
met_insituHT_US-Ro3_2005-2007.nc,Qair,0.0,13.3,observed,medium
met_insituHT_US-Ro3_2005-2007.nc,RH,0.0,0.0,ERA-Interim,mild
met_insituHT_US-Ro3_2005-2007.nc,CO2air,0.0,21.9,observed,medium
met_insituHT_US-Ro4_2014-2025.nc,Tair,0.0,4.8,observed,mild
met_insituHT_US-Ro4_2014-2025.nc,SWdown,0.0,3.6,observed,mild
met_insituHT_US-Ro4_2014-2025.nc,LWdown,0.0,13.0,ERA-Interim,medium
met_insituHT_US-Ro4_2014-2025.nc,VPD,0.0,4.9,observed,mild
met_insituHT_US-Ro4_2014-2025.nc,PSurf,0.0,16.7,ERA-Interim,medium
met_insituHT_US-Ro4_2014-2025.nc,Rainf,0.0,25.0,ERA-Interim,medium
met_insituHT_US-Ro4_2014-2025.nc,Wind,0.0,11.9,ERA-Interim,medium
met_insituHT_US-Ro4_2014-2025.nc,Qair,0.0,4.9,observed,mild
met_insituHT_US-Ro4_2014-2025.nc,RH,0.0,4.9,ERA-Interim,mild
met_insituHT_US-Ro4_2014-2025.nc,CO2air,0.0,36.5,observed,heavy
met_insituHT_US-Ro5_2017-2024.nc,Tair,0.0,0.5,observed,mild
met_insituHT_US-Ro5_2017-2024.nc,SWdown,0.0,0.8,observed,mild
met_insituHT_US-Ro5_2017-2024.nc,LWdown,0.0,0.5,observed,mild
met_insituHT_US-Ro5_2017-2024.nc,VPD,0.0,0.6,observed,mild
met_insituHT_US-Ro5_2017-2024.nc,PSurf,0.0,2.7,ERA-Interim,mild
met_insituHT_US-Ro5_2017-2024.nc,Rainf,0.0,12.5,ERA-Interim,medium
met_insituHT_US-Ro5_2017-2024.nc,Wind,0.0,0.8,ERA-Interim,mild
met_insituHT_US-Ro5_2017-2024.nc,Qair,0.0,0.6,observed,mild
met_insituHT_US-Ro5_2017-2024.nc,RH,0.0,0.6,ERA-Interim,mild
met_insituHT_US-Ro5_2017-2024.nc,CO2air,0.0,25.2,observed,heavy
met_insituHT_US-Ro6_2017-2024.nc,Tair,0.0,1.3,observed,mild
met_insituHT_US-Ro6_2017-2024.nc,SWdown,0.0,0.5,observed,mild
met_insituHT_US-Ro6_2017-2024.nc,LWdown,0.0,1.3,observed,mild
met_insituHT_US-Ro6_2017-2024.nc,VPD,0.0,1.3,observed,mild
met_insituHT_US-Ro6_2017-2024.nc,PSurf,0.0,4.6,ERA-Interim,mild
met_insituHT_US-Ro6_2017-2024.nc,Rainf,0.0,12.5,ERA-Interim,medium
met_insituHT_US-Ro6_2017-2024.nc,Wind,0.0,2.0,ERA-Interim,mild
met_insituHT_US-Ro6_2017-2024.nc,Qair,0.0,1.3,observed,mild
met_insituHT_US-Ro6_2017-2024.nc,RH,0.0,1.3,ERA-Interim,mild
met_insituHT_US-Ro6_2017-2024.nc,CO2air,0.0,28.0,observed,heavy
met_insituHT_US-Rpf_2009-2024.nc,Tair,0.0,9.7,ERA-Interim,mild
met_insituHT_US-Rpf_2009-2024.nc,SWdown,0.0,6.4,ERA-Interim,mild
met_insituHT_US-Rpf_2009-2024.nc,LWdown,0.0,33.2,ERA-Interim,heavy
met_insituHT_US-Rpf_2009-2024.nc,VPD,0.0,9.7,ERA-Interim,mild
met_insituHT_US-Rpf_2009-2024.nc,PSurf,0.0,22.1,ERA-Interim,medium
met_insituHT_US-Rpf_2009-2024.nc,Rainf,0.0,7.5,ERA-Interim,mild
met_insituHT_US-Rpf_2009-2024.nc,Wind,0.0,21.6,ERA-Interim,medium
met_insituHT_US-Rpf_2009-2024.nc,Qair,0.0,9.7,ERA-Interim,mild
met_insituHT_US-Rpf_2009-2024.nc,RH,0.0,9.7,ERA-Interim,mild
met_insituHT_US-Rpf_2009-2024.nc,CO2air,0.0,47.2,observed,heavy
met_insituHT_US-Rwe_2004-2006.nc,Tair,0.0,4.9,ERA-Interim,mild
met_insituHT_US-Rwe_2004-2006.nc,SWdown,0.0,6.6,ERA-Interim,mild
met_insituHT_US-Rwe_2004-2006.nc,LWdown,0.0,60.5,ERA-Interim,complete
met_insituHT_US-Rwe_2004-2006.nc,VPD,0.0,4.9,ERA-Interim,mild
met_insituHT_US-Rwe_2004-2006.nc,PSurf,0.0,18.6,ERA-Interim,medium
met_insituHT_US-Rwe_2004-2006.nc,Rainf,0.0,100.0,ERA-Interim,complete
met_insituHT_US-Rwe_2004-2006.nc,Wind,0.0,18.6,ERA-Interim,medium
met_insituHT_US-Rwe_2004-2006.nc,Qair,0.0,4.9,ERA-Interim,mild
met_insituHT_US-Rwe_2004-2006.nc,RH,0.0,4.9,ERA-Interim,mild
met_insituHT_US-Rwe_2004-2006.nc,CO2air,0.0,20.6,observed,medium
met_insituHT_US-Rwf_2015-2022.nc,Tair,0.0,4.4,ERA-Interim,mild
met_insituHT_US-Rwf_2015-2022.nc,SWdown,0.0,4.8,ERA-Interim,mild
met_insituHT_US-Rwf_2015-2022.nc,LWdown,0.0,4.6,ERA-Interim,mild
met_insituHT_US-Rwf_2015-2022.nc,VPD,0.0,4.4,ERA-Interim,mild
met_insituHT_US-Rwf_2015-2022.nc,PSurf,0.0,3.3,ERA-Interim,mild
met_insituHT_US-Rwf_2015-2022.nc,Rainf,0.0,100.0,ERA-Interim,complete
met_insituHT_US-Rwf_2015-2022.nc,Wind,0.0,2.8,ERA-Interim,mild
met_insituHT_US-Rwf_2015-2022.nc,Qair,0.0,4.4,ERA-Interim,mild
met_insituHT_US-Rwf_2015-2022.nc,RH,0.0,4.4,ERA-Interim,mild
met_insituHT_US-Rwf_2015-2022.nc,CO2air,0.0,9.7,observed,mild
met_insituHT_US-Rws_2015-2022.nc,Tair,0.0,2.7,ERA-Interim,mild
met_insituHT_US-Rws_2015-2022.nc,SWdown,0.0,1.1,ERA-Interim,mild
met_insituHT_US-Rws_2015-2022.nc,LWdown,0.0,1.6,ERA-Interim,mild
met_insituHT_US-Rws_2015-2022.nc,VPD,0.0,2.7,ERA-Interim,mild
met_insituHT_US-Rws_2015-2022.nc,PSurf,0.0,2.3,ERA-Interim,mild
met_insituHT_US-Rws_2015-2022.nc,Rainf,0.0,100.0,ERA-Interim,complete
met_insituHT_US-Rws_2015-2022.nc,Wind,0.0,2.8,ERA-Interim,mild
met_insituHT_US-Rws_2015-2022.nc,Qair,0.0,2.7,ERA-Interim,mild
met_insituHT_US-Rws_2015-2022.nc,RH,0.0,2.7,ERA-Interim,mild
met_insituHT_US-Rws_2015-2022.nc,CO2air,0.0,9.4,observed,mild
met_insituHT_US-SD1_2024-2024.nc,Tair,0.0,7.6,ERA-Interim,mild
met_insituHT_US-SD1_2024-2024.nc,SWdown,0.0,5.6,ERA-Interim,mild
met_insituHT_US-SD1_2024-2024.nc,LWdown,0.0,9.5,ERA-Interim,mild
met_insituHT_US-SD1_2024-2024.nc,VPD,0.0,10.0,ERA-Interim,mild
met_insituHT_US-SD1_2024-2024.nc,PSurf,0.0,5.0,ERA-Interim,mild
met_insituHT_US-SD1_2024-2024.nc,Rainf,0.0,0.6,ERA-Interim,mild
met_insituHT_US-SD1_2024-2024.nc,Wind,0.0,1.8,ERA-Interim,mild
met_insituHT_US-SD1_2024-2024.nc,Qair,0.0,10.0,ERA-Interim,mild
met_insituHT_US-SD1_2024-2024.nc,RH,0.0,9.4,ERA-Interim,mild
met_insituHT_US-SD1_2024-2024.nc,CO2air,0.0,24.2,observed,medium
met_insituHT_US-SD2_2024-2024.nc,Tair,0.0,2.1,ERA-Interim,mild
met_insituHT_US-SD2_2024-2024.nc,SWdown,0.0,5.9,ERA-Interim,mild
met_insituHT_US-SD2_2024-2024.nc,LWdown,0.0,2.4,ERA-Interim,mild
met_insituHT_US-SD2_2024-2024.nc,VPD,0.0,4.2,ERA-Interim,mild
met_insituHT_US-SD2_2024-2024.nc,PSurf,0.0,4.5,ERA-Interim,mild
met_insituHT_US-SD2_2024-2024.nc,Rainf,0.0,0.6,ERA-Interim,mild
met_insituHT_US-SD2_2024-2024.nc,Wind,0.0,1.7,ERA-Interim,mild
met_insituHT_US-SD2_2024-2024.nc,Qair,0.0,4.2,ERA-Interim,mild
met_insituHT_US-SD2_2024-2024.nc,RH,0.0,3.9,ERA-Interim,mild
met_insituHT_US-SD2_2024-2024.nc,CO2air,0.0,32.4,observed,heavy
met_insituHT_US-SHC_2018-2019.nc,Tair,0.0,1.0,ERA-Interim,mild
met_insituHT_US-SHC_2018-2019.nc,SWdown,0.0,1.2,ERA-Interim,mild
met_insituHT_US-SHC_2018-2019.nc,LWdown,0.0,1.0,ERA-Interim,mild
met_insituHT_US-SHC_2018-2019.nc,VPD,0.0,1.1,ERA-Interim,mild
met_insituHT_US-SHC_2018-2019.nc,PSurf,0.0,10.2,ERA-Interim,medium
met_insituHT_US-SHC_2018-2019.nc,Rainf,0.0,0.0,ERA-Interim,mild
met_insituHT_US-SHC_2018-2019.nc,Wind,0.0,10.2,ERA-Interim,medium
met_insituHT_US-SHC_2018-2019.nc,Qair,0.0,1.1,ERA-Interim,mild
met_insituHT_US-SHC_2018-2019.nc,RH,0.0,1.1,ERA-Interim,mild
met_insituHT_US-SHC_2018-2019.nc,CO2air,0.0,12.2,observed,medium
met_insituHT_US-SP1_2001-2020.nc,Tair,0.0,11.1,ERA-Interim,medium
met_insituHT_US-SP1_2001-2020.nc,SWdown,0.0,6.7,ERA-Interim,mild
met_insituHT_US-SP1_2001-2020.nc,LWdown,0.0,69.9,ERA-Interim,complete
met_insituHT_US-SP1_2001-2020.nc,VPD,0.0,12.9,ERA-Interim,medium
met_insituHT_US-SP1_2001-2020.nc,PSurf,0.0,69.5,ERA-Interim,complete
met_insituHT_US-SP1_2001-2020.nc,Rainf,0.0,40.8,ERA-Interim,heavy
met_insituHT_US-SP1_2001-2020.nc,Wind,0.0,24.5,ERA-Interim,medium
met_insituHT_US-SP1_2001-2020.nc,Qair,0.0,12.9,ERA-Interim,medium
met_insituHT_US-SP1_2001-2020.nc,RH,0.0,12.3,ERA-Interim,medium
met_insituHT_US-SP1_2001-2020.nc,CO2air,0.0,36.0,observed,heavy
met_insituHT_US-SRC_2009-2013.nc,Tair,0.0,11.7,ERA-Interim,medium
met_insituHT_US-SRC_2009-2013.nc,SWdown,0.0,11.6,ERA-Interim,medium
met_insituHT_US-SRC_2009-2013.nc,LWdown,0.0,11.7,ERA-Interim,medium
met_insituHT_US-SRC_2009-2013.nc,VPD,0.0,36.9,ERA-Interim,heavy
met_insituHT_US-SRC_2009-2013.nc,PSurf,0.0,11.7,ERA-Interim,medium
met_insituHT_US-SRC_2009-2013.nc,Rainf,0.0,3.4,ERA-Interim,mild
met_insituHT_US-SRC_2009-2013.nc,Wind,0.0,12.1,ERA-Interim,medium
met_insituHT_US-SRC_2009-2013.nc,Qair,0.0,36.9,ERA-Interim,heavy
met_insituHT_US-SRC_2009-2013.nc,RH,0.0,36.9,ERA-Interim,heavy
met_insituHT_US-SRC_2009-2013.nc,CO2air,0.0,29.0,observed,heavy
met_insituHT_US-SRG_2009-2025.nc,Tair,0.0,1.2,ERA-Interim,mild
met_insituHT_US-SRG_2009-2025.nc,SWdown,0.0,1.7,ERA-Interim,mild
met_insituHT_US-SRG_2009-2025.nc,LWdown,0.0,2.2,ERA-Interim,mild
met_insituHT_US-SRG_2009-2025.nc,VPD,0.0,1.3,ERA-Interim,mild
met_insituHT_US-SRG_2009-2025.nc,PSurf,0.0,2.1,ERA-Interim,mild
met_insituHT_US-SRG_2009-2025.nc,Rainf,0.0,1.5,ERA-Interim,mild
met_insituHT_US-SRG_2009-2025.nc,Wind,0.0,1.6,ERA-Interim,mild
met_insituHT_US-SRG_2009-2025.nc,Qair,0.0,1.3,ERA-Interim,mild
met_insituHT_US-SRG_2009-2025.nc,RH,0.0,1.3,ERA-Interim,mild
met_insituHT_US-SRG_2009-2025.nc,CO2air,0.0,5.2,observed,mild
met_insituHT_US-SRM_2004-2025.nc,Tair,0.0,1.0,observed,mild
met_insituHT_US-SRM_2004-2025.nc,SWdown,0.0,1.7,observed,mild
met_insituHT_US-SRM_2004-2025.nc,LWdown,0.0,5.0,observed,mild
met_insituHT_US-SRM_2004-2025.nc,VPD,0.0,1.0,observed,mild
met_insituHT_US-SRM_2004-2025.nc,PSurf,0.0,2.0,ERA-Interim,mild
met_insituHT_US-SRM_2004-2025.nc,Rainf,0.0,0.2,ERA-Interim,mild
met_insituHT_US-SRM_2004-2025.nc,Wind,0.0,1.4,ERA-Interim,mild
met_insituHT_US-SRM_2004-2025.nc,Qair,0.0,1.0,observed,mild
met_insituHT_US-SRM_2004-2025.nc,RH,0.0,1.0,ERA-Interim,mild
met_insituHT_US-SRM_2004-2025.nc,CO2air,0.0,5.0,observed,mild
met_insituHT_US-SRS_2012-2017.nc,Tair,0.0,0.0,ERA-Interim,mild
met_insituHT_US-SRS_2012-2017.nc,SWdown,0.0,0.2,ERA-Interim,mild
met_insituHT_US-SRS_2012-2017.nc,LWdown,0.0,100.0,ERA-Interim,complete
met_insituHT_US-SRS_2012-2017.nc,VPD,0.0,0.5,ERA-Interim,mild
met_insituHT_US-SRS_2012-2017.nc,PSurf,0.0,0.3,ERA-Interim,mild
met_insituHT_US-SRS_2012-2017.nc,Rainf,0.0,0.0,ERA-Interim,mild
met_insituHT_US-SRS_2012-2017.nc,Wind,0.0,16.1,ERA-Interim,medium
met_insituHT_US-SRS_2012-2017.nc,Qair,0.0,0.5,ERA-Interim,mild
met_insituHT_US-SRS_2012-2017.nc,RH,0.0,0.5,ERA-Interim,mild
met_insituHT_US-SRS_2012-2017.nc,CO2air,0.0,17.9,observed,medium
met_insituHT_US-SSH_2016-2020.nc,Tair,0.0,1.6,ERA-Interim,mild
met_insituHT_US-SSH_2016-2020.nc,SWdown,0.0,16.7,ERA-Interim,medium
met_insituHT_US-SSH_2016-2020.nc,LWdown,0.0,16.0,ERA-Interim,medium
met_insituHT_US-SSH_2016-2020.nc,VPD,0.0,1.8,ERA-Interim,mild
met_insituHT_US-SSH_2016-2020.nc,PSurf,0.0,25.5,ERA-Interim,heavy
met_insituHT_US-SSH_2016-2020.nc,Rainf,0.0,0.0,ERA-Interim,mild
met_insituHT_US-SSH_2016-2020.nc,Wind,0.0,30.2,ERA-Interim,heavy
met_insituHT_US-SSH_2016-2020.nc,Qair,0.0,1.8,ERA-Interim,mild
met_insituHT_US-SSH_2016-2020.nc,RH,0.0,1.8,ERA-Interim,mild
met_insituHT_US-SSH_2016-2020.nc,CO2air,0.0,52.3,observed,complete
met_insituHT_US-Sag_1996-1996.nc,Tair,0.0,72.5,ERA-Interim,complete
met_insituHT_US-Sag_1996-1996.nc,SWdown,0.0,72.4,ERA-Interim,complete
met_insituHT_US-Sag_1996-1996.nc,LWdown,0.0,100.0,ERA-Interim,complete
met_insituHT_US-Sag_1996-1996.nc,VPD,0.0,72.5,ERA-Interim,complete
met_insituHT_US-Sag_1996-1996.nc,PSurf,0.0,72.5,ERA-Interim,complete
met_insituHT_US-Sag_1996-1996.nc,Rainf,0.0,72.4,ERA-Interim,complete
met_insituHT_US-Sag_1996-1996.nc,Wind,0.0,73.1,ERA-Interim,complete
met_insituHT_US-Sag_1996-1996.nc,Qair,0.0,72.5,ERA-Interim,complete
met_insituHT_US-Sag_1996-1996.nc,RH,0.0,72.5,ERA-Interim,complete
met_insituHT_US-Sag_1996-1996.nc,CO2air,0.0,73.6,observed,complete
met_insituHT_US-Seg_2007-2025.nc,Tair,0.0,5.1,observed,mild
met_insituHT_US-Seg_2007-2025.nc,SWdown,0.0,2.3,observed,mild
met_insituHT_US-Seg_2007-2025.nc,LWdown,0.0,5.1,ERA-Interim,mild
met_insituHT_US-Seg_2007-2025.nc,VPD,0.0,5.7,observed,mild
met_insituHT_US-Seg_2007-2025.nc,PSurf,0.0,3.7,ERA-Interim,mild
met_insituHT_US-Seg_2007-2025.nc,Rainf,0.0,11.0,ERA-Interim,medium
met_insituHT_US-Seg_2007-2025.nc,Wind,0.0,2.9,ERA-Interim,mild
met_insituHT_US-Seg_2007-2025.nc,Qair,0.0,5.7,observed,mild
met_insituHT_US-Seg_2007-2025.nc,RH,0.0,2.4,ERA-Interim,mild
met_insituHT_US-Seg_2007-2025.nc,CO2air,0.0,10.1,observed,medium
met_insituHT_US-Ses_2007-2025.nc,Tair,0.0,3.9,observed,mild
met_insituHT_US-Ses_2007-2025.nc,SWdown,0.0,2.0,observed,mild
met_insituHT_US-Ses_2007-2025.nc,LWdown,0.0,4.1,ERA-Interim,mild
met_insituHT_US-Ses_2007-2025.nc,VPD,0.0,4.6,observed,mild
met_insituHT_US-Ses_2007-2025.nc,PSurf,0.0,3.0,ERA-Interim,mild
met_insituHT_US-Ses_2007-2025.nc,Rainf,0.0,7.9,ERA-Interim,mild
met_insituHT_US-Ses_2007-2025.nc,Wind,0.0,3.0,ERA-Interim,mild
met_insituHT_US-Ses_2007-2025.nc,Qair,0.0,4.6,observed,mild
met_insituHT_US-Ses_2007-2025.nc,RH,0.0,2.0,ERA-Interim,mild
met_insituHT_US-Ses_2007-2025.nc,CO2air,0.0,12.0,observed,medium
met_insituHT_US-Slt_2005-2021.nc,Tair,0.0,0.6,observed,mild
met_insituHT_US-Slt_2005-2021.nc,SWdown,0.0,0.7,observed,mild
met_insituHT_US-Slt_2005-2021.nc,LWdown,0.0,67.4,ERA-Interim,complete
met_insituHT_US-Slt_2005-2021.nc,VPD,0.0,2.8,observed,mild
met_insituHT_US-Slt_2005-2021.nc,PSurf,0.0,9.4,ERA-Interim,mild
met_insituHT_US-Slt_2005-2021.nc,Rainf,0.0,41.2,ERA-Interim,heavy
met_insituHT_US-Slt_2005-2021.nc,Wind,0.0,41.2,ERA-Interim,heavy
met_insituHT_US-Slt_2005-2021.nc,Qair,0.0,2.8,observed,mild
met_insituHT_US-Slt_2005-2021.nc,RH,0.0,2.8,ERA-Interim,mild
met_insituHT_US-Slt_2005-2021.nc,CO2air,0.0,29.1,observed,heavy
met_insituHT_US-Sne_2017-2020.nc,Tair,0.0,7.1,ERA-Interim,mild
met_insituHT_US-Sne_2017-2020.nc,SWdown,0.0,1.0,ERA-Interim,mild
met_insituHT_US-Sne_2017-2020.nc,LWdown,0.0,2.1,ERA-Interim,mild
met_insituHT_US-Sne_2017-2020.nc,VPD,0.0,7.2,ERA-Interim,mild
met_insituHT_US-Sne_2017-2020.nc,PSurf,0.0,0.7,ERA-Interim,mild
met_insituHT_US-Sne_2017-2020.nc,Rainf,0.0,2.3,ERA-Interim,mild
met_insituHT_US-Sne_2017-2020.nc,Wind,0.0,0.3,ERA-Interim,mild
met_insituHT_US-Sne_2017-2020.nc,Qair,0.0,7.2,ERA-Interim,mild
met_insituHT_US-Sne_2017-2020.nc,RH,0.0,7.2,ERA-Interim,mild
met_insituHT_US-Sne_2017-2020.nc,CO2air,0.0,8.2,observed,mild
met_insituHT_US-Snf_2019-2019.nc,Tair,0.0,14.9,ERA-Interim,medium
met_insituHT_US-Snf_2019-2019.nc,SWdown,0.0,6.5,ERA-Interim,mild
met_insituHT_US-Snf_2019-2019.nc,LWdown,0.0,1.1,ERA-Interim,mild
met_insituHT_US-Snf_2019-2019.nc,VPD,0.0,19.1,ERA-Interim,medium
met_insituHT_US-Snf_2019-2019.nc,PSurf,0.0,0.2,ERA-Interim,mild
met_insituHT_US-Snf_2019-2019.nc,Rainf,0.0,0.8,ERA-Interim,mild
met_insituHT_US-Snf_2019-2019.nc,Wind,0.0,1.7,ERA-Interim,mild
met_insituHT_US-Snf_2019-2019.nc,Qair,0.0,19.1,ERA-Interim,medium
met_insituHT_US-Snf_2019-2019.nc,RH,0.0,12.6,ERA-Interim,medium
met_insituHT_US-Snf_2019-2019.nc,CO2air,0.0,11.9,observed,medium
met_insituHT_US-Srr_2015-2016.nc,Tair,0.0,1.4,ERA-Interim,mild
met_insituHT_US-Srr_2015-2016.nc,SWdown,0.0,1.4,ERA-Interim,mild
met_insituHT_US-Srr_2015-2016.nc,LWdown,0.0,1.4,ERA-Interim,mild
met_insituHT_US-Srr_2015-2016.nc,VPD,0.0,1.4,ERA-Interim,mild
met_insituHT_US-Srr_2015-2016.nc,PSurf,0.0,1.4,ERA-Interim,mild
met_insituHT_US-Srr_2015-2016.nc,Rainf,0.0,100.0,ERA-Interim,complete
met_insituHT_US-Srr_2015-2016.nc,Wind,0.0,0.8,ERA-Interim,mild
met_insituHT_US-Srr_2015-2016.nc,Qair,0.0,1.4,ERA-Interim,mild
met_insituHT_US-Srr_2015-2016.nc,RH,0.0,1.4,ERA-Interim,mild
met_insituHT_US-Srr_2015-2016.nc,CO2air,0.0,8.4,observed,mild
met_insituHT_US-StJ_2016-2020.nc,Tair,0.0,3.0,observed,mild
met_insituHT_US-StJ_2016-2020.nc,SWdown,0.0,1.1,observed,mild
met_insituHT_US-StJ_2016-2020.nc,LWdown,0.0,100.0,ERA-Interim,complete
met_insituHT_US-StJ_2016-2020.nc,VPD,0.0,3.7,observed,mild
met_insituHT_US-StJ_2016-2020.nc,PSurf,0.0,39.5,ERA-Interim,heavy
met_insituHT_US-StJ_2016-2020.nc,Rainf,0.0,1.5,ERA-Interim,mild
met_insituHT_US-StJ_2016-2020.nc,Wind,0.0,7.5,ERA-Interim,mild
met_insituHT_US-StJ_2016-2020.nc,Qair,0.0,3.7,observed,mild
met_insituHT_US-StJ_2016-2020.nc,RH,0.0,1.3,ERA-Interim,mild
met_insituHT_US-StJ_2016-2020.nc,CO2air,0.0,11.1,observed,medium
met_insituHT_US-Sta_2006-2008.nc,Tair,0.0,16.2,ERA-Interim,medium
met_insituHT_US-Sta_2006-2008.nc,SWdown,0.0,16.0,ERA-Interim,medium
met_insituHT_US-Sta_2006-2008.nc,LWdown,0.0,100.0,ERA-Interim,complete
met_insituHT_US-Sta_2006-2008.nc,VPD,0.0,18.5,ERA-Interim,medium
met_insituHT_US-Sta_2006-2008.nc,PSurf,0.0,18.5,ERA-Interim,medium
met_insituHT_US-Sta_2006-2008.nc,Rainf,0.0,100.0,ERA-Interim,complete
met_insituHT_US-Sta_2006-2008.nc,Wind,0.0,16.3,ERA-Interim,medium
met_insituHT_US-Sta_2006-2008.nc,Qair,0.0,18.5,ERA-Interim,medium
met_insituHT_US-Sta_2006-2008.nc,RH,0.0,18.5,ERA-Interim,medium
met_insituHT_US-Sta_2006-2008.nc,CO2air,0.0,54.6,observed,complete
met_insituHT_US-Syv_2002-2025.nc,Tair,0.0,24.0,ERA-Interim,medium
met_insituHT_US-Syv_2002-2025.nc,SWdown,0.0,21.0,observed,medium
met_insituHT_US-Syv_2002-2025.nc,LWdown,0.0,53.5,ERA-Interim,complete
met_insituHT_US-Syv_2002-2025.nc,VPD,0.0,48.3,ERA-Interim,heavy
met_insituHT_US-Syv_2002-2025.nc,PSurf,0.0,29.5,ERA-Interim,heavy
met_insituHT_US-Syv_2002-2025.nc,Rainf,0.0,100.0,ERA-Interim,complete
met_insituHT_US-Syv_2002-2025.nc,Wind,0.0,29.2,ERA-Interim,heavy
met_insituHT_US-Syv_2002-2025.nc,Qair,0.0,48.3,ERA-Interim,heavy
met_insituHT_US-Syv_2002-2025.nc,RH,0.0,48.3,ERA-Interim,heavy
met_insituHT_US-Syv_2002-2025.nc,CO2air,0.0,50.1,observed,complete
met_insituHT_US-TKs_2019-2024.nc,Tair,0.0,5.8,ERA-Interim,mild
met_insituHT_US-TKs_2019-2024.nc,SWdown,0.0,12.8,ERA-Interim,medium
met_insituHT_US-TKs_2019-2024.nc,LWdown,0.0,100.0,ERA-Interim,complete
met_insituHT_US-TKs_2019-2024.nc,VPD,0.0,5.8,ERA-Interim,mild
met_insituHT_US-TKs_2019-2024.nc,PSurf,0.0,10.7,ERA-Interim,medium
met_insituHT_US-TKs_2019-2024.nc,Rainf,0.0,4.4,ERA-Interim,mild
met_insituHT_US-TKs_2019-2024.nc,Wind,0.0,4.4,ERA-Interim,mild
met_insituHT_US-TKs_2019-2024.nc,Qair,0.0,5.8,ERA-Interim,mild
met_insituHT_US-TKs_2019-2024.nc,RH,0.0,5.2,ERA-Interim,mild
met_insituHT_US-TKs_2019-2024.nc,CO2air,0.0,29.2,observed,heavy
met_insituHT_US-TLR_2024-2024.nc,Tair,0.0,28.8,ERA-Interim,heavy
met_insituHT_US-TLR_2024-2024.nc,SWdown,0.0,21.7,ERA-Interim,medium
met_insituHT_US-TLR_2024-2024.nc,LWdown,0.0,28.8,ERA-Interim,heavy
met_insituHT_US-TLR_2024-2024.nc,VPD,0.0,29.6,ERA-Interim,heavy
met_insituHT_US-TLR_2024-2024.nc,PSurf,0.0,28.8,ERA-Interim,heavy
met_insituHT_US-TLR_2024-2024.nc,Rainf,0.0,28.8,ERA-Interim,heavy
met_insituHT_US-TLR_2024-2024.nc,Wind,0.0,28.8,ERA-Interim,heavy
met_insituHT_US-TLR_2024-2024.nc,Qair,0.0,29.6,ERA-Interim,heavy
met_insituHT_US-TLR_2024-2024.nc,RH,0.0,29.6,ERA-Interim,heavy
met_insituHT_US-TLR_2024-2024.nc,CO2air,0.0,41.0,observed,heavy
met_insituHT_US-TaS_2017-2022.nc,Tair,0.0,3.7,ERA-Interim,mild
met_insituHT_US-TaS_2017-2022.nc,SWdown,0.0,4.4,ERA-Interim,mild
met_insituHT_US-TaS_2017-2022.nc,LWdown,0.0,3.7,ERA-Interim,mild
met_insituHT_US-TaS_2017-2022.nc,VPD,0.0,3.7,ERA-Interim,mild
met_insituHT_US-TaS_2017-2022.nc,PSurf,0.0,7.6,ERA-Interim,mild
met_insituHT_US-TaS_2017-2022.nc,Rainf,0.0,100.0,ERA-Interim,complete
met_insituHT_US-TaS_2017-2022.nc,Wind,0.0,7.7,ERA-Interim,mild
met_insituHT_US-TaS_2017-2022.nc,Qair,0.0,3.7,ERA-Interim,mild
met_insituHT_US-TaS_2017-2022.nc,RH,0.0,3.7,ERA-Interim,mild
met_insituHT_US-TaS_2017-2022.nc,CO2air,0.0,8.0,observed,mild
met_insituHT_US-Ton_2002-2025.nc,Tair,0.0,0.9,ERA-Interim,mild
met_insituHT_US-Ton_2002-2025.nc,SWdown,0.0,0.8,ERA-Interim,mild
met_insituHT_US-Ton_2002-2025.nc,LWdown,0.0,51.3,ERA-Interim,complete
met_insituHT_US-Ton_2002-2025.nc,VPD,0.0,0.9,ERA-Interim,mild
met_insituHT_US-Ton_2002-2025.nc,PSurf,0.0,79.2,ERA-Interim,complete
met_insituHT_US-Ton_2002-2025.nc,Rainf,0.0,79.2,ERA-Interim,complete
met_insituHT_US-Ton_2002-2025.nc,Wind,0.0,6.8,ERA-Interim,mild
met_insituHT_US-Ton_2002-2025.nc,Qair,0.0,0.9,ERA-Interim,mild
met_insituHT_US-Ton_2002-2025.nc,RH,0.0,0.9,ERA-Interim,mild
met_insituHT_US-Ton_2002-2025.nc,CO2air,0.0,23.1,observed,medium
met_insituHT_US-Tw1_2012-2023.nc,Tair,0.0,4.1,ERA-Interim,mild
met_insituHT_US-Tw1_2012-2023.nc,SWdown,0.0,2.8,ERA-Interim,mild
met_insituHT_US-Tw1_2012-2023.nc,LWdown,0.0,3.1,ERA-Interim,mild
met_insituHT_US-Tw1_2012-2023.nc,VPD,0.0,6.9,ERA-Interim,mild
met_insituHT_US-Tw1_2012-2023.nc,PSurf,0.0,3.2,ERA-Interim,mild
met_insituHT_US-Tw1_2012-2023.nc,Rainf,0.0,100.0,ERA-Interim,complete
met_insituHT_US-Tw1_2012-2023.nc,Wind,0.0,3.8,ERA-Interim,mild
met_insituHT_US-Tw1_2012-2023.nc,Qair,0.0,6.9,ERA-Interim,mild
met_insituHT_US-Tw1_2012-2023.nc,RH,0.0,6.7,ERA-Interim,mild
met_insituHT_US-Tw1_2012-2023.nc,CO2air,0.0,14.4,observed,medium
met_insituHT_US-Tw2_2012-2013.nc,Tair,0.0,51.8,ERA-Interim,complete
met_insituHT_US-Tw2_2012-2013.nc,SWdown,0.0,51.9,ERA-Interim,complete
met_insituHT_US-Tw2_2012-2013.nc,LWdown,0.0,59.2,ERA-Interim,complete
met_insituHT_US-Tw2_2012-2013.nc,VPD,0.0,51.8,ERA-Interim,complete
met_insituHT_US-Tw2_2012-2013.nc,PSurf,0.0,51.8,ERA-Interim,complete
met_insituHT_US-Tw2_2012-2013.nc,Rainf,0.0,100.0,ERA-Interim,complete
met_insituHT_US-Tw2_2012-2013.nc,Wind,0.0,54.9,ERA-Interim,complete
met_insituHT_US-Tw2_2012-2013.nc,Qair,0.0,51.8,ERA-Interim,complete
met_insituHT_US-Tw2_2012-2013.nc,RH,0.0,51.8,ERA-Interim,complete
met_insituHT_US-Tw2_2012-2013.nc,CO2air,0.0,59.7,observed,complete
met_insituHT_US-Tw3_2014-2017.nc,Tair,0.0,5.3,ERA-Interim,mild
met_insituHT_US-Tw3_2014-2017.nc,SWdown,0.0,7.5,ERA-Interim,mild
met_insituHT_US-Tw3_2014-2017.nc,LWdown,0.0,16.2,ERA-Interim,medium
met_insituHT_US-Tw3_2014-2017.nc,VPD,0.0,7.4,ERA-Interim,mild
met_insituHT_US-Tw3_2014-2017.nc,PSurf,0.0,2.9,ERA-Interim,mild
met_insituHT_US-Tw3_2014-2017.nc,Rainf,0.0,83.9,ERA-Interim,complete
met_insituHT_US-Tw3_2014-2017.nc,Wind,0.0,3.5,ERA-Interim,mild
met_insituHT_US-Tw3_2014-2017.nc,Qair,0.0,7.4,ERA-Interim,mild
met_insituHT_US-Tw3_2014-2017.nc,RH,0.0,6.5,ERA-Interim,mild
met_insituHT_US-Tw3_2014-2017.nc,CO2air,0.0,15.8,observed,medium
met_insituHT_US-Tw4_2014-2024.nc,Tair,0.0,2.7,ERA-Interim,mild
met_insituHT_US-Tw4_2014-2024.nc,SWdown,0.0,0.6,ERA-Interim,mild
met_insituHT_US-Tw4_2014-2024.nc,LWdown,0.0,2.4,ERA-Interim,mild
met_insituHT_US-Tw4_2014-2024.nc,VPD,0.0,3.3,ERA-Interim,mild
met_insituHT_US-Tw4_2014-2024.nc,PSurf,0.0,7.5,ERA-Interim,mild
met_insituHT_US-Tw4_2014-2024.nc,Rainf,0.0,1.2,ERA-Interim,mild
met_insituHT_US-Tw4_2014-2024.nc,Wind,0.0,2.8,ERA-Interim,mild
met_insituHT_US-Tw4_2014-2024.nc,Qair,0.0,3.3,ERA-Interim,mild
met_insituHT_US-Tw4_2014-2024.nc,RH,0.0,3.2,ERA-Interim,mild
met_insituHT_US-Tw4_2014-2024.nc,CO2air,0.0,16.1,observed,medium
met_insituHT_US-Tw5_2019-2019.nc,Tair,0.0,3.4,ERA-Interim,mild
met_insituHT_US-Tw5_2019-2019.nc,SWdown,0.0,0.7,ERA-Interim,mild
met_insituHT_US-Tw5_2019-2019.nc,LWdown,0.0,1.3,ERA-Interim,mild
met_insituHT_US-Tw5_2019-2019.nc,VPD,0.0,3.4,ERA-Interim,mild
met_insituHT_US-Tw5_2019-2019.nc,PSurf,0.0,0.5,ERA-Interim,mild
met_insituHT_US-Tw5_2019-2019.nc,Rainf,0.0,100.0,ERA-Interim,complete
met_insituHT_US-Tw5_2019-2019.nc,Wind,0.0,2.2,ERA-Interim,mild
met_insituHT_US-Tw5_2019-2019.nc,Qair,0.0,3.4,ERA-Interim,mild
met_insituHT_US-Tw5_2019-2019.nc,RH,0.0,0.5,ERA-Interim,mild
met_insituHT_US-Tw5_2019-2019.nc,CO2air,0.0,15.5,observed,medium
met_insituHT_US-Twt_2010-2016.nc,Tair,0.0,6.3,ERA-Interim,mild
met_insituHT_US-Twt_2010-2016.nc,SWdown,0.0,1.1,ERA-Interim,mild
met_insituHT_US-Twt_2010-2016.nc,LWdown,0.0,100.0,ERA-Interim,complete
met_insituHT_US-Twt_2010-2016.nc,VPD,0.0,7.4,ERA-Interim,mild
met_insituHT_US-Twt_2010-2016.nc,PSurf,0.0,7.1,ERA-Interim,mild
met_insituHT_US-Twt_2010-2016.nc,Rainf,0.0,0.0,ERA-Interim,mild
met_insituHT_US-Twt_2010-2016.nc,Wind,0.0,2.9,ERA-Interim,mild
met_insituHT_US-Twt_2010-2016.nc,Qair,0.0,7.4,ERA-Interim,mild
met_insituHT_US-Twt_2010-2016.nc,RH,0.0,4.0,ERA-Interim,mild
met_insituHT_US-Twt_2010-2016.nc,CO2air,0.0,26.5,observed,heavy
met_insituHT_US-UC1_2020-2024.nc,Tair,0.0,0.1,ERA-Interim,mild
met_insituHT_US-UC1_2020-2024.nc,SWdown,0.0,0.5,ERA-Interim,mild
met_insituHT_US-UC1_2020-2024.nc,LWdown,0.0,2.3,ERA-Interim,mild
met_insituHT_US-UC1_2020-2024.nc,VPD,0.0,0.1,ERA-Interim,mild
met_insituHT_US-UC1_2020-2024.nc,PSurf,0.0,10.2,ERA-Interim,medium
met_insituHT_US-UC1_2020-2024.nc,Rainf,0.0,0.1,ERA-Interim,mild
met_insituHT_US-UC1_2020-2024.nc,Wind,0.0,10.2,ERA-Interim,medium
met_insituHT_US-UC1_2020-2024.nc,Qair,0.0,0.1,ERA-Interim,mild
met_insituHT_US-UC1_2020-2024.nc,RH,0.0,0.1,ERA-Interim,mild
met_insituHT_US-UC1_2020-2024.nc,CO2air,0.0,13.1,observed,medium
met_insituHT_US-UC2_2020-2024.nc,Tair,0.0,0.4,ERA-Interim,mild
met_insituHT_US-UC2_2020-2024.nc,SWdown,0.0,0.5,ERA-Interim,mild
met_insituHT_US-UC2_2020-2024.nc,LWdown,0.0,4.6,ERA-Interim,mild
met_insituHT_US-UC2_2020-2024.nc,VPD,0.0,0.4,ERA-Interim,mild
met_insituHT_US-UC2_2020-2024.nc,PSurf,0.0,6.3,ERA-Interim,mild
met_insituHT_US-UC2_2020-2024.nc,Rainf,0.0,0.4,ERA-Interim,mild
met_insituHT_US-UC2_2020-2024.nc,Wind,0.0,6.3,ERA-Interim,mild
met_insituHT_US-UC2_2020-2024.nc,Qair,0.0,0.4,ERA-Interim,mild
met_insituHT_US-UC2_2020-2024.nc,RH,0.0,0.4,ERA-Interim,mild
met_insituHT_US-UC2_2020-2024.nc,CO2air,0.0,7.0,observed,mild
met_insituHT_US-UMd_2008-2024.nc,Tair,0.0,4.0,ERA-Interim,mild
met_insituHT_US-UMd_2008-2024.nc,SWdown,0.0,3.6,ERA-Interim,mild
met_insituHT_US-UMd_2008-2024.nc,LWdown,0.0,20.1,ERA-Interim,medium
met_insituHT_US-UMd_2008-2024.nc,VPD,0.0,5.7,ERA-Interim,mild
met_insituHT_US-UMd_2008-2024.nc,PSurf,0.0,8.5,ERA-Interim,mild
met_insituHT_US-UMd_2008-2024.nc,Rainf,0.0,100.0,ERA-Interim,complete
met_insituHT_US-UMd_2008-2024.nc,Wind,0.0,6.5,ERA-Interim,mild
met_insituHT_US-UMd_2008-2024.nc,Qair,0.0,5.7,ERA-Interim,mild
met_insituHT_US-UMd_2008-2024.nc,RH,0.0,5.7,ERA-Interim,mild
met_insituHT_US-UMd_2008-2024.nc,CO2air,0.0,5.0,observed,mild
met_insituHT_US-UTB_2022-2023.nc,Tair,0.0,23.9,ERA-Interim,medium
met_insituHT_US-UTB_2022-2023.nc,SWdown,0.0,24.5,ERA-Interim,medium
met_insituHT_US-UTB_2022-2023.nc,LWdown,0.0,24.7,ERA-Interim,medium
met_insituHT_US-UTB_2022-2023.nc,VPD,0.0,37.2,ERA-Interim,heavy
met_insituHT_US-UTB_2022-2023.nc,PSurf,0.0,23.9,ERA-Interim,medium
met_insituHT_US-UTB_2022-2023.nc,Rainf,0.0,23.9,ERA-Interim,medium
met_insituHT_US-UTB_2022-2023.nc,Wind,0.0,24.1,ERA-Interim,medium
met_insituHT_US-UTB_2022-2023.nc,Qair,0.0,37.2,ERA-Interim,heavy
met_insituHT_US-UTB_2022-2023.nc,RH,0.0,37.2,ERA-Interim,heavy
met_insituHT_US-UTB_2022-2023.nc,CO2air,0.0,25.7,observed,heavy
met_insituHT_US-UTD_2023-2024.nc,Tair,0.0,58.5,ERA-Interim,complete
met_insituHT_US-UTD_2023-2024.nc,SWdown,0.0,58.8,ERA-Interim,complete
met_insituHT_US-UTD_2023-2024.nc,LWdown,0.0,58.7,ERA-Interim,complete
met_insituHT_US-UTD_2023-2024.nc,VPD,0.0,58.5,ERA-Interim,complete
met_insituHT_US-UTD_2023-2024.nc,PSurf,0.0,58.5,ERA-Interim,complete
met_insituHT_US-UTD_2023-2024.nc,Rainf,0.0,58.4,ERA-Interim,complete
met_insituHT_US-UTD_2023-2024.nc,Wind,0.0,58.6,ERA-Interim,complete
met_insituHT_US-UTD_2023-2024.nc,Qair,0.0,58.5,ERA-Interim,complete
met_insituHT_US-UTD_2023-2024.nc,RH,0.0,58.4,ERA-Interim,complete
met_insituHT_US-UTD_2023-2024.nc,CO2air,0.0,61.1,observed,complete
met_insituHT_US-UTE_2024-2025.nc,Tair,0.0,37.2,ERA-Interim,heavy
met_insituHT_US-UTE_2024-2025.nc,SWdown,0.0,41.9,ERA-Interim,heavy
met_insituHT_US-UTE_2024-2025.nc,LWdown,0.0,41.8,ERA-Interim,heavy
met_insituHT_US-UTE_2024-2025.nc,VPD,0.0,37.2,ERA-Interim,heavy
met_insituHT_US-UTE_2024-2025.nc,PSurf,0.0,37.2,ERA-Interim,heavy
met_insituHT_US-UTE_2024-2025.nc,Rainf,0.0,37.2,ERA-Interim,heavy
met_insituHT_US-UTE_2024-2025.nc,Wind,0.0,34.7,ERA-Interim,heavy
met_insituHT_US-UTE_2024-2025.nc,Qair,0.0,37.2,ERA-Interim,heavy
met_insituHT_US-UTE_2024-2025.nc,RH,0.0,37.2,ERA-Interim,heavy
met_insituHT_US-UTE_2024-2025.nc,CO2air,0.0,45.6,observed,heavy
met_insituHT_US-UTJ_2024-2025.nc,Tair,0.0,35.4,ERA-Interim,heavy
met_insituHT_US-UTJ_2024-2025.nc,SWdown,0.0,33.2,ERA-Interim,heavy
met_insituHT_US-UTJ_2024-2025.nc,LWdown,0.0,32.9,ERA-Interim,heavy
met_insituHT_US-UTJ_2024-2025.nc,VPD,0.0,35.4,ERA-Interim,heavy
met_insituHT_US-UTJ_2024-2025.nc,PSurf,0.0,35.5,ERA-Interim,heavy
met_insituHT_US-UTJ_2024-2025.nc,Rainf,0.0,100.0,ERA-Interim,complete
met_insituHT_US-UTJ_2024-2025.nc,Wind,0.0,35.5,ERA-Interim,heavy
met_insituHT_US-UTJ_2024-2025.nc,Qair,0.0,35.4,ERA-Interim,heavy
met_insituHT_US-UTJ_2024-2025.nc,RH,0.0,35.4,ERA-Interim,heavy
met_insituHT_US-UTJ_2024-2025.nc,CO2air,0.0,47.0,observed,heavy
met_insituHT_US-UTL_2024-2025.nc,Tair,0.0,55.1,ERA-Interim,complete
met_insituHT_US-UTL_2024-2025.nc,SWdown,0.0,53.7,ERA-Interim,complete
met_insituHT_US-UTL_2024-2025.nc,LWdown,0.0,57.3,ERA-Interim,complete
met_insituHT_US-UTL_2024-2025.nc,VPD,0.0,55.4,ERA-Interim,complete
met_insituHT_US-UTL_2024-2025.nc,PSurf,0.0,55.1,ERA-Interim,complete
met_insituHT_US-UTL_2024-2025.nc,Rainf,0.0,55.1,ERA-Interim,complete
met_insituHT_US-UTL_2024-2025.nc,Wind,0.0,55.2,ERA-Interim,complete
met_insituHT_US-UTL_2024-2025.nc,Qair,0.0,55.4,ERA-Interim,complete
met_insituHT_US-UTL_2024-2025.nc,RH,0.0,55.4,ERA-Interim,complete
met_insituHT_US-UTL_2024-2025.nc,CO2air,0.0,58.3,observed,complete
met_insituHT_US-UTM_2023-2023.nc,Tair,0.0,36.5,ERA-Interim,heavy
met_insituHT_US-UTM_2023-2023.nc,SWdown,0.0,35.9,ERA-Interim,heavy
met_insituHT_US-UTM_2023-2023.nc,LWdown,0.0,36.7,ERA-Interim,heavy
met_insituHT_US-UTM_2023-2023.nc,VPD,0.0,42.0,ERA-Interim,heavy
met_insituHT_US-UTM_2023-2023.nc,PSurf,0.0,36.4,ERA-Interim,heavy
met_insituHT_US-UTM_2023-2023.nc,Rainf,0.0,36.4,ERA-Interim,heavy
met_insituHT_US-UTM_2023-2023.nc,Wind,0.0,36.6,ERA-Interim,heavy
met_insituHT_US-UTM_2023-2023.nc,Qair,0.0,42.0,ERA-Interim,heavy
met_insituHT_US-UTM_2023-2023.nc,RH,0.0,42.0,ERA-Interim,heavy
met_insituHT_US-UTM_2023-2023.nc,CO2air,0.0,42.2,observed,heavy
met_insituHT_US-UTP_2024-2024.nc,Tair,0.0,69.4,ERA-Interim,complete
met_insituHT_US-UTP_2024-2024.nc,SWdown,0.0,89.0,ERA-Interim,complete
met_insituHT_US-UTP_2024-2024.nc,LWdown,0.0,89.3,ERA-Interim,complete
met_insituHT_US-UTP_2024-2024.nc,VPD,0.0,69.6,ERA-Interim,complete
met_insituHT_US-UTP_2024-2024.nc,PSurf,0.0,69.9,ERA-Interim,complete
met_insituHT_US-UTP_2024-2024.nc,Rainf,0.0,69.4,ERA-Interim,complete
met_insituHT_US-UTP_2024-2024.nc,Wind,0.0,69.4,ERA-Interim,complete
met_insituHT_US-UTP_2024-2024.nc,Qair,0.0,69.6,ERA-Interim,complete
met_insituHT_US-UTP_2024-2024.nc,RH,0.0,69.6,ERA-Interim,complete
met_insituHT_US-UTP_2024-2024.nc,CO2air,0.0,69.7,observed,complete
met_insituHT_US-UTV_2024-2024.nc,Tair,0.0,0.1,ERA-Interim,mild
met_insituHT_US-UTV_2024-2024.nc,SWdown,0.0,0.4,ERA-Interim,mild
met_insituHT_US-UTV_2024-2024.nc,LWdown,0.0,0.2,ERA-Interim,mild
met_insituHT_US-UTV_2024-2024.nc,VPD,0.0,0.1,ERA-Interim,mild
met_insituHT_US-UTV_2024-2024.nc,PSurf,0.0,0.1,ERA-Interim,mild
met_insituHT_US-UTV_2024-2024.nc,Rainf,0.0,6.0,ERA-Interim,mild
met_insituHT_US-UTV_2024-2024.nc,Wind,0.0,0.1,ERA-Interim,mild
met_insituHT_US-UTV_2024-2024.nc,Qair,0.0,0.1,ERA-Interim,mild
met_insituHT_US-UTV_2024-2024.nc,RH,0.0,0.1,ERA-Interim,mild
met_insituHT_US-UTV_2024-2024.nc,CO2air,0.0,5.5,observed,mild
met_insituHT_US-UTW_2022-2023.nc,Tair,0.0,8.8,ERA-Interim,mild
met_insituHT_US-UTW_2022-2023.nc,SWdown,0.0,27.3,ERA-Interim,heavy
met_insituHT_US-UTW_2022-2023.nc,LWdown,0.0,27.5,ERA-Interim,heavy
met_insituHT_US-UTW_2022-2023.nc,VPD,0.0,9.5,ERA-Interim,mild
met_insituHT_US-UTW_2022-2023.nc,PSurf,0.0,8.8,ERA-Interim,mild
met_insituHT_US-UTW_2022-2023.nc,Rainf,0.0,100.0,ERA-Interim,complete
met_insituHT_US-UTW_2022-2023.nc,Wind,0.0,9.1,ERA-Interim,mild
met_insituHT_US-UTW_2022-2023.nc,Qair,0.0,9.5,ERA-Interim,mild
met_insituHT_US-UTW_2022-2023.nc,RH,0.0,9.5,ERA-Interim,mild
met_insituHT_US-UTW_2022-2023.nc,CO2air,0.0,10.6,observed,medium
met_insituHT_US-Uaf_2004-2024.nc,Tair,0.0,1.8,observed,mild
met_insituHT_US-Uaf_2004-2024.nc,SWdown,0.0,2.3,observed,mild
met_insituHT_US-Uaf_2004-2024.nc,LWdown,0.0,27.9,ERA-Interim,heavy
met_insituHT_US-Uaf_2004-2024.nc,VPD,0.0,1.9,observed,mild
met_insituHT_US-Uaf_2004-2024.nc,PSurf,0.0,1.7,ERA-Interim,mild
met_insituHT_US-Uaf_2004-2024.nc,Rainf,0.0,0.5,ERA-Interim,mild
met_insituHT_US-Uaf_2004-2024.nc,Wind,0.0,2.6,ERA-Interim,mild
met_insituHT_US-Uaf_2004-2024.nc,Qair,0.0,1.9,observed,mild
met_insituHT_US-Uaf_2004-2024.nc,RH,0.0,1.8,ERA-Interim,mild
met_insituHT_US-Uaf_2004-2024.nc,CO2air,0.0,52.9,observed,complete
met_insituHT_US-UiA_2009-2024.nc,Tair,0.0,56.0,ERA-Interim,complete
met_insituHT_US-UiA_2009-2024.nc,SWdown,0.0,49.5,ERA-Interim,heavy
met_insituHT_US-UiA_2009-2024.nc,LWdown,0.0,49.6,ERA-Interim,heavy
met_insituHT_US-UiA_2009-2024.nc,VPD,0.0,56.0,ERA-Interim,complete
met_insituHT_US-UiA_2009-2024.nc,PSurf,0.0,51.1,ERA-Interim,complete
met_insituHT_US-UiA_2009-2024.nc,Rainf,0.0,100.0,ERA-Interim,complete
met_insituHT_US-UiA_2009-2024.nc,Wind,0.0,51.1,ERA-Interim,complete
met_insituHT_US-UiA_2009-2024.nc,Qair,0.0,56.0,ERA-Interim,complete
met_insituHT_US-UiA_2009-2024.nc,RH,0.0,52.3,ERA-Interim,complete
met_insituHT_US-UiA_2009-2024.nc,CO2air,0.0,52.1,observed,complete
met_insituHT_US-UiB_2009-2024.nc,Tair,0.0,23.6,ERA-Interim,medium
met_insituHT_US-UiB_2009-2024.nc,SWdown,0.0,6.6,ERA-Interim,mild
met_insituHT_US-UiB_2009-2024.nc,LWdown,0.0,9.8,ERA-Interim,mild
met_insituHT_US-UiB_2009-2024.nc,VPD,0.0,23.8,ERA-Interim,medium
met_insituHT_US-UiB_2009-2024.nc,PSurf,0.0,23.8,ERA-Interim,medium
met_insituHT_US-UiB_2009-2024.nc,Rainf,0.0,100.0,ERA-Interim,complete
met_insituHT_US-UiB_2009-2024.nc,Wind,0.0,21.1,ERA-Interim,medium
met_insituHT_US-UiB_2009-2024.nc,Qair,0.0,23.8,ERA-Interim,medium
met_insituHT_US-UiB_2009-2024.nc,RH,0.0,5.8,ERA-Interim,mild
met_insituHT_US-UiB_2009-2024.nc,CO2air,0.0,22.8,observed,medium
met_insituHT_US-UiC_2009-2024.nc,Tair,0.0,58.6,ERA-Interim,complete
met_insituHT_US-UiC_2009-2024.nc,SWdown,0.0,12.4,ERA-Interim,medium
met_insituHT_US-UiC_2009-2024.nc,LWdown,0.0,15.7,ERA-Interim,medium
met_insituHT_US-UiC_2009-2024.nc,VPD,0.0,58.6,ERA-Interim,complete
met_insituHT_US-UiC_2009-2024.nc,PSurf,0.0,10.2,ERA-Interim,medium
met_insituHT_US-UiC_2009-2024.nc,Rainf,0.0,100.0,ERA-Interim,complete
met_insituHT_US-UiC_2009-2024.nc,Wind,0.0,10.8,ERA-Interim,medium
met_insituHT_US-UiC_2009-2024.nc,Qair,0.0,58.6,ERA-Interim,complete
met_insituHT_US-UiC_2009-2024.nc,RH,0.0,14.8,ERA-Interim,medium
met_insituHT_US-UiC_2009-2024.nc,CO2air,0.0,12.2,observed,medium
met_insituHT_US-UiD_2009-2024.nc,Tair,0.0,62.4,ERA-Interim,complete
met_insituHT_US-UiD_2009-2024.nc,SWdown,0.0,55.8,ERA-Interim,complete
met_insituHT_US-UiD_2009-2024.nc,LWdown,0.0,55.9,ERA-Interim,complete
met_insituHT_US-UiD_2009-2024.nc,VPD,0.0,62.5,ERA-Interim,complete
met_insituHT_US-UiD_2009-2024.nc,PSurf,0.0,54.6,ERA-Interim,complete
met_insituHT_US-UiD_2009-2024.nc,Rainf,0.0,100.0,ERA-Interim,complete
met_insituHT_US-UiD_2009-2024.nc,Wind,0.0,54.6,ERA-Interim,complete
met_insituHT_US-UiD_2009-2024.nc,Qair,0.0,62.5,ERA-Interim,complete
met_insituHT_US-UiD_2009-2024.nc,RH,0.0,58.3,ERA-Interim,complete
met_insituHT_US-UiD_2009-2024.nc,CO2air,0.0,58.1,observed,complete
met_insituHT_US-UiE_2019-2024.nc,Tair,0.0,3.2,ERA-Interim,mild
met_insituHT_US-UiE_2019-2024.nc,SWdown,0.0,9.2,ERA-Interim,mild
met_insituHT_US-UiE_2019-2024.nc,LWdown,0.0,10.2,ERA-Interim,medium
met_insituHT_US-UiE_2019-2024.nc,VPD,0.0,20.1,ERA-Interim,medium
met_insituHT_US-UiE_2019-2024.nc,PSurf,0.0,13.7,ERA-Interim,medium
met_insituHT_US-UiE_2019-2024.nc,Rainf,0.0,0.0,ERA-Interim,mild
met_insituHT_US-UiE_2019-2024.nc,Wind,0.0,10.3,ERA-Interim,medium
met_insituHT_US-UiE_2019-2024.nc,Qair,0.0,20.1,ERA-Interim,medium
met_insituHT_US-UiE_2019-2024.nc,RH,0.0,20.0,ERA-Interim,medium
met_insituHT_US-UiE_2019-2024.nc,CO2air,0.0,14.7,observed,medium
met_insituHT_US-UiF_2019-2022.nc,Tair,0.0,3.4,ERA-Interim,mild
met_insituHT_US-UiF_2019-2022.nc,SWdown,0.0,4.0,ERA-Interim,mild
met_insituHT_US-UiF_2019-2022.nc,LWdown,0.0,40.6,ERA-Interim,heavy
met_insituHT_US-UiF_2019-2022.nc,VPD,0.0,3.9,ERA-Interim,mild
met_insituHT_US-UiF_2019-2022.nc,PSurf,0.0,14.7,ERA-Interim,medium
met_insituHT_US-UiF_2019-2022.nc,Rainf,0.0,0.0,ERA-Interim,mild
met_insituHT_US-UiF_2019-2022.nc,Wind,0.0,14.0,ERA-Interim,medium
met_insituHT_US-UiF_2019-2022.nc,Qair,0.0,3.9,ERA-Interim,mild
met_insituHT_US-UiF_2019-2022.nc,RH,0.0,3.7,ERA-Interim,mild
met_insituHT_US-UiF_2019-2022.nc,CO2air,0.0,15.7,observed,medium
met_insituHT_US-UiG_2019-2023.nc,Tair,0.0,0.8,ERA-Interim,mild
met_insituHT_US-UiG_2019-2023.nc,SWdown,0.0,13.7,ERA-Interim,medium
met_insituHT_US-UiG_2019-2023.nc,LWdown,0.0,31.4,ERA-Interim,heavy
met_insituHT_US-UiG_2019-2023.nc,VPD,0.0,15.9,ERA-Interim,medium
met_insituHT_US-UiG_2019-2023.nc,PSurf,0.0,7.8,ERA-Interim,mild
met_insituHT_US-UiG_2019-2023.nc,Rainf,0.0,0.1,ERA-Interim,mild
met_insituHT_US-UiG_2019-2023.nc,Wind,0.0,7.2,ERA-Interim,mild
met_insituHT_US-UiG_2019-2023.nc,Qair,0.0,15.9,ERA-Interim,medium
met_insituHT_US-UiG_2019-2023.nc,RH,0.0,15.7,ERA-Interim,medium
met_insituHT_US-UiG_2019-2023.nc,CO2air,0.0,9.7,observed,mild
met_insituHT_US-VT1_2024-2024.nc,Tair,0.0,5.5,ERA-Interim,mild
met_insituHT_US-VT1_2024-2024.nc,SWdown,0.0,1.5,ERA-Interim,mild
met_insituHT_US-VT1_2024-2024.nc,LWdown,0.0,3.9,ERA-Interim,mild
met_insituHT_US-VT1_2024-2024.nc,VPD,0.0,5.5,ERA-Interim,mild
met_insituHT_US-VT1_2024-2024.nc,PSurf,0.0,6.1,ERA-Interim,mild
met_insituHT_US-VT1_2024-2024.nc,Rainf,0.0,1.7,ERA-Interim,mild
met_insituHT_US-VT1_2024-2024.nc,Wind,0.0,4.4,ERA-Interim,mild
met_insituHT_US-VT1_2024-2024.nc,Qair,0.0,5.5,ERA-Interim,mild
met_insituHT_US-VT1_2024-2024.nc,RH,0.0,5.3,ERA-Interim,mild
met_insituHT_US-VT1_2024-2024.nc,CO2air,0.0,6.1,observed,mild
met_insituHT_US-VT2_2024-2024.nc,Tair,0.0,4.2,ERA-Interim,mild
met_insituHT_US-VT2_2024-2024.nc,SWdown,0.0,3.2,ERA-Interim,mild
met_insituHT_US-VT2_2024-2024.nc,LWdown,0.0,5.6,ERA-Interim,mild
met_insituHT_US-VT2_2024-2024.nc,VPD,0.0,5.1,ERA-Interim,mild
met_insituHT_US-VT2_2024-2024.nc,PSurf,0.0,5.4,ERA-Interim,mild
met_insituHT_US-VT2_2024-2024.nc,Rainf,0.0,1.7,ERA-Interim,mild
met_insituHT_US-VT2_2024-2024.nc,Wind,0.0,2.3,ERA-Interim,mild
met_insituHT_US-VT2_2024-2024.nc,Qair,0.0,5.1,ERA-Interim,mild
met_insituHT_US-VT2_2024-2024.nc,RH,0.0,4.2,ERA-Interim,mild
met_insituHT_US-VT2_2024-2024.nc,CO2air,0.0,3.6,observed,mild
met_insituHT_US-Var_2001-2025.nc,Tair,0.0,1.4,ERA-Interim,mild
met_insituHT_US-Var_2001-2025.nc,SWdown,0.0,0.5,ERA-Interim,mild
met_insituHT_US-Var_2001-2025.nc,LWdown,0.0,15.9,ERA-Interim,medium
met_insituHT_US-Var_2001-2025.nc,VPD,0.0,3.5,ERA-Interim,mild
met_insituHT_US-Var_2001-2025.nc,PSurf,0.0,0.8,ERA-Interim,mild
met_insituHT_US-Var_2001-2025.nc,Rainf,0.0,1.8,ERA-Interim,mild
met_insituHT_US-Var_2001-2025.nc,Wind,0.0,4.5,ERA-Interim,mild
met_insituHT_US-Var_2001-2025.nc,Qair,0.0,3.5,ERA-Interim,mild
met_insituHT_US-Var_2001-2025.nc,RH,0.0,3.5,ERA-Interim,mild
met_insituHT_US-Var_2001-2025.nc,CO2air,0.0,25.0,observed,medium
met_insituHT_US-Vcm_2007-2025.nc,Tair,0.0,11.9,observed,medium
met_insituHT_US-Vcm_2007-2025.nc,SWdown,0.0,13.5,ERA-Interim,medium
met_insituHT_US-Vcm_2007-2025.nc,LWdown,0.0,19.3,ERA-Interim,medium
met_insituHT_US-Vcm_2007-2025.nc,VPD,0.0,13.2,observed,medium
met_insituHT_US-Vcm_2007-2025.nc,PSurf,0.0,24.8,ERA-Interim,medium
met_insituHT_US-Vcm_2007-2025.nc,Rainf,0.0,38.3,ERA-Interim,heavy
met_insituHT_US-Vcm_2007-2025.nc,Wind,0.0,8.5,ERA-Interim,mild
met_insituHT_US-Vcm_2007-2025.nc,Qair,0.0,13.2,observed,medium
met_insituHT_US-Vcm_2007-2025.nc,RH,0.0,7.7,ERA-Interim,mild
met_insituHT_US-Vcm_2007-2025.nc,CO2air,0.0,16.2,observed,medium
met_insituHT_US-Vcp_2007-2025.nc,Tair,0.0,9.7,observed,mild
met_insituHT_US-Vcp_2007-2025.nc,SWdown,0.0,5.9,observed,mild
met_insituHT_US-Vcp_2007-2025.nc,LWdown,0.0,18.2,observed,medium
met_insituHT_US-Vcp_2007-2025.nc,VPD,0.0,11.8,observed,medium
met_insituHT_US-Vcp_2007-2025.nc,PSurf,0.0,7.4,ERA-Interim,mild
met_insituHT_US-Vcp_2007-2025.nc,Rainf,0.0,24.7,ERA-Interim,medium
met_insituHT_US-Vcp_2007-2025.nc,Wind,0.0,7.5,ERA-Interim,mild
met_insituHT_US-Vcp_2007-2025.nc,Qair,0.0,11.8,observed,medium
met_insituHT_US-Vcp_2007-2025.nc,RH,0.0,7.8,ERA-Interim,mild
met_insituHT_US-Vcp_2007-2025.nc,CO2air,0.0,28.2,observed,heavy
met_insituHT_US-WCr_2000-2024.nc,Tair,0.0,26.0,ERA-Interim,heavy
met_insituHT_US-WCr_2000-2024.nc,SWdown,0.0,21.3,ERA-Interim,medium
met_insituHT_US-WCr_2000-2024.nc,LWdown,0.0,23.7,ERA-Interim,medium
met_insituHT_US-WCr_2000-2024.nc,VPD,0.0,29.0,ERA-Interim,heavy
met_insituHT_US-WCr_2000-2024.nc,PSurf,0.0,27.8,ERA-Interim,heavy
met_insituHT_US-WCr_2000-2024.nc,Rainf,0.0,0.6,ERA-Interim,mild
met_insituHT_US-WCr_2000-2024.nc,Wind,0.0,29.3,ERA-Interim,heavy
met_insituHT_US-WCr_2000-2024.nc,Qair,0.0,29.0,ERA-Interim,heavy
met_insituHT_US-WCr_2000-2024.nc,RH,0.0,23.7,ERA-Interim,medium
met_insituHT_US-WCr_2000-2024.nc,CO2air,0.0,35.7,observed,heavy
met_insituHT_US-WPT_2011-2013.nc,Tair,0.0,0.2,observed,mild
met_insituHT_US-WPT_2011-2013.nc,SWdown,0.0,0.2,observed,mild
met_insituHT_US-WPT_2011-2013.nc,LWdown,0.0,1.6,observed,mild
met_insituHT_US-WPT_2011-2013.nc,VPD,0.0,3.5,observed,mild
met_insituHT_US-WPT_2011-2013.nc,PSurf,0.0,21.2,ERA-Interim,medium
met_insituHT_US-WPT_2011-2013.nc,Rainf,0.0,0.0,ERA-Interim,mild
met_insituHT_US-WPT_2011-2013.nc,Wind,0.0,21.2,ERA-Interim,medium
met_insituHT_US-WPT_2011-2013.nc,Qair,0.0,3.5,observed,mild
met_insituHT_US-WPT_2011-2013.nc,RH,0.0,3.5,ERA-Interim,mild
met_insituHT_US-WPT_2011-2013.nc,CO2air,0.0,36.5,observed,heavy
met_insituHT_US-WT1_2024-2024.nc,Tair,0.0,0.0,ERA-Interim,mild
met_insituHT_US-WT1_2024-2024.nc,SWdown,0.0,0.0,ERA-Interim,mild
met_insituHT_US-WT1_2024-2024.nc,LWdown,0.0,100.0,ERA-Interim,complete
met_insituHT_US-WT1_2024-2024.nc,VPD,0.0,0.0,ERA-Interim,mild
met_insituHT_US-WT1_2024-2024.nc,PSurf,0.0,0.0,ERA-Interim,mild
met_insituHT_US-WT1_2024-2024.nc,Rainf,0.0,100.0,ERA-Interim,complete
met_insituHT_US-WT1_2024-2024.nc,Wind,0.0,0.0,ERA-Interim,mild
met_insituHT_US-WT1_2024-2024.nc,Qair,0.0,0.0,ERA-Interim,mild
met_insituHT_US-WT1_2024-2024.nc,RH,0.0,0.0,ERA-Interim,mild
met_insituHT_US-WT1_2024-2024.nc,CO2air,0.0,2.9,observed,mild
met_insituHT_US-Whs_2008-2025.nc,Tair,0.0,6.0,ERA-Interim,mild
met_insituHT_US-Whs_2008-2025.nc,SWdown,0.0,0.4,ERA-Interim,mild
met_insituHT_US-Whs_2008-2025.nc,LWdown,0.0,10.5,ERA-Interim,medium
met_insituHT_US-Whs_2008-2025.nc,VPD,0.0,6.0,ERA-Interim,mild
met_insituHT_US-Whs_2008-2025.nc,PSurf,0.0,1.2,ERA-Interim,mild
met_insituHT_US-Whs_2008-2025.nc,Rainf,0.0,0.0,ERA-Interim,mild
met_insituHT_US-Whs_2008-2025.nc,Wind,0.0,0.7,ERA-Interim,mild
met_insituHT_US-Whs_2008-2025.nc,Qair,0.0,6.0,ERA-Interim,mild
met_insituHT_US-Whs_2008-2025.nc,RH,0.0,6.0,ERA-Interim,mild
met_insituHT_US-Whs_2008-2025.nc,CO2air,0.0,3.7,observed,mild
met_insituHT_US-Wjs_2008-2024.nc,Tair,0.0,5.2,ERA-Interim,mild
met_insituHT_US-Wjs_2008-2024.nc,SWdown,0.0,3.9,ERA-Interim,mild
met_insituHT_US-Wjs_2008-2024.nc,LWdown,0.0,8.1,ERA-Interim,mild
met_insituHT_US-Wjs_2008-2024.nc,VPD,0.0,7.2,ERA-Interim,mild
met_insituHT_US-Wjs_2008-2024.nc,PSurf,0.0,4.8,ERA-Interim,mild
met_insituHT_US-Wjs_2008-2024.nc,Rainf,0.0,4.0,ERA-Interim,mild
met_insituHT_US-Wjs_2008-2024.nc,Wind,0.0,3.6,ERA-Interim,mild
met_insituHT_US-Wjs_2008-2024.nc,Qair,0.0,7.2,ERA-Interim,mild
met_insituHT_US-Wjs_2008-2024.nc,RH,0.0,5.1,ERA-Interim,mild
met_insituHT_US-Wjs_2008-2024.nc,CO2air,0.0,9.9,observed,mild
met_insituHT_US-Wkg_2005-2025.nc,Tair,0.0,0.6,ERA-Interim,mild
met_insituHT_US-Wkg_2005-2025.nc,SWdown,0.0,0.5,ERA-Interim,mild
met_insituHT_US-Wkg_2005-2025.nc,LWdown,0.0,3.7,ERA-Interim,mild
met_insituHT_US-Wkg_2005-2025.nc,VPD,0.0,0.8,ERA-Interim,mild
met_insituHT_US-Wkg_2005-2025.nc,PSurf,0.0,1.8,ERA-Interim,mild
met_insituHT_US-Wkg_2005-2025.nc,Rainf,0.0,0.0,ERA-Interim,mild
met_insituHT_US-Wkg_2005-2025.nc,Wind,0.0,1.0,ERA-Interim,mild
met_insituHT_US-Wkg_2005-2025.nc,Qair,0.0,0.8,ERA-Interim,mild
met_insituHT_US-Wkg_2005-2025.nc,RH,0.0,0.8,ERA-Interim,mild
met_insituHT_US-Wkg_2005-2025.nc,CO2air,0.0,4.6,observed,mild
met_insituHT_US-YK1_2020-2024.nc,Tair,0.0,49.1,ERA-Interim,heavy
met_insituHT_US-YK1_2020-2024.nc,SWdown,0.0,50.3,ERA-Interim,complete
met_insituHT_US-YK1_2020-2024.nc,LWdown,0.0,54.2,ERA-Interim,complete
met_insituHT_US-YK1_2020-2024.nc,VPD,0.0,50.5,ERA-Interim,complete
met_insituHT_US-YK1_2020-2024.nc,PSurf,0.0,61.9,ERA-Interim,complete
met_insituHT_US-YK1_2020-2024.nc,Rainf,0.0,54.3,ERA-Interim,complete
met_insituHT_US-YK1_2020-2024.nc,Wind,0.0,62.1,ERA-Interim,complete
met_insituHT_US-YK1_2020-2024.nc,Qair,0.0,50.5,ERA-Interim,complete
met_insituHT_US-YK1_2020-2024.nc,RH,0.0,48.8,ERA-Interim,heavy
met_insituHT_US-YK1_2020-2024.nc,CO2air,0.0,64.2,observed,complete
met_insituHT_US-YK2_2020-2024.nc,Tair,0.0,49.9,ERA-Interim,heavy
met_insituHT_US-YK2_2020-2024.nc,SWdown,0.0,40.6,ERA-Interim,heavy
met_insituHT_US-YK2_2020-2024.nc,LWdown,0.0,49.8,ERA-Interim,heavy
met_insituHT_US-YK2_2020-2024.nc,VPD,0.0,49.9,ERA-Interim,heavy
met_insituHT_US-YK2_2020-2024.nc,PSurf,0.0,49.2,ERA-Interim,heavy
met_insituHT_US-YK2_2020-2024.nc,Rainf,0.0,44.8,ERA-Interim,heavy
met_insituHT_US-YK2_2020-2024.nc,Wind,0.0,49.1,ERA-Interim,heavy
met_insituHT_US-YK2_2020-2024.nc,Qair,0.0,49.9,ERA-Interim,heavy
met_insituHT_US-YK2_2020-2024.nc,RH,0.0,49.9,ERA-Interim,heavy
met_insituHT_US-YK2_2020-2024.nc,CO2air,0.0,49.5,observed,heavy
met_insituHT_US-ZF1_2025-2025.nc,Tair,0.0,4.3,ERA-Interim,mild
met_insituHT_US-ZF1_2025-2025.nc,SWdown,0.0,3.7,ERA-Interim,mild
met_insituHT_US-ZF1_2025-2025.nc,LWdown,0.0,4.0,ERA-Interim,mild
met_insituHT_US-ZF1_2025-2025.nc,VPD,0.0,4.3,ERA-Interim,mild
met_insituHT_US-ZF1_2025-2025.nc,PSurf,0.0,7.9,ERA-Interim,mild
met_insituHT_US-ZF1_2025-2025.nc,Rainf,0.0,4.1,ERA-Interim,mild
met_insituHT_US-ZF1_2025-2025.nc,Wind,0.0,6.4,ERA-Interim,mild
met_insituHT_US-ZF1_2025-2025.nc,Qair,0.0,4.3,ERA-Interim,mild
met_insituHT_US-ZF1_2025-2025.nc,RH,0.0,4.0,ERA-Interim,mild
met_insituHT_US-ZF1_2025-2025.nc,CO2air,0.0,15.6,observed,medium
met_insituHT_US-ZF2_2025-2025.nc,Tair,0.0,3.8,ERA-Interim,mild
met_insituHT_US-ZF2_2025-2025.nc,SWdown,0.0,2.9,ERA-Interim,mild
met_insituHT_US-ZF2_2025-2025.nc,LWdown,0.0,4.6,ERA-Interim,mild
met_insituHT_US-ZF2_2025-2025.nc,VPD,0.0,3.8,ERA-Interim,mild
met_insituHT_US-ZF2_2025-2025.nc,PSurf,0.0,7.4,ERA-Interim,mild
met_insituHT_US-ZF2_2025-2025.nc,Rainf,0.0,3.6,ERA-Interim,mild
met_insituHT_US-ZF2_2025-2025.nc,Wind,0.0,11.1,ERA-Interim,medium
met_insituHT_US-ZF2_2025-2025.nc,Qair,0.0,3.8,ERA-Interim,mild
met_insituHT_US-ZF2_2025-2025.nc,RH,0.0,3.6,ERA-Interim,mild
met_insituHT_US-ZF2_2025-2025.nc,CO2air,0.0,20.6,observed,medium
met_insituHT_US-xAB_2021-2023.nc,Tair,0.0,1.4,observed,mild
met_insituHT_US-xAB_2021-2023.nc,SWdown,0.0,1.3,observed,mild
met_insituHT_US-xAB_2021-2023.nc,LWdown,0.0,1.5,observed,mild
met_insituHT_US-xAB_2021-2023.nc,VPD,0.0,8.1,observed,mild
met_insituHT_US-xAB_2021-2023.nc,PSurf,0.0,3.9,ERA-Interim,mild
met_insituHT_US-xAB_2021-2023.nc,Rainf,0.0,1.0,ERA-Interim,mild
met_insituHT_US-xAB_2021-2023.nc,Wind,0.0,17.8,ERA-Interim,medium
met_insituHT_US-xAB_2021-2023.nc,Qair,0.0,8.1,observed,mild
met_insituHT_US-xAB_2021-2023.nc,RH,0.0,8.1,ERA-Interim,mild
met_insituHT_US-xAB_2021-2023.nc,CO2air,0.0,22.3,observed,medium
met_insituHT_US-xAE_2019-2024.nc,Tair,0.0,0.7,observed,mild
met_insituHT_US-xAE_2019-2024.nc,SWdown,0.0,0.8,observed,mild
met_insituHT_US-xAE_2019-2024.nc,LWdown,0.0,2.1,observed,mild
met_insituHT_US-xAE_2019-2024.nc,VPD,0.0,6.3,observed,mild
met_insituHT_US-xAE_2019-2024.nc,PSurf,0.0,1.2,ERA-Interim,mild
met_insituHT_US-xAE_2019-2024.nc,Rainf,0.0,29.4,ERA-Interim,heavy
met_insituHT_US-xAE_2019-2024.nc,Wind,0.0,12.9,ERA-Interim,medium
met_insituHT_US-xAE_2019-2024.nc,Qair,0.0,6.3,observed,mild
met_insituHT_US-xAE_2019-2024.nc,RH,0.0,6.3,ERA-Interim,mild
met_insituHT_US-xAE_2019-2024.nc,CO2air,0.0,26.9,observed,heavy
met_insituHT_US-xBA_2020-2023.nc,Tair,0.0,8.4,ERA-Interim,mild
met_insituHT_US-xBA_2020-2023.nc,SWdown,0.0,1.9,ERA-Interim,mild
met_insituHT_US-xBA_2020-2023.nc,LWdown,0.0,4.7,ERA-Interim,mild
met_insituHT_US-xBA_2020-2023.nc,VPD,0.0,24.9,ERA-Interim,medium
met_insituHT_US-xBA_2020-2023.nc,PSurf,0.0,16.6,ERA-Interim,medium
met_insituHT_US-xBA_2020-2023.nc,Rainf,0.0,0.0,ERA-Interim,mild
met_insituHT_US-xBA_2020-2023.nc,Wind,0.0,44.6,ERA-Interim,heavy
met_insituHT_US-xBA_2020-2023.nc,Qair,0.0,24.9,ERA-Interim,medium
met_insituHT_US-xBA_2020-2023.nc,RH,0.0,24.8,ERA-Interim,medium
met_insituHT_US-xBA_2020-2023.nc,CO2air,0.0,47.4,observed,heavy
met_insituHT_US-xBL_2020-2024.nc,Tair,0.0,0.9,observed,mild
met_insituHT_US-xBL_2020-2024.nc,SWdown,0.0,0.9,observed,mild
met_insituHT_US-xBL_2020-2024.nc,LWdown,0.0,1.2,observed,mild
met_insituHT_US-xBL_2020-2024.nc,VPD,0.0,13.1,observed,medium
met_insituHT_US-xBL_2020-2024.nc,PSurf,0.0,1.8,ERA-Interim,mild
met_insituHT_US-xBL_2020-2024.nc,Rainf,0.0,6.9,ERA-Interim,mild
met_insituHT_US-xBL_2020-2024.nc,Wind,0.0,10.3,ERA-Interim,medium
met_insituHT_US-xBL_2020-2024.nc,Qair,0.0,13.1,observed,medium
met_insituHT_US-xBL_2020-2024.nc,RH,0.0,13.1,ERA-Interim,medium
met_insituHT_US-xBL_2020-2024.nc,CO2air,0.0,30.8,observed,heavy
met_insituHT_US-xBN_2019-2023.nc,Tair,0.0,1.1,observed,mild
met_insituHT_US-xBN_2019-2023.nc,SWdown,0.0,1.1,observed,mild
met_insituHT_US-xBN_2019-2023.nc,LWdown,0.0,1.1,observed,mild
met_insituHT_US-xBN_2019-2023.nc,VPD,0.0,4.0,observed,mild
met_insituHT_US-xBN_2019-2023.nc,PSurf,0.0,3.9,ERA-Interim,mild
met_insituHT_US-xBN_2019-2023.nc,Rainf,0.0,31.9,ERA-Interim,heavy
met_insituHT_US-xBN_2019-2023.nc,Wind,0.0,13.1,ERA-Interim,medium
met_insituHT_US-xBN_2019-2023.nc,Qair,0.0,4.0,observed,mild
met_insituHT_US-xBN_2019-2023.nc,RH,0.0,4.0,ERA-Interim,mild
met_insituHT_US-xBN_2019-2023.nc,CO2air,0.0,38.0,observed,heavy
met_insituHT_US-xBR_2019-2023.nc,Tair,0.0,1.5,observed,mild
met_insituHT_US-xBR_2019-2023.nc,SWdown,0.0,1.6,observed,mild
met_insituHT_US-xBR_2019-2023.nc,LWdown,0.0,1.7,observed,mild
met_insituHT_US-xBR_2019-2023.nc,VPD,0.0,3.3,observed,mild
met_insituHT_US-xBR_2019-2023.nc,PSurf,0.0,1.9,ERA-Interim,mild
met_insituHT_US-xBR_2019-2023.nc,Rainf,0.0,7.2,ERA-Interim,mild
met_insituHT_US-xBR_2019-2023.nc,Wind,0.0,14.8,ERA-Interim,medium
met_insituHT_US-xBR_2019-2023.nc,Qair,0.0,3.3,observed,mild
met_insituHT_US-xBR_2019-2023.nc,RH,0.0,3.3,ERA-Interim,mild
met_insituHT_US-xBR_2019-2023.nc,CO2air,0.0,20.2,observed,medium
met_insituHT_US-xCL_2020-2024.nc,Tair,0.0,1.1,observed,mild
met_insituHT_US-xCL_2020-2024.nc,SWdown,0.0,1.1,observed,mild
met_insituHT_US-xCL_2020-2024.nc,LWdown,0.0,15.7,observed,medium
met_insituHT_US-xCL_2020-2024.nc,VPD,0.0,3.0,observed,mild
met_insituHT_US-xCL_2020-2024.nc,PSurf,0.0,5.7,ERA-Interim,mild
met_insituHT_US-xCL_2020-2024.nc,Rainf,0.0,17.0,ERA-Interim,medium
met_insituHT_US-xCL_2020-2024.nc,Wind,0.0,12.1,ERA-Interim,medium
met_insituHT_US-xCL_2020-2024.nc,Qair,0.0,3.0,observed,mild
met_insituHT_US-xCL_2020-2024.nc,RH,0.0,3.0,ERA-Interim,mild
met_insituHT_US-xCL_2020-2024.nc,CO2air,0.0,22.2,observed,medium
met_insituHT_US-xCP_2019-2024.nc,Tair,0.0,1.4,observed,mild
met_insituHT_US-xCP_2019-2024.nc,SWdown,0.0,1.5,observed,mild
met_insituHT_US-xCP_2019-2024.nc,LWdown,0.0,4.9,observed,mild
met_insituHT_US-xCP_2019-2024.nc,VPD,0.0,1.8,observed,mild
met_insituHT_US-xCP_2019-2024.nc,PSurf,0.0,1.4,ERA-Interim,mild
met_insituHT_US-xCP_2019-2024.nc,Rainf,0.0,22.0,ERA-Interim,medium
met_insituHT_US-xCP_2019-2024.nc,Wind,0.0,9.9,ERA-Interim,mild
met_insituHT_US-xCP_2019-2024.nc,Qair,0.0,1.8,observed,mild
met_insituHT_US-xCP_2019-2024.nc,RH,0.0,1.8,ERA-Interim,mild
met_insituHT_US-xCP_2019-2024.nc,CO2air,0.0,37.3,observed,heavy
met_insituHT_US-xDC_2019-2024.nc,Tair,0.0,1.2,observed,mild
met_insituHT_US-xDC_2019-2024.nc,SWdown,0.0,1.4,observed,mild
met_insituHT_US-xDC_2019-2024.nc,LWdown,0.0,1.3,observed,mild
met_insituHT_US-xDC_2019-2024.nc,VPD,0.0,7.3,observed,mild
met_insituHT_US-xDC_2019-2024.nc,PSurf,0.0,2.1,ERA-Interim,mild
met_insituHT_US-xDC_2019-2024.nc,Rainf,0.0,2.0,ERA-Interim,mild
met_insituHT_US-xDC_2019-2024.nc,Wind,0.0,14.8,ERA-Interim,medium
met_insituHT_US-xDC_2019-2024.nc,Qair,0.0,7.3,observed,mild
met_insituHT_US-xDC_2019-2024.nc,RH,0.0,7.3,ERA-Interim,mild
met_insituHT_US-xDC_2019-2024.nc,CO2air,0.0,17.5,observed,medium
met_insituHT_US-xDJ_2019-2024.nc,Tair,0.0,1.2,observed,mild
met_insituHT_US-xDJ_2019-2024.nc,SWdown,0.0,0.9,observed,mild
met_insituHT_US-xDJ_2019-2024.nc,LWdown,0.0,0.8,observed,mild
met_insituHT_US-xDJ_2019-2024.nc,VPD,0.0,8.4,observed,mild
met_insituHT_US-xDJ_2019-2024.nc,PSurf,0.0,3.2,ERA-Interim,mild
met_insituHT_US-xDJ_2019-2024.nc,Rainf,0.0,13.9,ERA-Interim,medium
met_insituHT_US-xDJ_2019-2024.nc,Wind,0.0,12.4,ERA-Interim,medium
met_insituHT_US-xDJ_2019-2024.nc,Qair,0.0,8.4,observed,mild
met_insituHT_US-xDJ_2019-2024.nc,RH,0.0,8.4,ERA-Interim,mild
met_insituHT_US-xDJ_2019-2024.nc,CO2air,0.0,25.6,observed,heavy
met_insituHT_US-xDL_2020-2024.nc,Tair,0.0,2.2,observed,mild
met_insituHT_US-xDL_2020-2024.nc,SWdown,0.0,2.0,observed,mild
met_insituHT_US-xDL_2020-2024.nc,LWdown,0.0,9.0,observed,mild
met_insituHT_US-xDL_2020-2024.nc,VPD,0.0,14.6,observed,medium
met_insituHT_US-xDL_2020-2024.nc,PSurf,0.0,14.3,ERA-Interim,medium
met_insituHT_US-xDL_2020-2024.nc,Rainf,0.0,0.7,ERA-Interim,mild
met_insituHT_US-xDL_2020-2024.nc,Wind,0.0,9.1,ERA-Interim,mild
met_insituHT_US-xDL_2020-2024.nc,Qair,0.0,14.6,observed,medium
met_insituHT_US-xDL_2020-2024.nc,RH,0.0,14.6,ERA-Interim,medium
met_insituHT_US-xDL_2020-2024.nc,CO2air,0.0,36.8,observed,heavy
met_insituHT_US-xDS_2020-2024.nc,Tair,0.0,1.0,observed,mild
met_insituHT_US-xDS_2020-2024.nc,SWdown,0.0,0.8,observed,mild
met_insituHT_US-xDS_2020-2024.nc,LWdown,0.0,1.0,observed,mild
met_insituHT_US-xDS_2020-2024.nc,VPD,0.0,9.2,observed,mild
met_insituHT_US-xDS_2020-2024.nc,PSurf,0.0,1.7,ERA-Interim,mild
met_insituHT_US-xDS_2020-2024.nc,Rainf,0.0,1.8,ERA-Interim,mild
met_insituHT_US-xDS_2020-2024.nc,Wind,0.0,7.7,ERA-Interim,mild
met_insituHT_US-xDS_2020-2024.nc,Qair,0.0,9.2,observed,mild
met_insituHT_US-xDS_2020-2024.nc,RH,0.0,9.2,ERA-Interim,mild
met_insituHT_US-xDS_2020-2024.nc,CO2air,0.0,26.8,observed,heavy
met_insituHT_US-xGR_2020-2024.nc,Tair,0.0,1.5,observed,mild
met_insituHT_US-xGR_2020-2024.nc,SWdown,0.0,1.1,observed,mild
met_insituHT_US-xGR_2020-2024.nc,LWdown,0.0,6.2,observed,mild
met_insituHT_US-xGR_2020-2024.nc,VPD,0.0,7.6,observed,mild
met_insituHT_US-xGR_2020-2024.nc,PSurf,0.0,2.6,ERA-Interim,mild
met_insituHT_US-xGR_2020-2024.nc,Rainf,0.0,9.8,ERA-Interim,mild
met_insituHT_US-xGR_2020-2024.nc,Wind,0.0,11.7,ERA-Interim,medium
met_insituHT_US-xGR_2020-2024.nc,Qair,0.0,7.6,observed,mild
met_insituHT_US-xGR_2020-2024.nc,RH,0.0,7.6,ERA-Interim,mild
met_insituHT_US-xGR_2020-2024.nc,CO2air,0.0,33.1,observed,heavy
met_insituHT_US-xHA_2020-2024.nc,Tair,0.0,0.9,observed,mild
met_insituHT_US-xHA_2020-2024.nc,SWdown,0.0,0.8,observed,mild
met_insituHT_US-xHA_2020-2024.nc,LWdown,0.0,2.5,observed,mild
met_insituHT_US-xHA_2020-2024.nc,VPD,0.0,12.1,observed,medium
met_insituHT_US-xHA_2020-2024.nc,PSurf,0.0,1.4,ERA-Interim,mild
met_insituHT_US-xHA_2020-2024.nc,Rainf,0.0,2.1,ERA-Interim,mild
met_insituHT_US-xHA_2020-2024.nc,Wind,0.0,18.2,ERA-Interim,medium
met_insituHT_US-xHA_2020-2024.nc,Qair,0.0,12.1,observed,medium
met_insituHT_US-xHA_2020-2024.nc,RH,0.0,12.1,ERA-Interim,medium
met_insituHT_US-xHA_2020-2024.nc,CO2air,0.0,28.8,observed,heavy
met_insituHT_US-xHE_2019-2024.nc,Tair,0.0,0.8,observed,mild
met_insituHT_US-xHE_2019-2024.nc,SWdown,0.0,1.0,observed,mild
met_insituHT_US-xHE_2019-2024.nc,LWdown,0.0,10.3,observed,medium
met_insituHT_US-xHE_2019-2024.nc,VPD,0.0,6.9,observed,mild
met_insituHT_US-xHE_2019-2024.nc,PSurf,0.0,3.0,ERA-Interim,mild
met_insituHT_US-xHE_2019-2024.nc,Rainf,0.0,21.2,ERA-Interim,medium
met_insituHT_US-xHE_2019-2024.nc,Wind,0.0,29.1,ERA-Interim,heavy
met_insituHT_US-xHE_2019-2024.nc,Qair,0.0,6.9,observed,mild
met_insituHT_US-xHE_2019-2024.nc,RH,0.0,6.9,ERA-Interim,mild
met_insituHT_US-xHE_2019-2024.nc,CO2air,0.0,30.7,observed,heavy
met_insituHT_US-xJE_2020-2024.nc,Tair,0.0,1.1,observed,mild
met_insituHT_US-xJE_2020-2024.nc,SWdown,0.0,0.9,observed,mild
met_insituHT_US-xJE_2020-2024.nc,LWdown,0.0,1.1,observed,mild
met_insituHT_US-xJE_2020-2024.nc,VPD,0.0,6.2,observed,mild
met_insituHT_US-xJE_2020-2024.nc,PSurf,0.0,1.8,ERA-Interim,mild
met_insituHT_US-xJE_2020-2024.nc,Rainf,0.0,0.0,ERA-Interim,mild
met_insituHT_US-xJE_2020-2024.nc,Wind,0.0,18.2,ERA-Interim,medium
met_insituHT_US-xJE_2020-2024.nc,Qair,0.0,6.2,observed,mild
met_insituHT_US-xJE_2020-2024.nc,RH,0.0,6.2,ERA-Interim,mild
met_insituHT_US-xJE_2020-2024.nc,CO2air,0.0,25.6,observed,heavy
met_insituHT_US-xJR_2019-2023.nc,Tair,0.0,1.1,observed,mild
met_insituHT_US-xJR_2019-2023.nc,SWdown,0.0,0.9,observed,mild
met_insituHT_US-xJR_2019-2023.nc,LWdown,0.0,15.4,observed,medium
met_insituHT_US-xJR_2019-2023.nc,VPD,0.0,1.8,observed,mild
met_insituHT_US-xJR_2019-2023.nc,PSurf,0.0,1.9,ERA-Interim,mild
met_insituHT_US-xJR_2019-2023.nc,Rainf,0.0,20.5,ERA-Interim,medium
met_insituHT_US-xJR_2019-2023.nc,Wind,0.0,6.9,ERA-Interim,mild
met_insituHT_US-xJR_2019-2023.nc,Qair,0.0,1.8,observed,mild
met_insituHT_US-xJR_2019-2023.nc,RH,0.0,1.8,ERA-Interim,mild
met_insituHT_US-xJR_2019-2023.nc,CO2air,0.0,24.5,observed,medium
met_insituHT_US-xKA_2021-2024.nc,Tair,0.0,1.9,observed,mild
met_insituHT_US-xKA_2021-2024.nc,SWdown,0.0,1.8,observed,mild
met_insituHT_US-xKA_2021-2024.nc,LWdown,0.0,3.2,observed,mild
met_insituHT_US-xKA_2021-2024.nc,VPD,0.0,5.3,observed,mild
met_insituHT_US-xKA_2021-2024.nc,PSurf,0.0,2.3,ERA-Interim,mild
met_insituHT_US-xKA_2021-2024.nc,Rainf,0.0,5.2,ERA-Interim,mild
met_insituHT_US-xKA_2021-2024.nc,Wind,0.0,15.1,ERA-Interim,medium
met_insituHT_US-xKA_2021-2024.nc,Qair,0.0,5.3,observed,mild
met_insituHT_US-xKA_2021-2024.nc,RH,0.0,5.3,ERA-Interim,mild
met_insituHT_US-xKA_2021-2024.nc,CO2air,0.0,22.9,observed,medium
met_insituHT_US-xKZ_2019-2024.nc,Tair,0.0,2.0,observed,mild
met_insituHT_US-xKZ_2019-2024.nc,SWdown,0.0,1.6,observed,mild
met_insituHT_US-xKZ_2019-2024.nc,LWdown,0.0,1.8,observed,mild
met_insituHT_US-xKZ_2019-2024.nc,VPD,0.0,5.6,observed,mild
met_insituHT_US-xKZ_2019-2024.nc,PSurf,0.0,3.0,ERA-Interim,mild
met_insituHT_US-xKZ_2019-2024.nc,Rainf,0.0,5.8,ERA-Interim,mild
met_insituHT_US-xKZ_2019-2024.nc,Wind,0.0,15.1,ERA-Interim,medium
met_insituHT_US-xKZ_2019-2024.nc,Qair,0.0,5.6,observed,mild
met_insituHT_US-xKZ_2019-2024.nc,RH,0.0,5.3,ERA-Interim,mild
met_insituHT_US-xKZ_2019-2024.nc,CO2air,0.0,31.3,observed,heavy
met_insituHT_US-xLE_2020-2023.nc,Tair,0.0,12.7,observed,medium
met_insituHT_US-xLE_2020-2023.nc,SWdown,0.0,11.5,observed,medium
met_insituHT_US-xLE_2020-2023.nc,LWdown,0.0,13.5,observed,medium
met_insituHT_US-xLE_2020-2023.nc,VPD,0.0,29.2,observed,heavy
met_insituHT_US-xLE_2020-2023.nc,PSurf,0.0,13.8,ERA-Interim,medium
met_insituHT_US-xLE_2020-2023.nc,Rainf,0.0,18.9,ERA-Interim,medium
met_insituHT_US-xLE_2020-2023.nc,Wind,0.0,37.3,ERA-Interim,heavy
met_insituHT_US-xLE_2020-2023.nc,Qair,0.0,29.2,observed,heavy
met_insituHT_US-xLE_2020-2023.nc,RH,0.0,29.2,ERA-Interim,heavy
met_insituHT_US-xLE_2020-2023.nc,CO2air,0.0,61.7,observed,complete
met_insituHT_US-xMB_2020-2024.nc,Tair,0.0,0.5,observed,mild
met_insituHT_US-xMB_2020-2024.nc,SWdown,0.0,0.6,observed,mild
met_insituHT_US-xMB_2020-2024.nc,LWdown,0.0,2.7,observed,mild
met_insituHT_US-xMB_2020-2024.nc,VPD,0.0,0.8,observed,mild
met_insituHT_US-xMB_2020-2024.nc,PSurf,0.0,1.8,ERA-Interim,mild
met_insituHT_US-xMB_2020-2024.nc,Rainf,0.0,18.5,ERA-Interim,medium
met_insituHT_US-xMB_2020-2024.nc,Wind,0.0,10.8,ERA-Interim,medium
met_insituHT_US-xMB_2020-2024.nc,Qair,0.0,0.8,observed,mild
met_insituHT_US-xMB_2020-2024.nc,RH,0.0,0.8,ERA-Interim,mild
met_insituHT_US-xMB_2020-2024.nc,CO2air,0.0,19.3,observed,medium
met_insituHT_US-xML_2020-2024.nc,Tair,0.0,2.2,observed,mild
met_insituHT_US-xML_2020-2024.nc,SWdown,0.0,1.2,observed,mild
met_insituHT_US-xML_2020-2024.nc,LWdown,0.0,2.4,observed,mild
met_insituHT_US-xML_2020-2024.nc,VPD,0.0,25.4,observed,heavy
met_insituHT_US-xML_2020-2024.nc,PSurf,0.0,1.9,ERA-Interim,mild
met_insituHT_US-xML_2020-2024.nc,Rainf,0.0,11.8,ERA-Interim,medium
met_insituHT_US-xML_2020-2024.nc,Wind,0.0,22.6,ERA-Interim,medium
met_insituHT_US-xML_2020-2024.nc,Qair,0.0,25.4,observed,heavy
met_insituHT_US-xML_2020-2024.nc,RH,0.0,25.4,ERA-Interim,heavy
met_insituHT_US-xML_2020-2024.nc,CO2air,0.0,30.2,observed,heavy
met_insituHT_US-xNG_2019-2024.nc,Tair,0.0,1.6,observed,mild
met_insituHT_US-xNG_2019-2024.nc,SWdown,0.0,1.8,observed,mild
met_insituHT_US-xNG_2019-2024.nc,LWdown,0.0,4.2,observed,mild
met_insituHT_US-xNG_2019-2024.nc,VPD,0.0,3.4,observed,mild
met_insituHT_US-xNG_2019-2024.nc,PSurf,0.0,4.0,ERA-Interim,mild
met_insituHT_US-xNG_2019-2024.nc,Rainf,0.0,16.7,ERA-Interim,medium
met_insituHT_US-xNG_2019-2024.nc,Wind,0.0,11.3,ERA-Interim,medium
met_insituHT_US-xNG_2019-2024.nc,Qair,0.0,3.4,observed,mild
met_insituHT_US-xNG_2019-2024.nc,RH,0.0,3.4,ERA-Interim,mild
met_insituHT_US-xNG_2019-2024.nc,CO2air,0.0,34.4,observed,heavy
met_insituHT_US-xNQ_2020-2024.nc,Tair,0.0,0.8,observed,mild
met_insituHT_US-xNQ_2020-2024.nc,SWdown,0.0,0.8,observed,mild
met_insituHT_US-xNQ_2020-2024.nc,LWdown,0.0,0.7,observed,mild
met_insituHT_US-xNQ_2020-2024.nc,VPD,0.0,7.6,observed,mild
met_insituHT_US-xNQ_2020-2024.nc,PSurf,0.0,2.1,ERA-Interim,mild
met_insituHT_US-xNQ_2020-2024.nc,Rainf,0.0,20.2,ERA-Interim,medium
met_insituHT_US-xNQ_2020-2024.nc,Wind,0.0,23.5,ERA-Interim,medium
met_insituHT_US-xNQ_2020-2024.nc,Qair,0.0,7.6,observed,mild
met_insituHT_US-xNQ_2020-2024.nc,RH,0.0,7.6,ERA-Interim,mild
met_insituHT_US-xNQ_2020-2024.nc,CO2air,0.0,43.0,observed,heavy
met_insituHT_US-xNW_2020-2024.nc,Tair,0.0,4.4,observed,mild
met_insituHT_US-xNW_2020-2024.nc,SWdown,0.0,2.4,observed,mild
met_insituHT_US-xNW_2020-2024.nc,LWdown,0.0,2.6,observed,mild
met_insituHT_US-xNW_2020-2024.nc,VPD,0.0,7.7,observed,mild
met_insituHT_US-xNW_2020-2024.nc,PSurf,0.0,100.0,ERA-Interim,complete
met_insituHT_US-xNW_2020-2024.nc,Rainf,0.0,74.3,ERA-Interim,complete
met_insituHT_US-xNW_2020-2024.nc,Wind,0.0,42.8,ERA-Interim,heavy
met_insituHT_US-xNW_2020-2024.nc,Qair,0.0,7.7,observed,mild
met_insituHT_US-xNW_2020-2024.nc,RH,0.0,7.7,ERA-Interim,mild
met_insituHT_US-xNW_2020-2024.nc,CO2air,0.0,52.9,observed,complete
met_insituHT_US-xPU_2020-2024.nc,Tair,0.0,5.5,ERA-Interim,mild
met_insituHT_US-xPU_2020-2024.nc,SWdown,0.0,5.0,ERA-Interim,mild
met_insituHT_US-xPU_2020-2024.nc,LWdown,0.0,6.1,ERA-Interim,mild
met_insituHT_US-xPU_2020-2024.nc,VPD,0.0,38.2,ERA-Interim,heavy
met_insituHT_US-xPU_2020-2024.nc,PSurf,0.0,12.9,ERA-Interim,medium
met_insituHT_US-xPU_2020-2024.nc,Rainf,0.0,19.0,ERA-Interim,medium
met_insituHT_US-xPU_2020-2024.nc,Wind,0.0,44.6,ERA-Interim,heavy
met_insituHT_US-xPU_2020-2024.nc,Qair,0.0,38.2,ERA-Interim,heavy
met_insituHT_US-xPU_2020-2024.nc,RH,0.0,38.2,ERA-Interim,heavy
met_insituHT_US-xPU_2020-2024.nc,CO2air,0.0,62.5,observed,complete
met_insituHT_US-xRM_2019-2024.nc,Tair,0.0,3.6,observed,mild
met_insituHT_US-xRM_2019-2024.nc,SWdown,0.0,3.4,observed,mild
met_insituHT_US-xRM_2019-2024.nc,LWdown,0.0,4.3,observed,mild
met_insituHT_US-xRM_2019-2024.nc,VPD,0.0,5.7,observed,mild
met_insituHT_US-xRM_2019-2024.nc,PSurf,0.0,4.2,ERA-Interim,mild
met_insituHT_US-xRM_2019-2024.nc,Rainf,0.0,14.9,ERA-Interim,medium
met_insituHT_US-xRM_2019-2024.nc,Wind,0.0,6.0,ERA-Interim,mild
met_insituHT_US-xRM_2019-2024.nc,Qair,0.0,5.7,observed,mild
met_insituHT_US-xRM_2019-2024.nc,RH,0.0,5.7,ERA-Interim,mild
met_insituHT_US-xRM_2019-2024.nc,CO2air,0.0,25.3,observed,heavy
met_insituHT_US-xRN_2020-2024.nc,Tair,0.0,2.6,observed,mild
met_insituHT_US-xRN_2020-2024.nc,SWdown,0.0,2.2,observed,mild
met_insituHT_US-xRN_2020-2024.nc,LWdown,0.0,4.6,observed,mild
met_insituHT_US-xRN_2020-2024.nc,VPD,0.0,14.0,observed,medium
met_insituHT_US-xRN_2020-2024.nc,PSurf,0.0,3.6,ERA-Interim,mild
met_insituHT_US-xRN_2020-2024.nc,Rainf,0.0,4.0,ERA-Interim,mild
met_insituHT_US-xRN_2020-2024.nc,Wind,0.0,13.9,ERA-Interim,medium
met_insituHT_US-xRN_2020-2024.nc,Qair,0.0,14.0,observed,medium
met_insituHT_US-xRN_2020-2024.nc,RH,0.0,14.0,ERA-Interim,medium
met_insituHT_US-xRN_2020-2024.nc,CO2air,0.0,22.4,observed,medium
met_insituHT_US-xSB_2020-2024.nc,Tair,0.0,3.1,observed,mild
met_insituHT_US-xSB_2020-2024.nc,SWdown,0.0,1.2,observed,mild
met_insituHT_US-xSB_2020-2024.nc,LWdown,0.0,4.9,observed,mild
met_insituHT_US-xSB_2020-2024.nc,VPD,0.0,16.6,observed,medium
met_insituHT_US-xSB_2020-2024.nc,PSurf,0.0,10.3,ERA-Interim,medium
met_insituHT_US-xSB_2020-2024.nc,Rainf,0.0,1.3,ERA-Interim,mild
met_insituHT_US-xSB_2020-2024.nc,Wind,0.0,14.3,ERA-Interim,medium
met_insituHT_US-xSB_2020-2024.nc,Qair,0.0,16.6,observed,medium
met_insituHT_US-xSB_2020-2024.nc,RH,0.0,16.6,ERA-Interim,medium
met_insituHT_US-xSB_2020-2024.nc,CO2air,0.0,38.2,observed,heavy
met_insituHT_US-xSC_2019-2024.nc,Tair,0.0,1.1,observed,mild
met_insituHT_US-xSC_2019-2024.nc,SWdown,0.0,0.9,observed,mild
met_insituHT_US-xSC_2019-2024.nc,LWdown,0.0,1.9,observed,mild
met_insituHT_US-xSC_2019-2024.nc,VPD,0.0,6.0,observed,mild
met_insituHT_US-xSC_2019-2024.nc,PSurf,0.0,1.9,ERA-Interim,mild
met_insituHT_US-xSC_2019-2024.nc,Rainf,0.0,11.1,ERA-Interim,medium
met_insituHT_US-xSC_2019-2024.nc,Wind,0.0,20.9,ERA-Interim,medium
met_insituHT_US-xSC_2019-2024.nc,Qair,0.0,6.0,observed,mild
met_insituHT_US-xSC_2019-2024.nc,RH,0.0,6.0,ERA-Interim,mild
met_insituHT_US-xSC_2019-2024.nc,CO2air,0.0,48.6,observed,heavy
met_insituHT_US-xSE_2020-2024.nc,Tair,0.0,1.1,observed,mild
met_insituHT_US-xSE_2020-2024.nc,SWdown,0.0,1.0,observed,mild
met_insituHT_US-xSE_2020-2024.nc,LWdown,0.0,1.5,observed,mild
met_insituHT_US-xSE_2020-2024.nc,VPD,0.0,9.3,observed,mild
met_insituHT_US-xSE_2020-2024.nc,PSurf,0.0,8.0,ERA-Interim,mild
met_insituHT_US-xSE_2020-2024.nc,Rainf,0.0,8.1,ERA-Interim,mild
met_insituHT_US-xSE_2020-2024.nc,Wind,0.0,11.4,ERA-Interim,medium
met_insituHT_US-xSE_2020-2024.nc,Qair,0.0,9.3,observed,mild
met_insituHT_US-xSE_2020-2024.nc,RH,0.0,9.3,ERA-Interim,mild
met_insituHT_US-xSE_2020-2024.nc,CO2air,0.0,21.6,observed,medium
met_insituHT_US-xSJ_2020-2024.nc,Tair,0.0,0.9,observed,mild
met_insituHT_US-xSJ_2020-2024.nc,SWdown,0.0,0.9,observed,mild
met_insituHT_US-xSJ_2020-2024.nc,LWdown,0.0,3.6,observed,mild
met_insituHT_US-xSJ_2020-2024.nc,VPD,0.0,3.3,observed,mild
met_insituHT_US-xSJ_2020-2024.nc,PSurf,0.0,5.2,ERA-Interim,mild
met_insituHT_US-xSJ_2020-2024.nc,Rainf,0.0,17.0,ERA-Interim,medium
met_insituHT_US-xSJ_2020-2024.nc,Wind,0.0,12.7,ERA-Interim,medium
met_insituHT_US-xSJ_2020-2024.nc,Qair,0.0,3.3,observed,mild
met_insituHT_US-xSJ_2020-2024.nc,RH,0.0,3.3,ERA-Interim,mild
met_insituHT_US-xSJ_2020-2024.nc,CO2air,0.0,24.6,observed,medium
met_insituHT_US-xSL_2020-2024.nc,Tair,0.0,0.9,observed,mild
met_insituHT_US-xSL_2020-2024.nc,SWdown,0.0,1.0,observed,mild
met_insituHT_US-xSL_2020-2024.nc,LWdown,0.0,0.8,observed,mild
met_insituHT_US-xSL_2020-2024.nc,VPD,0.0,4.0,observed,mild
met_insituHT_US-xSL_2020-2024.nc,PSurf,0.0,1.8,ERA-Interim,mild
met_insituHT_US-xSL_2020-2024.nc,Rainf,0.0,17.7,ERA-Interim,medium
met_insituHT_US-xSL_2020-2024.nc,Wind,0.0,11.4,ERA-Interim,medium
met_insituHT_US-xSL_2020-2024.nc,Qair,0.0,4.0,observed,mild
met_insituHT_US-xSL_2020-2024.nc,RH,0.0,3.9,ERA-Interim,mild
met_insituHT_US-xSL_2020-2024.nc,CO2air,0.0,36.1,observed,heavy
met_insituHT_US-xSP_2020-2024.nc,Tair,0.0,4.5,observed,mild
met_insituHT_US-xSP_2020-2024.nc,SWdown,0.0,4.2,observed,mild
met_insituHT_US-xSP_2020-2024.nc,LWdown,0.0,4.7,observed,mild
met_insituHT_US-xSP_2020-2024.nc,VPD,0.0,11.8,observed,medium
met_insituHT_US-xSP_2020-2024.nc,PSurf,0.0,9.7,ERA-Interim,mild
met_insituHT_US-xSP_2020-2024.nc,Rainf,0.0,9.9,ERA-Interim,mild
met_insituHT_US-xSP_2020-2024.nc,Wind,0.0,13.2,ERA-Interim,medium
met_insituHT_US-xSP_2020-2024.nc,Qair,0.0,11.8,observed,medium
met_insituHT_US-xSP_2020-2024.nc,RH,0.0,11.8,ERA-Interim,medium
met_insituHT_US-xSP_2020-2024.nc,CO2air,0.0,26.1,observed,heavy
met_insituHT_US-xSR_2019-2024.nc,Tair,0.0,1.4,observed,mild
met_insituHT_US-xSR_2019-2024.nc,SWdown,0.0,1.1,observed,mild
met_insituHT_US-xSR_2019-2024.nc,LWdown,0.0,1.5,observed,mild
met_insituHT_US-xSR_2019-2024.nc,VPD,0.0,1.7,observed,mild
met_insituHT_US-xSR_2019-2024.nc,PSurf,0.0,1.9,ERA-Interim,mild
met_insituHT_US-xSR_2019-2024.nc,Rainf,0.0,8.9,ERA-Interim,mild
met_insituHT_US-xSR_2019-2024.nc,Wind,0.0,14.4,ERA-Interim,medium
met_insituHT_US-xSR_2019-2024.nc,Qair,0.0,1.7,observed,mild
met_insituHT_US-xSR_2019-2024.nc,RH,0.0,1.7,ERA-Interim,mild
met_insituHT_US-xSR_2019-2024.nc,CO2air,0.0,49.1,observed,heavy
met_insituHT_US-xST_2019-2024.nc,Tair,0.0,0.4,observed,mild
met_insituHT_US-xST_2019-2024.nc,SWdown,0.0,0.6,observed,mild
met_insituHT_US-xST_2019-2024.nc,LWdown,0.0,0.5,observed,mild
met_insituHT_US-xST_2019-2024.nc,VPD,0.0,3.7,observed,mild
met_insituHT_US-xST_2019-2024.nc,PSurf,0.0,3.9,ERA-Interim,mild
met_insituHT_US-xST_2019-2024.nc,Rainf,0.0,11.4,ERA-Interim,medium
met_insituHT_US-xST_2019-2024.nc,Wind,0.0,9.2,ERA-Interim,mild
met_insituHT_US-xST_2019-2024.nc,Qair,0.0,3.7,observed,mild
met_insituHT_US-xST_2019-2024.nc,RH,0.0,3.7,ERA-Interim,mild
met_insituHT_US-xST_2019-2024.nc,CO2air,0.0,25.0,observed,medium
met_insituHT_US-xTA_2020-2024.nc,Tair,0.0,2.7,observed,mild
met_insituHT_US-xTA_2020-2024.nc,SWdown,0.0,2.0,observed,mild
met_insituHT_US-xTA_2020-2024.nc,LWdown,0.0,4.0,observed,mild
met_insituHT_US-xTA_2020-2024.nc,VPD,0.0,14.4,observed,medium
met_insituHT_US-xTA_2020-2024.nc,PSurf,0.0,4.5,ERA-Interim,mild
met_insituHT_US-xTA_2020-2024.nc,Rainf,0.0,4.4,ERA-Interim,mild
met_insituHT_US-xTA_2020-2024.nc,Wind,0.0,33.8,ERA-Interim,heavy
met_insituHT_US-xTA_2020-2024.nc,Qair,0.0,14.4,observed,medium
met_insituHT_US-xTA_2020-2024.nc,RH,0.0,14.4,ERA-Interim,medium
met_insituHT_US-xTA_2020-2024.nc,CO2air,0.0,58.6,observed,complete
met_insituHT_US-xTE_2020-2024.nc,Tair,0.0,3.5,observed,mild
met_insituHT_US-xTE_2020-2024.nc,SWdown,0.0,3.5,observed,mild
met_insituHT_US-xTE_2020-2024.nc,LWdown,0.0,3.6,observed,mild
met_insituHT_US-xTE_2020-2024.nc,VPD,0.0,7.4,observed,mild
met_insituHT_US-xTE_2020-2024.nc,PSurf,0.0,8.7,ERA-Interim,mild
met_insituHT_US-xTE_2020-2024.nc,Rainf,0.0,2.0,ERA-Interim,mild
met_insituHT_US-xTE_2020-2024.nc,Wind,0.0,12.0,ERA-Interim,medium
met_insituHT_US-xTE_2020-2024.nc,Qair,0.0,7.4,observed,mild
met_insituHT_US-xTE_2020-2024.nc,RH,0.0,7.4,ERA-Interim,mild
met_insituHT_US-xTE_2020-2024.nc,CO2air,0.0,36.0,observed,heavy
met_insituHT_US-xTL_2019-2024.nc,Tair,0.0,4.1,observed,mild
met_insituHT_US-xTL_2019-2024.nc,SWdown,0.0,3.1,observed,mild
met_insituHT_US-xTL_2019-2024.nc,LWdown,0.0,3.1,observed,mild
met_insituHT_US-xTL_2019-2024.nc,VPD,0.0,19.3,observed,medium
met_insituHT_US-xTL_2019-2024.nc,PSurf,0.0,16.8,ERA-Interim,medium
met_insituHT_US-xTL_2019-2024.nc,Rainf,0.0,17.2,ERA-Interim,medium
met_insituHT_US-xTL_2019-2024.nc,Wind,0.0,40.9,ERA-Interim,heavy
met_insituHT_US-xTL_2019-2024.nc,Qair,0.0,19.3,observed,medium
met_insituHT_US-xTL_2019-2024.nc,RH,0.0,19.3,ERA-Interim,medium
met_insituHT_US-xTL_2019-2024.nc,CO2air,0.0,45.3,observed,heavy
met_insituHT_US-xTR_2019-2023.nc,Tair,0.0,0.5,observed,mild
met_insituHT_US-xTR_2019-2023.nc,SWdown,0.0,0.5,observed,mild
met_insituHT_US-xTR_2019-2023.nc,LWdown,0.0,0.5,observed,mild
met_insituHT_US-xTR_2019-2023.nc,VPD,0.0,12.8,observed,medium
met_insituHT_US-xTR_2019-2023.nc,PSurf,0.0,1.3,ERA-Interim,mild
met_insituHT_US-xTR_2019-2023.nc,Rainf,0.0,16.5,ERA-Interim,medium
met_insituHT_US-xTR_2019-2023.nc,Wind,0.0,14.9,ERA-Interim,medium
met_insituHT_US-xTR_2019-2023.nc,Qair,0.0,12.8,observed,medium
met_insituHT_US-xTR_2019-2023.nc,RH,0.0,12.8,ERA-Interim,medium
met_insituHT_US-xTR_2019-2023.nc,CO2air,0.0,14.1,observed,medium
met_insituHT_US-xUK_2020-2024.nc,Tair,0.0,1.7,observed,mild
met_insituHT_US-xUK_2020-2024.nc,SWdown,0.0,1.2,observed,mild
met_insituHT_US-xUK_2020-2024.nc,LWdown,0.0,6.4,ERA-Interim,mild
met_insituHT_US-xUK_2020-2024.nc,VPD,0.0,8.9,observed,mild
met_insituHT_US-xUK_2020-2024.nc,PSurf,0.0,1.7,ERA-Interim,mild
met_insituHT_US-xUK_2020-2024.nc,Rainf,0.0,1.6,ERA-Interim,mild
met_insituHT_US-xUK_2020-2024.nc,Wind,0.0,8.7,ERA-Interim,mild
met_insituHT_US-xUK_2020-2024.nc,Qair,0.0,8.9,observed,mild
met_insituHT_US-xUK_2020-2024.nc,RH,0.0,8.9,ERA-Interim,mild
met_insituHT_US-xUK_2020-2024.nc,CO2air,0.0,23.0,observed,medium
met_insituHT_US-xUN_2019-2024.nc,Tair,0.0,2.8,observed,mild
met_insituHT_US-xUN_2019-2024.nc,SWdown,0.0,2.7,observed,mild
met_insituHT_US-xUN_2019-2024.nc,LWdown,0.0,2.8,observed,mild
met_insituHT_US-xUN_2019-2024.nc,VPD,0.0,6.6,ERA-Interim,mild
met_insituHT_US-xUN_2019-2024.nc,PSurf,0.0,3.8,ERA-Interim,mild
met_insituHT_US-xUN_2019-2024.nc,Rainf,0.0,8.2,ERA-Interim,mild
met_insituHT_US-xUN_2019-2024.nc,Wind,0.0,13.4,ERA-Interim,medium
met_insituHT_US-xUN_2019-2024.nc,Qair,0.0,6.6,ERA-Interim,mild
met_insituHT_US-xUN_2019-2024.nc,RH,0.0,6.6,ERA-Interim,mild
met_insituHT_US-xUN_2019-2024.nc,CO2air,0.0,24.4,observed,medium
met_insituHT_US-xWD_2020-2024.nc,Tair,0.0,1.1,observed,mild
met_insituHT_US-xWD_2020-2024.nc,SWdown,0.0,1.2,observed,mild
met_insituHT_US-xWD_2020-2024.nc,LWdown,0.0,1.0,observed,mild
met_insituHT_US-xWD_2020-2024.nc,VPD,0.0,5.8,observed,mild
met_insituHT_US-xWD_2020-2024.nc,PSurf,0.0,1.7,ERA-Interim,mild
met_insituHT_US-xWD_2020-2024.nc,Rainf,0.0,8.5,ERA-Interim,mild
met_insituHT_US-xWD_2020-2024.nc,Wind,0.0,11.1,ERA-Interim,medium
met_insituHT_US-xWD_2020-2024.nc,Qair,0.0,5.8,observed,mild
met_insituHT_US-xWD_2020-2024.nc,RH,0.0,5.7,ERA-Interim,mild
met_insituHT_US-xWD_2020-2024.nc,CO2air,0.0,27.2,observed,heavy
met_insituHT_US-xWR_2019-2024.nc,Tair,0.0,1.5,observed,mild
met_insituHT_US-xWR_2019-2024.nc,SWdown,0.0,1.3,observed,mild
met_insituHT_US-xWR_2019-2024.nc,LWdown,0.0,1.6,observed,mild
met_insituHT_US-xWR_2019-2024.nc,VPD,0.0,10.8,observed,medium
met_insituHT_US-xWR_2019-2024.nc,PSurf,0.0,7.2,ERA-Interim,mild
met_insituHT_US-xWR_2019-2024.nc,Rainf,0.0,3.3,ERA-Interim,mild
met_insituHT_US-xWR_2019-2024.nc,Wind,0.0,27.1,ERA-Interim,heavy
met_insituHT_US-xWR_2019-2024.nc,Qair,0.0,10.8,observed,medium
met_insituHT_US-xWR_2019-2024.nc,RH,0.0,10.8,ERA-Interim,medium
met_insituHT_US-xWR_2019-2024.nc,CO2air,0.0,28.7,observed,heavy
met_insituHT_US-xYE_2019-2024.nc,Tair,0.0,2.8,observed,mild
met_insituHT_US-xYE_2019-2024.nc,SWdown,0.0,2.1,observed,mild
met_insituHT_US-xYE_2019-2024.nc,LWdown,0.0,3.0,observed,mild
met_insituHT_US-xYE_2019-2024.nc,VPD,0.0,3.9,observed,mild
met_insituHT_US-xYE_2019-2024.nc,PSurf,0.0,5.5,ERA-Interim,mild
met_insituHT_US-xYE_2019-2024.nc,Rainf,0.0,25.5,ERA-Interim,heavy
met_insituHT_US-xYE_2019-2024.nc,Wind,0.0,15.3,ERA-Interim,medium
met_insituHT_US-xYE_2019-2024.nc,Qair,0.0,3.9,observed,mild
met_insituHT_US-xYE_2019-2024.nc,RH,0.0,3.9,ERA-Interim,mild
met_insituHT_US-xYE_2019-2024.nc,CO2air,0.0,49.6,observed,heavy
met_insituHT_VU-Coc_2002-2003.nc,Tair,0.0,0.0,ERA-Interim,mild
met_insituHT_VU-Coc_2002-2003.nc,SWdown,0.0,0.0,ERA-Interim,mild
met_insituHT_VU-Coc_2002-2003.nc,LWdown,0.0,100.0,ERA-Interim,complete
met_insituHT_VU-Coc_2002-2003.nc,VPD,0.0,0.0,ERA-Interim,mild
met_insituHT_VU-Coc_2002-2003.nc,PSurf,0.0,100.0,ERA-Interim,complete
met_insituHT_VU-Coc_2002-2003.nc,Rainf,0.0,0.0,ERA-Interim,mild
met_insituHT_VU-Coc_2002-2003.nc,Wind,0.0,0.0,ERA-Interim,mild
met_insituHT_VU-Coc_2002-2003.nc,Qair,0.0,0.0,ERA-Interim,mild
met_insituHT_VU-Coc_2002-2003.nc,RH,0.0,0.0,ERA-Interim,mild
met_insituHT_VU-Coc_2002-2003.nc,CO2air,0.0,23.3,observed,medium
met_insituHT_ZA-BfK_2021-2024.nc,Tair,0.0,6.0,ERA-Interim,mild
met_insituHT_ZA-BfK_2021-2024.nc,SWdown,0.0,15.0,ERA-Interim,medium
met_insituHT_ZA-BfK_2021-2024.nc,LWdown,0.0,18.1,ERA-Interim,medium
met_insituHT_ZA-BfK_2021-2024.nc,VPD,0.0,7.6,ERA-Interim,mild
met_insituHT_ZA-BfK_2021-2024.nc,PSurf,0.0,6.1,ERA-Interim,mild
met_insituHT_ZA-BfK_2021-2024.nc,Rainf,0.0,4.4,ERA-Interim,mild
met_insituHT_ZA-BfK_2021-2024.nc,Wind,0.0,6.4,ERA-Interim,mild
met_insituHT_ZA-BfK_2021-2024.nc,Qair,0.0,7.6,ERA-Interim,mild
met_insituHT_ZA-BfK_2021-2024.nc,RH,0.0,7.4,ERA-Interim,mild
met_insituHT_ZA-BfK_2021-2024.nc,CO2air,0.0,7.2,observed,mild
met_insituHT_ZA-BfS_2021-2024.nc,Tair,0.0,23.6,ERA-Interim,medium
met_insituHT_ZA-BfS_2021-2024.nc,SWdown,0.0,22.6,ERA-Interim,medium
met_insituHT_ZA-BfS_2021-2024.nc,LWdown,0.0,31.9,ERA-Interim,heavy
met_insituHT_ZA-BfS_2021-2024.nc,VPD,0.0,37.1,ERA-Interim,heavy
met_insituHT_ZA-BfS_2021-2024.nc,PSurf,0.0,23.8,ERA-Interim,medium
met_insituHT_ZA-BfS_2021-2024.nc,Rainf,0.0,16.6,ERA-Interim,medium
met_insituHT_ZA-BfS_2021-2024.nc,Wind,0.0,22.9,ERA-Interim,medium
met_insituHT_ZA-BfS_2021-2024.nc,Qair,0.0,37.1,ERA-Interim,heavy
met_insituHT_ZA-BfS_2021-2024.nc,RH,0.0,35.8,ERA-Interim,heavy
met_insituHT_ZA-BfS_2021-2024.nc,CO2air,0.0,25.3,observed,heavy
met_insituHT_ZA-Jks_2024-2024.nc,Tair,0.0,0.3,observed,mild
met_insituHT_ZA-Jks_2024-2024.nc,SWdown,0.0,41.9,ERA-Interim,heavy
met_insituHT_ZA-Jks_2024-2024.nc,LWdown,0.0,41.5,ERA-Interim,heavy
met_insituHT_ZA-Jks_2024-2024.nc,VPD,0.0,4.8,observed,mild
met_insituHT_ZA-Jks_2024-2024.nc,PSurf,0.0,100.0,ERA-Interim,complete
met_insituHT_ZA-Jks_2024-2024.nc,Rainf,0.0,0.3,ERA-Interim,mild
met_insituHT_ZA-Jks_2024-2024.nc,Wind,0.0,0.3,ERA-Interim,mild
met_insituHT_ZA-Jks_2024-2024.nc,Qair,0.0,4.8,observed,mild
met_insituHT_ZA-Jks_2024-2024.nc,RH,0.0,4.3,ERA-Interim,mild
met_insituHT_ZA-Jks_2024-2024.nc,CO2air,0.0,59.6,observed,complete
met_insituHT_ZA-Spk_2024-2024.nc,Tair,0.0,2.0,ERA-Interim,mild
met_insituHT_ZA-Spk_2024-2024.nc,SWdown,0.0,2.4,ERA-Interim,mild
met_insituHT_ZA-Spk_2024-2024.nc,LWdown,0.0,3.2,ERA-Interim,mild
met_insituHT_ZA-Spk_2024-2024.nc,VPD,0.0,7.0,ERA-Interim,mild
met_insituHT_ZA-Spk_2024-2024.nc,PSurf,0.0,2.2,ERA-Interim,mild
met_insituHT_ZA-Spk_2024-2024.nc,Rainf,0.0,2.0,ERA-Interim,mild
met_insituHT_ZA-Spk_2024-2024.nc,Wind,0.0,2.5,ERA-Interim,mild
met_insituHT_ZA-Spk_2024-2024.nc,Qair,0.0,7.0,ERA-Interim,mild
met_insituHT_ZA-Spk_2024-2024.nc,RH,0.0,6.8,ERA-Interim,mild
met_insituHT_ZA-Spk_2024-2024.nc,CO2air,0.0,5.1,observed,mild
met_insituHT_ZA-Uby_2024-2024.nc,Tair,0.0,0.0,ERA-Interim,mild
met_insituHT_ZA-Uby_2024-2024.nc,SWdown,0.0,0.7,ERA-Interim,mild
met_insituHT_ZA-Uby_2024-2024.nc,LWdown,0.0,0.1,ERA-Interim,mild
met_insituHT_ZA-Uby_2024-2024.nc,VPD,0.0,9.8,ERA-Interim,mild
met_insituHT_ZA-Uby_2024-2024.nc,PSurf,0.0,0.1,ERA-Interim,mild
met_insituHT_ZA-Uby_2024-2024.nc,Rainf,0.0,0.0,ERA-Interim,mild
met_insituHT_ZA-Uby_2024-2024.nc,Wind,0.0,0.2,ERA-Interim,mild
met_insituHT_ZA-Uby_2024-2024.nc,Qair,0.0,9.8,ERA-Interim,mild
met_insituHT_ZA-Uby_2024-2024.nc,RH,0.0,8.2,ERA-Interim,mild
met_insituHT_ZA-Uby_2024-2024.nc,CO2air,0.0,9.6,observed,mild
met_insituHT_ZM-Mon_2008-2008.nc,Tair,0.0,0.0,ERA-Interim,mild
met_insituHT_ZM-Mon_2008-2008.nc,SWdown,0.0,0.7,ERA-Interim,mild
met_insituHT_ZM-Mon_2008-2008.nc,LWdown,0.0,0.0,ERA-Interim,mild
met_insituHT_ZM-Mon_2008-2008.nc,VPD,0.0,0.0,ERA-Interim,mild
met_insituHT_ZM-Mon_2008-2008.nc,PSurf,0.0,0.0,ERA-Interim,mild
met_insituHT_ZM-Mon_2008-2008.nc,Rainf,0.0,0.0,ERA-Interim,mild
met_insituHT_ZM-Mon_2008-2008.nc,Wind,0.0,6.1,ERA-Interim,mild
met_insituHT_ZM-Mon_2008-2008.nc,Qair,0.0,0.0,ERA-Interim,mild
met_insituHT_ZM-Mon_2008-2008.nc,RH,0.0,0.0,ERA-Interim,mild
met_insituHT_ZM-Mon_2008-2008.nc,CO2air,0.0,6.1,observed,mild
